vendor,vendor_country,vendor_domain,product_name,variant,category,net_weight_g,weight_source,weight_confidence,price,currency,price_per_kg,price_per_kg_cad,in_stock,collection_method,source_url,observed_at,note
Arctic Farms,US,arcticfarms.com,Freeze Dried Vegan Ice Cream Dessert - Vanilla,Small,ice_cream,57,shopify_shipping_weight,low,7.99,USD,140.18,192.04,yes,catalog_feed,https://arcticfarms.com/products/freeze-dried-vegan-ice-cream-dessert-vanilla,2026-08-05,
Arctic Farms,US,arcticfarms.com,Freeze Dried Vegan Ice Cream Dessert - Vanilla,Large,ice_cream,113,shopify_shipping_weight,low,17.99,USD,159.20,218.11,yes,catalog_feed,https://arcticfarms.com/products/freeze-dried-vegan-ice-cream-dessert-vanilla,2026-08-05,
Arctic Farms,US,arcticfarms.com,Freeze Dried Vegan Ice Cream Dessert - Vanilla,Extra Large,ice_cream,227,shopify_shipping_weight,low,39.99,USD,176.17,241.35,yes,catalog_feed,https://arcticfarms.com/products/freeze-dried-vegan-ice-cream-dessert-vanilla,2026-08-05,
Arctic Farms,US,arcticfarms.com,Freeze Dried Vegan Ice Cream Dessert - Vanilla,Bulk,ice_cream,57,shopify_shipping_weight,low,99.95,USD,,,yes,catalog_feed,https://arcticfarms.com/products/freeze-dried-vegan-ice-cream-dessert-vanilla,2026-08-05,implausible_from_shipping_weight(1754)
Arctic Farms,US,arcticfarms.com,Freeze Dried Premium Belgian Milk Chocolate,Small,candy,71,shopify_shipping_weight,low,5.99,USD,84.37,115.58,yes,catalog_feed,https://arcticfarms.com/products/freeze-dried-premium-belgian-milk-chocolate,2026-08-05,
Arctic Farms,US,arcticfarms.com,Freeze Dried Premium Belgian Milk Chocolate,Large,candy,142,shopify_shipping_weight,low,17.99,USD,126.69,173.57,yes,catalog_feed,https://arcticfarms.com/products/freeze-dried-premium-belgian-milk-chocolate,2026-08-05,
Arctic Farms,US,arcticfarms.com,Freeze Dried Premium Belgian Milk Chocolate,Extra Large,candy,425,shopify_shipping_weight,low,49.99,USD,117.62,161.14,yes,catalog_feed,https://arcticfarms.com/products/freeze-dried-premium-belgian-milk-chocolate,2026-08-05,
Arctic Farms,US,arcticfarms.com,Freeze Dried Premium Belgian Milk Chocolate,Bulk,candy,737,shopify_shipping_weight,low,99.99,USD,135.67,185.87,yes,catalog_feed,https://arcticfarms.com/products/freeze-dried-premium-belgian-milk-chocolate,2026-08-05,
Arctic Farms,US,arcticfarms.com,Freeze Dried Buzz Button Edible Flower,,other,,none,none,34.99,USD,,,yes,catalog_feed,https://arcticfarms.com/products/freeze-dried-buzz-button-flower,2026-08-05,
Arctic Farms,US,arcticfarms.com,Freeze Dried Yellow Watermelon,Small,fruit,,none,none,8.99,USD,,,yes,catalog_feed,https://arcticfarms.com/products/freeze-dried-yellow-watermelon,2026-08-05,
Arctic Farms,US,arcticfarms.com,Freeze Dried Yellow Watermelon,Large,fruit,122,shopify_shipping_weight,low,19.99,USD,163.85,224.48,yes,catalog_feed,https://arcticfarms.com/products/freeze-dried-yellow-watermelon,2026-08-05,
Arctic Farms,US,arcticfarms.com,Freeze Dried Yellow Watermelon,Bulk,fruit,170,shopify_shipping_weight,low,89.99,USD,,,no,catalog_feed,https://arcticfarms.com/products/freeze-dried-yellow-watermelon,2026-08-05,implausible_from_shipping_weight_cad(725)
Arctic Farms,US,arcticfarms.com,Freeze Dried Premium Belgian White Chocolate,Small,candy,71,shopify_shipping_weight,low,5.99,USD,84.37,115.58,yes,catalog_feed,https://arcticfarms.com/products/freeze-dried-premium-belgian-white-chocolate-1,2026-08-05,
Arctic Farms,US,arcticfarms.com,Freeze Dried Premium Belgian White Chocolate,Large,candy,142,shopify_shipping_weight,low,17.99,USD,126.69,173.57,yes,catalog_feed,https://arcticfarms.com/products/freeze-dried-premium-belgian-white-chocolate-1,2026-08-05,
Arctic Farms,US,arcticfarms.com,Freeze Dried Premium Belgian White Chocolate,Extra Large,candy,425,shopify_shipping_weight,low,49.99,USD,117.62,161.14,no,catalog_feed,https://arcticfarms.com/products/freeze-dried-premium-belgian-white-chocolate-1,2026-08-05,
Arctic Farms,US,arcticfarms.com,Freeze Dried Premium Belgian White Chocolate,Bulk,candy,737,shopify_shipping_weight,low,99.99,USD,135.67,185.87,no,catalog_feed,https://arcticfarms.com/products/freeze-dried-premium-belgian-white-chocolate-1,2026-08-05,
Arctic Farms,US,arcticfarms.com,Freeze‑Dried Protein Ice Cream (Zero Added Sugar) — Vanilla Chocolate Mix,Vanilla Chocolate Mix / Small,ice_cream,32,shopify_shipping_weight,low,8.99,USD,280.94,384.88,yes,catalog_feed,https://arcticfarms.com/products/protein-freeze-dried-ice-cream-zero-added-sugar-vanilla-chocolate-mix,2026-08-05,
Arctic Farms,US,arcticfarms.com,Freeze‑Dried Protein Ice Cream (Zero Added Sugar) — Vanilla Chocolate Mix,Vanilla Chocolate Mix / Large,ice_cream,77,shopify_shipping_weight,low,21.99,USD,285.58,391.25,yes,catalog_feed,https://arcticfarms.com/products/protein-freeze-dried-ice-cream-zero-added-sugar-vanilla-chocolate-mix,2026-08-05,
Arctic Farms,US,arcticfarms.com,Freeze‑Dried Protein Ice Cream (Zero Added Sugar) — Vanilla Chocolate Mix,Vanilla Chocolate Mix / Extra Large,ice_cream,227,shopify_shipping_weight,low,54.99,USD,242.25,331.88,yes,catalog_feed,https://arcticfarms.com/products/protein-freeze-dried-ice-cream-zero-added-sugar-vanilla-chocolate-mix,2026-08-05,
Arctic Farms,US,arcticfarms.com,Freeze‑Dried Protein Ice Cream (Zero Added Sugar) — Vanilla Chocolate Mix,Vanilla Chocolate Mix / Bulk,ice_cream,499,shopify_shipping_weight,low,119.99,USD,240.46,329.43,yes,catalog_feed,https://arcticfarms.com/products/protein-freeze-dried-ice-cream-zero-added-sugar-vanilla-chocolate-mix,2026-08-05,
Arctic Farms,US,arcticfarms.com,Freeze‑Dried Protein Ice Cream (Zero Added Sugar) — Neapolitan,Neapolitan / Small,ice_cream,32,shopify_shipping_weight,low,8.99,USD,280.94,384.88,yes,catalog_feed,https://arcticfarms.com/products/protein-freeze-dried-ice-cream-zero-added-sugar-neapolitan,2026-08-05,
Arctic Farms,US,arcticfarms.com,Freeze‑Dried Protein Ice Cream (Zero Added Sugar) — Neapolitan,Neapolitan / Large,ice_cream,77,shopify_shipping_weight,low,21.99,USD,285.58,391.25,yes,catalog_feed,https://arcticfarms.com/products/protein-freeze-dried-ice-cream-zero-added-sugar-neapolitan,2026-08-05,
Arctic Farms,US,arcticfarms.com,Freeze‑Dried Protein Ice Cream (Zero Added Sugar) — Neapolitan,Neapolitan / Extra Large,ice_cream,227,shopify_shipping_weight,low,54.99,USD,242.25,331.88,yes,catalog_feed,https://arcticfarms.com/products/protein-freeze-dried-ice-cream-zero-added-sugar-neapolitan,2026-08-05,
Arctic Farms,US,arcticfarms.com,Freeze‑Dried Protein Ice Cream (Zero Added Sugar) — Neapolitan,Neapolitan / Bulk,ice_cream,499,shopify_shipping_weight,low,119.99,USD,240.46,329.43,yes,catalog_feed,https://arcticfarms.com/products/protein-freeze-dried-ice-cream-zero-added-sugar-neapolitan,2026-08-05,
Arctic Farms,US,arcticfarms.com,Freeze‑Dried Protein Ice Cream (Zero Added Sugar) — Strawberry,Strawberry / Small,ice_cream,32,shopify_shipping_weight,low,8.99,USD,280.94,384.88,yes,catalog_feed,https://arcticfarms.com/products/protein-freeze-dried-ice-cream-zero-added-sugar-strawberry,2026-08-05,
Arctic Farms,US,arcticfarms.com,Freeze‑Dried Protein Ice Cream (Zero Added Sugar) — Strawberry,Strawberry / Large,ice_cream,77,shopify_shipping_weight,low,21.99,USD,285.58,391.25,yes,catalog_feed,https://arcticfarms.com/products/protein-freeze-dried-ice-cream-zero-added-sugar-strawberry,2026-08-05,
Arctic Farms,US,arcticfarms.com,Freeze‑Dried Protein Ice Cream (Zero Added Sugar) — Strawberry,Strawberry / Extra Large,ice_cream,227,shopify_shipping_weight,low,54.99,USD,242.25,331.88,yes,catalog_feed,https://arcticfarms.com/products/protein-freeze-dried-ice-cream-zero-added-sugar-strawberry,2026-08-05,
Arctic Farms,US,arcticfarms.com,Freeze‑Dried Protein Ice Cream (Zero Added Sugar) — Strawberry,Strawberry / Bulk,ice_cream,499,shopify_shipping_weight,low,119.99,USD,240.46,329.43,yes,catalog_feed,https://arcticfarms.com/products/protein-freeze-dried-ice-cream-zero-added-sugar-strawberry,2026-08-05,
Arctic Farms,US,arcticfarms.com,Freeze‑Dried Protein Ice Cream (Zero Added Sugar) — Vanilla,Vanilla / Small,ice_cream,32,shopify_shipping_weight,low,8.99,USD,280.94,384.88,yes,catalog_feed,https://arcticfarms.com/products/protein-freeze-dried-ice-cream-zero-added-sugar-vanilla,2026-08-05,
Arctic Farms,US,arcticfarms.com,Freeze‑Dried Protein Ice Cream (Zero Added Sugar) — Vanilla,Vanilla / Large,ice_cream,77,shopify_shipping_weight,low,21.99,USD,285.58,391.25,yes,catalog_feed,https://arcticfarms.com/products/protein-freeze-dried-ice-cream-zero-added-sugar-vanilla,2026-08-05,
Arctic Farms,US,arcticfarms.com,Freeze‑Dried Protein Ice Cream (Zero Added Sugar) — Vanilla,Vanilla / Extra Large,ice_cream,227,shopify_shipping_weight,low,54.99,USD,242.25,331.88,yes,catalog_feed,https://arcticfarms.com/products/protein-freeze-dried-ice-cream-zero-added-sugar-vanilla,2026-08-05,
Arctic Farms,US,arcticfarms.com,Freeze‑Dried Protein Ice Cream (Zero Added Sugar) — Vanilla,Vanilla / Bulk,ice_cream,499,shopify_shipping_weight,low,119.99,USD,240.46,329.43,yes,catalog_feed,https://arcticfarms.com/products/protein-freeze-dried-ice-cream-zero-added-sugar-vanilla,2026-08-05,
Arctic Farms,US,arcticfarms.com,Freeze‑Dried Protein Ice Cream (Zero Added Sugar) — Chocolate,Chocolate / Small,ice_cream,32,shopify_shipping_weight,low,8.99,USD,280.94,384.88,yes,catalog_feed,https://arcticfarms.com/products/protein-freeze-dried-ice-cream-zero-added-sugar-chocolate,2026-08-05,
Arctic Farms,US,arcticfarms.com,Freeze‑Dried Protein Ice Cream (Zero Added Sugar) — Chocolate,Chocolate / Large,ice_cream,77,shopify_shipping_weight,low,21.99,USD,285.58,391.25,yes,catalog_feed,https://arcticfarms.com/products/protein-freeze-dried-ice-cream-zero-added-sugar-chocolate,2026-08-05,
Arctic Farms,US,arcticfarms.com,Freeze‑Dried Protein Ice Cream (Zero Added Sugar) — Chocolate,Chocolate / Extra Large,ice_cream,227,shopify_shipping_weight,low,54.99,USD,242.25,331.88,yes,catalog_feed,https://arcticfarms.com/products/protein-freeze-dried-ice-cream-zero-added-sugar-chocolate,2026-08-05,
Arctic Farms,US,arcticfarms.com,Freeze‑Dried Protein Ice Cream (Zero Added Sugar) — Chocolate,Chocolate / Bulk,ice_cream,499,shopify_shipping_weight,low,119.99,USD,240.46,329.43,yes,catalog_feed,https://arcticfarms.com/products/protein-freeze-dried-ice-cream-zero-added-sugar-chocolate,2026-08-05,
Arctic Farms,US,arcticfarms.com,Freeze Dried Red Kiwi,Small,fruit,,none,none,9.99,USD,,,yes,catalog_feed,https://arcticfarms.com/products/freeze-dried-red-kiwi,2026-08-05,
Arctic Farms,US,arcticfarms.com,Freeze Dried Red Kiwi,Large,fruit,57,shopify_shipping_weight,low,19.99,USD,350.70,480.46,yes,catalog_feed,https://arcticfarms.com/products/freeze-dried-red-kiwi,2026-08-05,
Arctic Farms,US,arcticfarms.com,Freeze Dried Red Kiwi,Bulk,fruit,340,shopify_shipping_weight,low,99.99,USD,294.09,402.90,yes,catalog_feed,https://arcticfarms.com/products/freeze-dried-red-kiwi,2026-08-05,
Arctic Farms,US,arcticfarms.com,Freeze Dried Pickle Lovers Collection Bundle (6 Large Bags),,vegetable,,none,none,79.95,USD,,,yes,catalog_feed,https://arcticfarms.com/products/freeze-dried-pickle-lovers-collection-bundle-6-large-bags,2026-08-05,
Arctic Farms,US,arcticfarms.com,Freeze Dried Pickle Lovers Collection Bundle (6 Small Bags),,vegetable,,none,none,52.95,USD,,,yes,catalog_feed,https://arcticfarms.com/products/freeze-dried-pickle-collection-bundle-6-small-bags,2026-08-05,
Arctic Farms,US,arcticfarms.com,Freeze Dried Garden Tropical Collection Bundle (7 Large Bags),,fruit,,none,none,104.95,USD,,,yes,catalog_feed,https://arcticfarms.com/products/freeze-dried-garden-tropical-collection-bundle-7-large-bags,2026-08-05,
Arctic Farms,US,arcticfarms.com,Freeze Dried Garden Tropical Collection Bundle (7 Small Bags),,fruit,,none,none,49.95,USD,,,yes,catalog_feed,https://arcticfarms.com/products/freeze-dried-garden-tropical-collection-bundle-7-small-bags,2026-08-05,
Arctic Farms,US,arcticfarms.com,Freeze Dried Garden Berries Collection Bundle (4 Large Bags),,fruit,,none,none,62.95,USD,,,yes,catalog_feed,https://arcticfarms.com/products/freeze-dried-garden-berries-collection-bundle-4-large-bags,2026-08-05,
Arctic Farms,US,arcticfarms.com,Freeze Dried Garden Berries Collection Bundle (4 Small Bags),,fruit,,none,none,27.99,USD,,,yes,catalog_feed,https://arcticfarms.com/products/freeze-dried-garden-berries-collection-bundle-4-small-bags,2026-08-05,
Arctic Farms,US,arcticfarms.com,Freeze Dried Ultimate Fruit Bundle (14 Small Bags),,fruit,,none,none,89.95,USD,,,yes,catalog_feed,https://arcticfarms.com/products/freeze-dried-ultimate-fruit-bundle-14-small-bags,2026-08-05,
Arctic Farms,US,arcticfarms.com,Holiday Crunch Fest Freeze Dried Candy & Ice Cream Bundle,,ice_cream,635,shopify_shipping_weight,low,59.99,USD,94.47,129.43,yes,catalog_feed,https://arcticfarms.com/products/holiday-crunch-fest-bundle-candies,2026-08-05,
Arctic Farms,US,arcticfarms.com,Freeze Dried Sorbet - Organic Coconut,Small,ice_cream,57,shopify_shipping_weight,low,7.99,USD,140.18,192.04,yes,catalog_feed,https://arcticfarms.com/products/freeze-dried-sorbet-organic-coconut,2026-08-05,
Arctic Farms,US,arcticfarms.com,Freeze Dried Sorbet - Organic Coconut,Large,ice_cream,113,shopify_shipping_weight,low,17.99,USD,159.20,218.11,yes,catalog_feed,https://arcticfarms.com/products/freeze-dried-sorbet-organic-coconut,2026-08-05,
Arctic Farms,US,arcticfarms.com,Freeze Dried Sorbet - Organic Coconut,Extra Large,ice_cream,227,shopify_shipping_weight,low,39.99,USD,176.17,241.35,yes,catalog_feed,https://arcticfarms.com/products/freeze-dried-sorbet-organic-coconut,2026-08-05,
Arctic Farms,US,arcticfarms.com,Freeze Dried Sorbet - Organic Coconut,Bulk,ice_cream,57,shopify_shipping_weight,low,99.95,USD,,,yes,catalog_feed,https://arcticfarms.com/products/freeze-dried-sorbet-organic-coconut,2026-08-05,implausible_from_shipping_weight(1754)
Arctic Farms,US,arcticfarms.com,Freeze Dried Gelato - Mint Chocolate Chip,Small,ice_cream,57,shopify_shipping_weight,low,7.99,USD,140.18,192.04,yes,catalog_feed,https://arcticfarms.com/products/freeze-dried-gelato-mint-chocolate-chip,2026-08-05,
Arctic Farms,US,arcticfarms.com,Freeze Dried Gelato - Mint Chocolate Chip,Large,ice_cream,113,shopify_shipping_weight,low,17.99,USD,159.20,218.11,yes,catalog_feed,https://arcticfarms.com/products/freeze-dried-gelato-mint-chocolate-chip,2026-08-05,
Arctic Farms,US,arcticfarms.com,Freeze Dried Gelato - Mint Chocolate Chip,Extra Large,ice_cream,227,shopify_shipping_weight,low,44.99,USD,198.19,271.53,yes,catalog_feed,https://arcticfarms.com/products/freeze-dried-gelato-mint-chocolate-chip,2026-08-05,
Arctic Farms,US,arcticfarms.com,Freeze Dried Gelato - Mint Chocolate Chip,Bulk,ice_cream,57,shopify_shipping_weight,low,99.95,USD,,,yes,catalog_feed,https://arcticfarms.com/products/freeze-dried-gelato-mint-chocolate-chip,2026-08-05,implausible_from_shipping_weight(1754)
Arctic Farms,US,arcticfarms.com,Freeze Dried Gelato - Birthday Cake,Small,ice_cream,57,shopify_shipping_weight,low,7.99,USD,140.18,192.04,yes,catalog_feed,https://arcticfarms.com/products/freeze-dried-gelato-birthday-cake,2026-08-05,
Arctic Farms,US,arcticfarms.com,Freeze Dried Gelato - Birthday Cake,Large,ice_cream,113,shopify_shipping_weight,low,17.99,USD,159.20,218.11,yes,catalog_feed,https://arcticfarms.com/products/freeze-dried-gelato-birthday-cake,2026-08-05,
Arctic Farms,US,arcticfarms.com,Freeze Dried Gelato - Birthday Cake,Extra Large,ice_cream,227,shopify_shipping_weight,low,44.99,USD,198.19,271.53,yes,catalog_feed,https://arcticfarms.com/products/freeze-dried-gelato-birthday-cake,2026-08-05,
Arctic Farms,US,arcticfarms.com,Freeze Dried Gelato - Birthday Cake,Bulk,ice_cream,57,shopify_shipping_weight,low,99.95,USD,,,yes,catalog_feed,https://arcticfarms.com/products/freeze-dried-gelato-birthday-cake,2026-08-05,implausible_from_shipping_weight(1754)
Arctic Farms,US,arcticfarms.com,Freeze Dried Gelato - Italian Espresso,Small,ice_cream,57,shopify_shipping_weight,low,7.99,USD,140.18,192.04,yes,catalog_feed,https://arcticfarms.com/products/freeze-dried-gelato-italian-espresso,2026-08-05,
Arctic Farms,US,arcticfarms.com,Freeze Dried Gelato - Italian Espresso,Large,ice_cream,113,shopify_shipping_weight,low,17.99,USD,159.20,218.11,yes,catalog_feed,https://arcticfarms.com/products/freeze-dried-gelato-italian-espresso,2026-08-05,
Arctic Farms,US,arcticfarms.com,Freeze Dried Gelato - Italian Espresso,Extra Large,ice_cream,227,shopify_shipping_weight,low,44.99,USD,198.19,271.53,yes,catalog_feed,https://arcticfarms.com/products/freeze-dried-gelato-italian-espresso,2026-08-05,
Arctic Farms,US,arcticfarms.com,Freeze Dried Gelato - Italian Espresso,Bulk,ice_cream,57,shopify_shipping_weight,low,99.95,USD,,,yes,catalog_feed,https://arcticfarms.com/products/freeze-dried-gelato-italian-espresso,2026-08-05,implausible_from_shipping_weight(1754)
Arctic Farms,US,arcticfarms.com,Freeze Dried Gelato - Ube Purple Yam,Small,ice_cream,57,shopify_shipping_weight,low,7.99,USD,140.18,192.04,yes,catalog_feed,https://arcticfarms.com/products/freeze-dried-gelato-ube-purple-yam,2026-08-05,
Arctic Farms,US,arcticfarms.com,Freeze Dried Gelato - Ube Purple Yam,Large,ice_cream,113,shopify_shipping_weight,low,17.99,USD,159.20,218.11,yes,catalog_feed,https://arcticfarms.com/products/freeze-dried-gelato-ube-purple-yam,2026-08-05,
Arctic Farms,US,arcticfarms.com,Freeze Dried Gelato - Ube Purple Yam,Extra Large,ice_cream,227,shopify_shipping_weight,low,44.99,USD,198.19,271.53,yes,catalog_feed,https://arcticfarms.com/products/freeze-dried-gelato-ube-purple-yam,2026-08-05,
Arctic Farms,US,arcticfarms.com,Freeze Dried Gelato - Ube Purple Yam,Bulk,ice_cream,57,shopify_shipping_weight,low,99.95,USD,,,yes,catalog_feed,https://arcticfarms.com/products/freeze-dried-gelato-ube-purple-yam,2026-08-05,implausible_from_shipping_weight(1754)
Arctic Farms,US,arcticfarms.com,Freeze Dried Marshmallow Spaghetti,Large,candy,71,shopify_shipping_weight,low,9.99,USD,140.70,192.76,yes,catalog_feed,https://arcticfarms.com/products/freeze-dried-marshmallow-spaghetti,2026-08-05,
Arctic Farms,US,arcticfarms.com,Freeze Dried Marshmallow Spaghetti,Extra Large,candy,128,shopify_shipping_weight,low,17.99,USD,140.55,192.55,yes,catalog_feed,https://arcticfarms.com/products/freeze-dried-marshmallow-spaghetti,2026-08-05,
Arctic Farms,US,arcticfarms.com,Freeze Dried Marshmallow Spaghetti,Bulk,candy,198,shopify_shipping_weight,low,29.99,USD,151.46,207.51,yes,catalog_feed,https://arcticfarms.com/products/freeze-dried-marshmallow-spaghetti,2026-08-05,
Arctic Farms,US,arcticfarms.com,Freeze Dried Marshmallow Charms,Small,candy,43,shopify_shipping_weight,low,4.99,USD,116.05,158.98,yes,catalog_feed,https://arcticfarms.com/products/freeze-dried-marshmallow-charms,2026-08-05,
Arctic Farms,US,arcticfarms.com,Freeze Dried Marshmallow Charms,Large,candy,71,shopify_shipping_weight,low,9.99,USD,140.70,192.76,yes,catalog_feed,https://arcticfarms.com/products/freeze-dried-marshmallow-charms,2026-08-05,
Arctic Farms,US,arcticfarms.com,Freeze Dried Marshmallow Charms,Extra Large,candy,128,shopify_shipping_weight,low,17.99,USD,140.55,192.55,yes,catalog_feed,https://arcticfarms.com/products/freeze-dried-marshmallow-charms,2026-08-05,
Arctic Farms,US,arcticfarms.com,Freeze Dried Marshmallow Charms,Bulk,candy,198,shopify_shipping_weight,low,29.99,USD,151.46,207.51,yes,catalog_feed,https://arcticfarms.com/products/freeze-dried-marshmallow-charms,2026-08-05,
Arctic Farms,US,arcticfarms.com,Freeze Dried Fruity-Fun Marshmallow,Small,candy,43,shopify_shipping_weight,low,4.99,USD,116.05,158.98,yes,catalog_feed,https://arcticfarms.com/products/freeze-dried-fruity-marshmallow,2026-08-05,
Arctic Farms,US,arcticfarms.com,Freeze Dried Fruity-Fun Marshmallow,Large,candy,71,shopify_shipping_weight,low,9.99,USD,140.70,192.76,yes,catalog_feed,https://arcticfarms.com/products/freeze-dried-fruity-marshmallow,2026-08-05,
Arctic Farms,US,arcticfarms.com,Freeze Dried Fruity-Fun Marshmallow,Extra Large,candy,128,shopify_shipping_weight,low,17.99,USD,140.55,192.55,yes,catalog_feed,https://arcticfarms.com/products/freeze-dried-fruity-marshmallow,2026-08-05,
Arctic Farms,US,arcticfarms.com,Freeze Dried Fruity-Fun Marshmallow,Bulk,candy,198,shopify_shipping_weight,low,29.99,USD,151.46,207.51,yes,catalog_feed,https://arcticfarms.com/products/freeze-dried-fruity-marshmallow,2026-08-05,
Arctic Farms,US,arcticfarms.com,Freeze Dried Milk Chocolate,Small,candy,71,shopify_shipping_weight,low,5.99,USD,84.37,115.58,yes,catalog_feed,https://arcticfarms.com/products/freeze-dried-milk-chocolate,2026-08-05,
Arctic Farms,US,arcticfarms.com,Freeze Dried Milk Chocolate,Large,candy,142,shopify_shipping_weight,low,17.99,USD,126.69,173.57,yes,catalog_feed,https://arcticfarms.com/products/freeze-dried-milk-chocolate,2026-08-05,
Arctic Farms,US,arcticfarms.com,Freeze Dried Milk Chocolate,Extra Large,candy,425,shopify_shipping_weight,low,49.99,USD,117.62,161.14,yes,catalog_feed,https://arcticfarms.com/products/freeze-dried-milk-chocolate,2026-08-05,
Arctic Farms,US,arcticfarms.com,Freeze Dried Milk Chocolate,Bulk,candy,737,shopify_shipping_weight,low,99.99,USD,135.67,185.87,yes,catalog_feed,https://arcticfarms.com/products/freeze-dried-milk-chocolate,2026-08-05,
Arctic Farms,US,arcticfarms.com,Freeze Dried Semi-Sweet Chocolate,Small,candy,71,shopify_shipping_weight,low,5.99,USD,84.37,115.58,yes,catalog_feed,https://arcticfarms.com/products/freeze-dried-semi-sweet-chocolate,2026-08-05,
Arctic Farms,US,arcticfarms.com,Freeze Dried Semi-Sweet Chocolate,Large,candy,142,shopify_shipping_weight,low,17.99,USD,126.69,173.57,yes,catalog_feed,https://arcticfarms.com/products/freeze-dried-semi-sweet-chocolate,2026-08-05,
Arctic Farms,US,arcticfarms.com,Freeze Dried Semi-Sweet Chocolate,Extra Large,candy,425,shopify_shipping_weight,low,49.99,USD,117.62,161.14,yes,catalog_feed,https://arcticfarms.com/products/freeze-dried-semi-sweet-chocolate,2026-08-05,
Arctic Farms,US,arcticfarms.com,Freeze Dried Semi-Sweet Chocolate,Bulk,candy,737,shopify_shipping_weight,low,99.99,USD,135.67,185.87,yes,catalog_feed,https://arcticfarms.com/products/freeze-dried-semi-sweet-chocolate,2026-08-05,
Arctic Farms,US,arcticfarms.com,Freeze Dried Premium Organic Semi-Sweet Chocolate,Small,candy,71,shopify_shipping_weight,low,5.99,USD,84.37,115.58,yes,catalog_feed,https://arcticfarms.com/products/freeze-dried-premium-organic-semi-sweet-chocolate,2026-08-05,
Arctic Farms,US,arcticfarms.com,Freeze Dried Premium Organic Semi-Sweet Chocolate,Large,candy,142,shopify_shipping_weight,low,17.99,USD,126.69,173.57,yes,catalog_feed,https://arcticfarms.com/products/freeze-dried-premium-organic-semi-sweet-chocolate,2026-08-05,
Arctic Farms,US,arcticfarms.com,Freeze Dried Premium Organic Semi-Sweet Chocolate,Extra Large,candy,425,shopify_shipping_weight,low,49.99,USD,117.62,161.14,yes,catalog_feed,https://arcticfarms.com/products/freeze-dried-premium-organic-semi-sweet-chocolate,2026-08-05,
Arctic Farms,US,arcticfarms.com,Freeze Dried Premium Organic Semi-Sweet Chocolate,Bulk,candy,737,shopify_shipping_weight,low,99.99,USD,135.67,185.87,yes,catalog_feed,https://arcticfarms.com/products/freeze-dried-premium-organic-semi-sweet-chocolate,2026-08-05,
Arctic Farms,US,arcticfarms.com,Freeze Dried Premium Organic Dark Chocolate,Small,candy,71,shopify_shipping_weight,low,5.99,USD,84.37,115.58,yes,catalog_feed,https://arcticfarms.com/products/freeze-dried-premium-organic-dark-chocolate,2026-08-05,
Arctic Farms,US,arcticfarms.com,Freeze Dried Premium Organic Dark Chocolate,Large,candy,142,shopify_shipping_weight,low,17.99,USD,126.69,173.57,yes,catalog_feed,https://arcticfarms.com/products/freeze-dried-premium-organic-dark-chocolate,2026-08-05,
Arctic Farms,US,arcticfarms.com,Freeze Dried Premium Organic Dark Chocolate,Extra Large,candy,425,shopify_shipping_weight,low,49.99,USD,117.62,161.14,yes,catalog_feed,https://arcticfarms.com/products/freeze-dried-premium-organic-dark-chocolate,2026-08-05,
Arctic Farms,US,arcticfarms.com,Freeze Dried Premium Organic Dark Chocolate,Bulk,candy,737,shopify_shipping_weight,low,99.99,USD,135.67,185.87,yes,catalog_feed,https://arcticfarms.com/products/freeze-dried-premium-organic-dark-chocolate,2026-08-05,
Arctic Farms,US,arcticfarms.com,Freeze Dried Marshmallow Bunnies,Large,candy,71,shopify_shipping_weight,low,9.99,USD,140.70,192.76,no,catalog_feed,https://arcticfarms.com/products/freeze-dried-marshmallow-bunnies,2026-08-05,
Arctic Farms,US,arcticfarms.com,Freeze Dried Marshmallow Bunnies,Extra Large,candy,128,shopify_shipping_weight,low,17.99,USD,140.55,192.55,no,catalog_feed,https://arcticfarms.com/products/freeze-dried-marshmallow-bunnies,2026-08-05,
Arctic Farms,US,arcticfarms.com,Freeze Dried Marshmallow Bunnies,Bulk,candy,198,shopify_shipping_weight,low,29.99,USD,151.46,207.51,no,catalog_feed,https://arcticfarms.com/products/freeze-dried-marshmallow-bunnies,2026-08-05,
Arctic Farms,US,arcticfarms.com,Freeze Dried Mandarinquats,Small,fruit,43,shopify_shipping_weight,low,9.99,USD,232.33,318.29,yes,catalog_feed,https://arcticfarms.com/products/freeze-dried-mandarinquats,2026-08-05,
Arctic Farms,US,arcticfarms.com,Freeze Dried Mandarinquats,Large,fruit,51,shopify_shipping_weight,low,19.99,USD,391.96,536.99,yes,catalog_feed,https://arcticfarms.com/products/freeze-dried-mandarinquats,2026-08-05,
Arctic Farms,US,arcticfarms.com,Freeze Dried Mandarinquats,Bulk,fruit,369,shopify_shipping_weight,low,129.99,USD,352.28,482.62,no,catalog_feed,https://arcticfarms.com/products/freeze-dried-mandarinquats,2026-08-05,
Arctic Farms,US,arcticfarms.com,Freeze Dried Limequats,Small,fruit,43,shopify_shipping_weight,low,7.99,USD,185.81,254.57,yes,catalog_feed,https://arcticfarms.com/products/freeze-dried-limequats,2026-08-05,
Arctic Farms,US,arcticfarms.com,Freeze Dried Limequats,Large,fruit,51,shopify_shipping_weight,low,17.99,USD,352.75,483.26,yes,catalog_feed,https://arcticfarms.com/products/freeze-dried-limequats,2026-08-05,
Arctic Farms,US,arcticfarms.com,Freeze Dried Limequats,Bulk,fruit,369,shopify_shipping_weight,low,99.99,USD,270.98,371.24,no,catalog_feed,https://arcticfarms.com/products/freeze-dried-limequats,2026-08-05,
Arctic Farms,US,arcticfarms.com,Freeze Dried Etrog Slices,Small,fruit,43,shopify_shipping_weight,low,7.99,USD,185.81,254.57,yes,catalog_feed,https://arcticfarms.com/products/freeze-dried-etrog-slices,2026-08-05,
Arctic Farms,US,arcticfarms.com,Freeze Dried Etrog Slices,Large,fruit,51,shopify_shipping_weight,low,17.99,USD,352.75,483.26,yes,catalog_feed,https://arcticfarms.com/products/freeze-dried-etrog-slices,2026-08-05,
Arctic Farms,US,arcticfarms.com,Freeze Dried Etrog Slices,Bulk,fruit,369,shopify_shipping_weight,low,99.99,USD,270.98,371.24,no,catalog_feed,https://arcticfarms.com/products/freeze-dried-etrog-slices,2026-08-05,
Arctic Farms,US,arcticfarms.com,Freeze Dried Gelato - Pure Sicilian Pistachio,Small,ice_cream,57,shopify_shipping_weight,low,7.99,USD,140.18,192.04,yes,catalog_feed,https://arcticfarms.com/products/freeze-dried-gelato-sicilian-pistachio,2026-08-05,
Arctic Farms,US,arcticfarms.com,Freeze Dried Gelato - Pure Sicilian Pistachio,Large,ice_cream,113,shopify_shipping_weight,low,17.99,USD,159.20,218.11,yes,catalog_feed,https://arcticfarms.com/products/freeze-dried-gelato-sicilian-pistachio,2026-08-05,
Arctic Farms,US,arcticfarms.com,Freeze Dried Gelato - Pure Sicilian Pistachio,Extra Large,ice_cream,227,shopify_shipping_weight,low,44.99,USD,198.19,271.53,yes,catalog_feed,https://arcticfarms.com/products/freeze-dried-gelato-sicilian-pistachio,2026-08-05,
Arctic Farms,US,arcticfarms.com,Freeze Dried Gelato - Pure Sicilian Pistachio,Bulk,ice_cream,57,shopify_shipping_weight,low,99.95,USD,,,yes,catalog_feed,https://arcticfarms.com/products/freeze-dried-gelato-sicilian-pistachio,2026-08-05,implausible_from_shipping_weight(1754)
Arctic Farms,US,arcticfarms.com,Freeze Dried Gelato - Green Tea,Small,ice_cream,57,shopify_shipping_weight,low,7.99,USD,140.18,192.04,yes,catalog_feed,https://arcticfarms.com/products/freeze-dried-gelato-green-tea,2026-08-05,
Arctic Farms,US,arcticfarms.com,Freeze Dried Gelato - Green Tea,Large,ice_cream,113,shopify_shipping_weight,low,17.99,USD,159.20,218.11,yes,catalog_feed,https://arcticfarms.com/products/freeze-dried-gelato-green-tea,2026-08-05,
Arctic Farms,US,arcticfarms.com,Freeze Dried Gelato - Green Tea,Extra Large,ice_cream,227,shopify_shipping_weight,low,44.99,USD,198.19,271.53,yes,catalog_feed,https://arcticfarms.com/products/freeze-dried-gelato-green-tea,2026-08-05,
Arctic Farms,US,arcticfarms.com,Freeze Dried Gelato - Green Tea,Bulk,ice_cream,57,shopify_shipping_weight,low,99.95,USD,,,yes,catalog_feed,https://arcticfarms.com/products/freeze-dried-gelato-green-tea,2026-08-05,implausible_from_shipping_weight(1754)
Arctic Farms,US,arcticfarms.com,Freeze Dried Radish Chips,Small,vegetable,71,shopify_shipping_weight,low,5.99,USD,84.37,115.58,yes,catalog_feed,https://arcticfarms.com/products/freeze-dried-radish-chips,2026-08-05,
Arctic Farms,US,arcticfarms.com,Freeze Dried Radish Chips,Large,vegetable,71,shopify_shipping_weight,low,14.99,USD,211.13,289.24,yes,catalog_feed,https://arcticfarms.com/products/freeze-dried-radish-chips,2026-08-05,
Arctic Farms,US,arcticfarms.com,Freeze Dried Radish Chips,Bulk,vegetable,227,shopify_shipping_weight,low,44.99,USD,198.19,271.53,yes,catalog_feed,https://arcticfarms.com/products/freeze-dried-radish-chips,2026-08-05,
Arctic Farms,US,arcticfarms.com,Freeze Dried Mandarin Slices,Small,fruit,43,shopify_shipping_weight,low,6.99,USD,162.56,222.70,yes,catalog_feed,https://arcticfarms.com/products/freeze-dried-mandarin-slices,2026-08-05,
Arctic Farms,US,arcticfarms.com,Freeze Dried Mandarin Slices,Large,fruit,51,shopify_shipping_weight,low,14.99,USD,293.92,402.67,yes,catalog_feed,https://arcticfarms.com/products/freeze-dried-mandarin-slices,2026-08-05,
Arctic Farms,US,arcticfarms.com,Freeze Dried Mandarin Slices,Bulk,fruit,369,shopify_shipping_weight,low,79.99,USD,216.78,296.98,yes,catalog_feed,https://arcticfarms.com/products/freeze-dried-mandarin-slices,2026-08-05,
Arctic Farms,US,arcticfarms.com,Freeze Dried Pink Lemon Slices,Small,fruit,,none,none,6.99,USD,,,yes,catalog_feed,https://arcticfarms.com/products/freeze-dried-pink-lemon-slices,2026-08-05,
Arctic Farms,US,arcticfarms.com,Freeze Dried Pink Lemon Slices,Large,fruit,26,shopify_shipping_weight,low,12.99,USD,,,yes,catalog_feed,https://arcticfarms.com/products/freeze-dried-pink-lemon-slices,2026-08-05,implausible_from_shipping_weight_cad(684)
Arctic Farms,US,arcticfarms.com,Freeze Dried Pink Lemon Slices,Bulk,fruit,170,shopify_shipping_weight,low,64.95,USD,382.06,523.42,yes,catalog_feed,https://arcticfarms.com/products/freeze-dried-pink-lemon-slices,2026-08-05,
Arctic Farms,US,arcticfarms.com,PREMIUM Freeze Dried Ice Cream * Only 5 Ingredients * Vanilla Chocolate,Vanilla Chocolate / Small,ice_cream,32,shopify_shipping_weight,low,7.99,USD,249.69,342.07,yes,catalog_feed,https://arcticfarms.com/products/premium-freeze-dried-ice-cream-only-5-ingredients-vanilla-chocolate,2026-08-05,
Arctic Farms,US,arcticfarms.com,PREMIUM Freeze Dried Ice Cream * Only 5 Ingredients * Vanilla Chocolate,Vanilla Chocolate / Large,ice_cream,77,shopify_shipping_weight,low,17.99,USD,233.64,320.08,yes,catalog_feed,https://arcticfarms.com/products/premium-freeze-dried-ice-cream-only-5-ingredients-vanilla-chocolate,2026-08-05,
Arctic Farms,US,arcticfarms.com,PREMIUM Freeze Dried Ice Cream * Only 5 Ingredients * Vanilla Chocolate,Vanilla Chocolate / Extra Large,ice_cream,227,shopify_shipping_weight,low,44.95,USD,198.02,271.28,yes,catalog_feed,https://arcticfarms.com/products/premium-freeze-dried-ice-cream-only-5-ingredients-vanilla-chocolate,2026-08-05,
Arctic Farms,US,arcticfarms.com,PREMIUM Freeze Dried Ice Cream * Only 5 Ingredients * Vanilla Chocolate,Vanilla Chocolate / Bulk,ice_cream,499,shopify_shipping_weight,low,99.99,USD,200.38,274.52,yes,catalog_feed,https://arcticfarms.com/products/premium-freeze-dried-ice-cream-only-5-ingredients-vanilla-chocolate,2026-08-05,
Arctic Farms,US,arcticfarms.com,PREMIUM Freeze Dried Ice Cream * Only 5 Ingredients * Strawberry,Strawberry / Small,ice_cream,32,shopify_shipping_weight,low,7.99,USD,249.69,342.07,yes,catalog_feed,https://arcticfarms.com/products/premium-freeze-dried-ice-cream-only-5-ingredients-strawberry,2026-08-05,
Arctic Farms,US,arcticfarms.com,PREMIUM Freeze Dried Ice Cream * Only 5 Ingredients * Strawberry,Strawberry / Large,ice_cream,77,shopify_shipping_weight,low,17.99,USD,233.64,320.08,yes,catalog_feed,https://arcticfarms.com/products/premium-freeze-dried-ice-cream-only-5-ingredients-strawberry,2026-08-05,
Arctic Farms,US,arcticfarms.com,PREMIUM Freeze Dried Ice Cream * Only 5 Ingredients * Strawberry,Strawberry / Extra Large,ice_cream,227,shopify_shipping_weight,low,44.95,USD,198.02,271.28,yes,catalog_feed,https://arcticfarms.com/products/premium-freeze-dried-ice-cream-only-5-ingredients-strawberry,2026-08-05,
Arctic Farms,US,arcticfarms.com,PREMIUM Freeze Dried Ice Cream * Only 5 Ingredients * Strawberry,Strawberry / Bulk,ice_cream,499,shopify_shipping_weight,low,99.99,USD,200.38,274.52,yes,catalog_feed,https://arcticfarms.com/products/premium-freeze-dried-ice-cream-only-5-ingredients-strawberry,2026-08-05,
Arctic Farms,US,arcticfarms.com,PREMIUM Freeze Dried Ice Cream * Only 5 Ingredients * Vanilla,Vanilla / Small,ice_cream,32,shopify_shipping_weight,low,7.99,USD,249.69,342.07,yes,catalog_feed,https://arcticfarms.com/products/premium-freeze-dried-ice-cream-only-5-ingredients-vanilla,2026-08-05,
Arctic Farms,US,arcticfarms.com,PREMIUM Freeze Dried Ice Cream * Only 5 Ingredients * Vanilla,Vanilla / Large,ice_cream,77,shopify_shipping_weight,low,17.99,USD,233.64,320.08,yes,catalog_feed,https://arcticfarms.com/products/premium-freeze-dried-ice-cream-only-5-ingredients-vanilla,2026-08-05,
Arctic Farms,US,arcticfarms.com,PREMIUM Freeze Dried Ice Cream * Only 5 Ingredients * Vanilla,Vanilla / Extra Large,ice_cream,227,shopify_shipping_weight,low,44.95,USD,198.02,271.28,yes,catalog_feed,https://arcticfarms.com/products/premium-freeze-dried-ice-cream-only-5-ingredients-vanilla,2026-08-05,
Arctic Farms,US,arcticfarms.com,PREMIUM Freeze Dried Ice Cream * Only 5 Ingredients * Vanilla,Vanilla / Bulk,ice_cream,499,shopify_shipping_weight,low,99.99,USD,200.38,274.52,yes,catalog_feed,https://arcticfarms.com/products/premium-freeze-dried-ice-cream-only-5-ingredients-vanilla,2026-08-05,
Arctic Farms,US,arcticfarms.com,PREMIUM Freeze Dried Ice Cream * Only 5 Ingredients * Chocolate,Chocolate / Small,ice_cream,32,shopify_shipping_weight,low,7.99,USD,249.69,342.07,yes,catalog_feed,https://arcticfarms.com/products/premium-freeze-dried-ice-cream-only-5-ingredients-chocolate,2026-08-05,
Arctic Farms,US,arcticfarms.com,PREMIUM Freeze Dried Ice Cream * Only 5 Ingredients * Chocolate,Chocolate / Large,ice_cream,77,shopify_shipping_weight,low,17.99,USD,233.64,320.08,yes,catalog_feed,https://arcticfarms.com/products/premium-freeze-dried-ice-cream-only-5-ingredients-chocolate,2026-08-05,
Arctic Farms,US,arcticfarms.com,PREMIUM Freeze Dried Ice Cream * Only 5 Ingredients * Chocolate,Chocolate / Extra Large,ice_cream,499,shopify_shipping_weight,low,44.95,USD,90.08,123.41,yes,catalog_feed,https://arcticfarms.com/products/premium-freeze-dried-ice-cream-only-5-ingredients-chocolate,2026-08-05,
Arctic Farms,US,arcticfarms.com,PREMIUM Freeze Dried Ice Cream * Only 5 Ingredients * Chocolate,Chocolate / Bulk,ice_cream,499,shopify_shipping_weight,low,99.99,USD,200.38,274.52,yes,catalog_feed,https://arcticfarms.com/products/premium-freeze-dried-ice-cream-only-5-ingredients-chocolate,2026-08-05,
Arctic Farms,US,arcticfarms.com,PREMIUM Freeze Dried Ice Cream * Only 5 Ingredients * Coffee,Coffee / Small,ice_cream,32,shopify_shipping_weight,low,7.99,USD,249.69,342.07,yes,catalog_feed,https://arcticfarms.com/products/premium-freeze-dried-ice-cream-only-5-ingredients-coffee,2026-08-05,
Arctic Farms,US,arcticfarms.com,PREMIUM Freeze Dried Ice Cream * Only 5 Ingredients * Coffee,Coffee / Large,ice_cream,77,shopify_shipping_weight,low,17.99,USD,233.64,320.08,yes,catalog_feed,https://arcticfarms.com/products/premium-freeze-dried-ice-cream-only-5-ingredients-coffee,2026-08-05,
Arctic Farms,US,arcticfarms.com,PREMIUM Freeze Dried Ice Cream * Only 5 Ingredients * Coffee,Coffee / Extra Large,ice_cream,227,shopify_shipping_weight,low,44.95,USD,198.02,271.28,yes,catalog_feed,https://arcticfarms.com/products/premium-freeze-dried-ice-cream-only-5-ingredients-coffee,2026-08-05,
Arctic Farms,US,arcticfarms.com,PREMIUM Freeze Dried Ice Cream * Only 5 Ingredients * Coffee,Coffee / Bulk,ice_cream,499,shopify_shipping_weight,low,99.99,USD,200.38,274.52,yes,catalog_feed,https://arcticfarms.com/products/premium-freeze-dried-ice-cream-only-5-ingredients-coffee,2026-08-05,
Arctic Farms,US,arcticfarms.com,Freeze Dried Grapefruit Slices,Small,fruit,43,shopify_shipping_weight,low,6.99,USD,162.56,222.70,yes,catalog_feed,https://arcticfarms.com/products/freeze-dried-grapefruit-slices,2026-08-05,
Arctic Farms,US,arcticfarms.com,Freeze Dried Grapefruit Slices,Large,fruit,51,shopify_shipping_weight,low,14.99,USD,293.92,402.67,yes,catalog_feed,https://arcticfarms.com/products/freeze-dried-grapefruit-slices,2026-08-05,
Arctic Farms,US,arcticfarms.com,Freeze Dried Grapefruit Slices,Bulk,fruit,369,shopify_shipping_weight,low,79.99,USD,216.78,296.98,yes,catalog_feed,https://arcticfarms.com/products/freeze-dried-grapefruit-slices,2026-08-05,
Arctic Farms,US,arcticfarms.com,Freeze Dried Watermelon Radish Chips,Small,fruit,71,shopify_shipping_weight,low,5.99,USD,84.37,115.58,yes,catalog_feed,https://arcticfarms.com/products/freeze-dried-watermelon-radish-chips,2026-08-05,
Arctic Farms,US,arcticfarms.com,Freeze Dried Watermelon Radish Chips,Large,fruit,71,shopify_shipping_weight,low,14.99,USD,211.13,289.24,yes,catalog_feed,https://arcticfarms.com/products/freeze-dried-watermelon-radish-chips,2026-08-05,
Arctic Farms,US,arcticfarms.com,Freeze Dried Watermelon Radish Chips,Bulk,fruit,227,shopify_shipping_weight,low,44.99,USD,198.19,271.53,yes,catalog_feed,https://arcticfarms.com/products/freeze-dried-watermelon-radish-chips,2026-08-05,
Arctic Farms,US,arcticfarms.com,Freeze Dried Gelato - Stracciatella (Italian Chocolate Chip),Small,ice_cream,57,shopify_shipping_weight,low,7.99,USD,140.18,192.04,yes,catalog_feed,https://arcticfarms.com/products/freeze-dried-gelato-stracciatella-italian-chocolate-chip,2026-08-05,
Arctic Farms,US,arcticfarms.com,Freeze Dried Gelato - Stracciatella (Italian Chocolate Chip),Large,ice_cream,113,shopify_shipping_weight,low,17.99,USD,159.20,218.11,yes,catalog_feed,https://arcticfarms.com/products/freeze-dried-gelato-stracciatella-italian-chocolate-chip,2026-08-05,
Arctic Farms,US,arcticfarms.com,Freeze Dried Gelato - Stracciatella (Italian Chocolate Chip),Extra Large,ice_cream,227,shopify_shipping_weight,low,44.99,USD,198.19,271.53,yes,catalog_feed,https://arcticfarms.com/products/freeze-dried-gelato-stracciatella-italian-chocolate-chip,2026-08-05,
Arctic Farms,US,arcticfarms.com,Freeze Dried Gelato - Stracciatella (Italian Chocolate Chip),Bulk,ice_cream,510,shopify_shipping_weight,low,99.95,USD,195.98,268.49,yes,catalog_feed,https://arcticfarms.com/products/freeze-dried-gelato-stracciatella-italian-chocolate-chip,2026-08-05,
Arctic Farms,US,arcticfarms.com,Freeze Dried Gelato - Piemonte Hazelnut Chocolate Crunch,Small,ice_cream,57,shopify_shipping_weight,low,7.99,USD,140.18,192.04,yes,catalog_feed,https://arcticfarms.com/products/freeze-dried-gelato-piemonte-hazelnut-chocolate-crunch,2026-08-05,
Arctic Farms,US,arcticfarms.com,Freeze Dried Gelato - Piemonte Hazelnut Chocolate Crunch,Large,ice_cream,113,shopify_shipping_weight,low,17.99,USD,159.20,218.11,yes,catalog_feed,https://arcticfarms.com/products/freeze-dried-gelato-piemonte-hazelnut-chocolate-crunch,2026-08-05,
Arctic Farms,US,arcticfarms.com,Freeze Dried Gelato - Piemonte Hazelnut Chocolate Crunch,Extra Large,ice_cream,227,shopify_shipping_weight,low,44.99,USD,198.19,271.53,yes,catalog_feed,https://arcticfarms.com/products/freeze-dried-gelato-piemonte-hazelnut-chocolate-crunch,2026-08-05,
Arctic Farms,US,arcticfarms.com,Freeze Dried Gelato - Piemonte Hazelnut Chocolate Crunch,Bulk,ice_cream,510,shopify_shipping_weight,low,99.95,USD,195.98,268.49,yes,catalog_feed,https://arcticfarms.com/products/freeze-dried-gelato-piemonte-hazelnut-chocolate-crunch,2026-08-05,
Arctic Farms,US,arcticfarms.com,Freeze Dried Gelato - Coffee Chocolate Chip,Small,ice_cream,57,shopify_shipping_weight,low,7.99,USD,140.18,192.04,yes,catalog_feed,https://arcticfarms.com/products/freeze-dried-gelato-coffee-chocolate-chip,2026-08-05,
Arctic Farms,US,arcticfarms.com,Freeze Dried Gelato - Coffee Chocolate Chip,Large,ice_cream,113,shopify_shipping_weight,low,17.99,USD,159.20,218.11,yes,catalog_feed,https://arcticfarms.com/products/freeze-dried-gelato-coffee-chocolate-chip,2026-08-05,
Arctic Farms,US,arcticfarms.com,Freeze Dried Gelato - Coffee Chocolate Chip,Extra Large,ice_cream,227,shopify_shipping_weight,low,44.99,USD,198.19,271.53,yes,catalog_feed,https://arcticfarms.com/products/freeze-dried-gelato-coffee-chocolate-chip,2026-08-05,
Arctic Farms,US,arcticfarms.com,Freeze Dried Gelato - Coffee Chocolate Chip,Bulk,ice_cream,510,shopify_shipping_weight,low,99.95,USD,195.98,268.49,yes,catalog_feed,https://arcticfarms.com/products/freeze-dried-gelato-coffee-chocolate-chip,2026-08-05,
Arctic Farms,US,arcticfarms.com,Freeze Dried Candy Cane Beet Chips,Large,candy,71,shopify_shipping_weight,low,14.99,USD,211.13,289.24,yes,catalog_feed,https://arcticfarms.com/products/freeze-dried-candy-cane-beet-chips,2026-08-05,
Arctic Farms,US,arcticfarms.com,Freeze Dried Candy Cane Beet Chips,Bulk,candy,227,shopify_shipping_weight,low,44.99,USD,198.19,271.53,yes,catalog_feed,https://arcticfarms.com/products/freeze-dried-candy-cane-beet-chips,2026-08-05,
Arctic Farms,US,arcticfarms.com,Freeze Dried Organic Aronia Berries,Small,fruit,51,shopify_shipping_weight,low,9.99,USD,195.88,268.36,yes,catalog_feed,https://arcticfarms.com/products/freeze-dried-organic-aronia-berries,2026-08-05,
Arctic Farms,US,arcticfarms.com,Freeze Dried Organic Aronia Berries,Large,fruit,156,shopify_shipping_weight,low,29.99,USD,192.24,263.37,yes,catalog_feed,https://arcticfarms.com/products/freeze-dried-organic-aronia-berries,2026-08-05,
Arctic Farms,US,arcticfarms.com,Freeze Dried Organic Aronia Berries,Bulk,fruit,850,shopify_shipping_weight,low,149.99,USD,176.46,241.75,yes,catalog_feed,https://arcticfarms.com/products/freeze-dried-organic-aronia-berries,2026-08-05,
Arctic Farms,US,arcticfarms.com,Freeze Dried Wild Sea Buckthorn,Small,fruit,45,shopify_shipping_weight,low,7.99,USD,177.56,243.25,yes,catalog_feed,https://arcticfarms.com/products/freeze-dried-sea-buckthorn,2026-08-05,
Arctic Farms,US,arcticfarms.com,Freeze Dried Wild Sea Buckthorn,Large,fruit,113,shopify_shipping_weight,low,17.99,USD,159.20,218.11,yes,catalog_feed,https://arcticfarms.com/products/freeze-dried-sea-buckthorn,2026-08-05,
Arctic Farms,US,arcticfarms.com,Freeze Dried Wild Sea Buckthorn,Bulk,fruit,397,shopify_shipping_weight,low,99.99,USD,251.86,345.05,yes,catalog_feed,https://arcticfarms.com/products/freeze-dried-sea-buckthorn,2026-08-05,
Arctic Farms,US,arcticfarms.com,Freeze Dried Chocolate Éclair Desert Ice Cream Bar Bites,Small,ice_cream,57,shopify_shipping_weight,low,5.99,USD,105.09,143.97,yes,catalog_feed,https://arcticfarms.com/products/freeze-dried-chocolate-eclair-desert-ice-cream-bar-bites,2026-08-05,
Arctic Farms,US,arcticfarms.com,Freeze Dried Chocolate Éclair Desert Ice Cream Bar Bites,Large,ice_cream,113,shopify_shipping_weight,low,14.99,USD,132.65,181.74,yes,catalog_feed,https://arcticfarms.com/products/freeze-dried-chocolate-eclair-desert-ice-cream-bar-bites,2026-08-05,
Arctic Farms,US,arcticfarms.com,Freeze Dried Chocolate Éclair Desert Ice Cream Bar Bites,Extra Large,ice_cream,255,shopify_shipping_weight,low,34.95,USD,137.06,187.77,yes,catalog_feed,https://arcticfarms.com/products/freeze-dried-chocolate-eclair-desert-ice-cream-bar-bites,2026-08-05,
Arctic Farms,US,arcticfarms.com,Freeze Dried Chocolate Éclair Desert Ice Cream Bar Bites,Bulk,ice_cream,57,shopify_shipping_weight,low,69.99,USD,,,yes,catalog_feed,https://arcticfarms.com/products/freeze-dried-chocolate-eclair-desert-ice-cream-bar-bites,2026-08-05,implausible_from_shipping_weight(1228)
Arctic Farms,US,arcticfarms.com,Freeze Dried Cookies & Cream Desert Ice Cream Bar Bites,Small,ice_cream,57,shopify_shipping_weight,low,5.99,USD,105.09,143.97,yes,catalog_feed,https://arcticfarms.com/products/freeze-dried-cookies-cream-desert-ice-cream-bar-bites,2026-08-05,
Arctic Farms,US,arcticfarms.com,Freeze Dried Cookies & Cream Desert Ice Cream Bar Bites,Large,ice_cream,113,shopify_shipping_weight,low,14.99,USD,132.65,181.74,yes,catalog_feed,https://arcticfarms.com/products/freeze-dried-cookies-cream-desert-ice-cream-bar-bites,2026-08-05,
Arctic Farms,US,arcticfarms.com,Freeze Dried Cookies & Cream Desert Ice Cream Bar Bites,Extra Large,ice_cream,255,shopify_shipping_weight,low,34.95,USD,137.06,187.77,yes,catalog_feed,https://arcticfarms.com/products/freeze-dried-cookies-cream-desert-ice-cream-bar-bites,2026-08-05,
Arctic Farms,US,arcticfarms.com,Freeze Dried Cookies & Cream Desert Ice Cream Bar Bites,Bulk,ice_cream,57,shopify_shipping_weight,low,69.99,USD,,,yes,catalog_feed,https://arcticfarms.com/products/freeze-dried-cookies-cream-desert-ice-cream-bar-bites,2026-08-05,implausible_from_shipping_weight(1228)
Arctic Farms,US,arcticfarms.com,PREMIUM Freeze Dried Ice Cream * Only 5 Ingredients * Matcha Green Tea,Matcha Green Tea / Small,ice_cream,85,shopify_shipping_weight,low,7.99,USD,94.00,128.78,yes,catalog_feed,https://arcticfarms.com/products/premium-freeze-dried-ice-cream-only-5-ingredients-matcha-green-tea,2026-08-05,
Arctic Farms,US,arcticfarms.com,PREMIUM Freeze Dried Ice Cream * Only 5 Ingredients * Matcha Green Tea,Matcha Green Tea / Large,ice_cream,113,shopify_shipping_weight,low,17.99,USD,159.20,218.11,yes,catalog_feed,https://arcticfarms.com/products/premium-freeze-dried-ice-cream-only-5-ingredients-matcha-green-tea,2026-08-05,
Arctic Farms,US,arcticfarms.com,PREMIUM Freeze Dried Ice Cream * Only 5 Ingredients * Matcha Green Tea,Matcha Green Tea / Extra Large,ice_cream,255,shopify_shipping_weight,low,44.95,USD,176.27,241.50,yes,catalog_feed,https://arcticfarms.com/products/premium-freeze-dried-ice-cream-only-5-ingredients-matcha-green-tea,2026-08-05,
Arctic Farms,US,arcticfarms.com,PREMIUM Freeze Dried Ice Cream * Only 5 Ingredients * Matcha Green Tea,Matcha Green Tea / Bulk,ice_cream,539,shopify_shipping_weight,low,99.95,USD,185.44,254.05,yes,catalog_feed,https://arcticfarms.com/products/premium-freeze-dried-ice-cream-only-5-ingredients-matcha-green-tea,2026-08-05,
Arctic Farms,US,arcticfarms.com,Freeze Dried Marshmallow Chicks,Original / Large,candy,71,shopify_shipping_weight,low,9.99,USD,140.70,192.76,yes,catalog_feed,https://arcticfarms.com/products/freeze-dried-marshmallow-chicks,2026-08-05,
Arctic Farms,US,arcticfarms.com,Freeze Dried Marshmallow Chicks,Original / Extra Large,candy,128,shopify_shipping_weight,low,17.99,USD,140.55,192.55,yes,catalog_feed,https://arcticfarms.com/products/freeze-dried-marshmallow-chicks,2026-08-05,
Arctic Farms,US,arcticfarms.com,Freeze Dried Marshmallow Chicks,Original / Bulk,candy,198,shopify_shipping_weight,low,29.99,USD,151.46,207.51,yes,catalog_feed,https://arcticfarms.com/products/freeze-dried-marshmallow-chicks,2026-08-05,
Arctic Farms,US,arcticfarms.com,Freeze Dried Marshmallow Chicks,Cotton Candy / Large,candy,71,shopify_shipping_weight,low,9.99,USD,140.70,192.76,no,catalog_feed,https://arcticfarms.com/products/freeze-dried-marshmallow-chicks,2026-08-05,
Arctic Farms,US,arcticfarms.com,Freeze Dried Marshmallow Chicks,Cotton Candy / Extra Large,candy,128,shopify_shipping_weight,low,17.99,USD,140.55,192.55,no,catalog_feed,https://arcticfarms.com/products/freeze-dried-marshmallow-chicks,2026-08-05,
Arctic Farms,US,arcticfarms.com,Freeze Dried Marshmallow Chicks,Cotton Candy / Bulk,candy,198,shopify_shipping_weight,low,29.99,USD,151.46,207.51,no,catalog_feed,https://arcticfarms.com/products/freeze-dried-marshmallow-chicks,2026-08-05,
Arctic Farms,US,arcticfarms.com,Freeze Dried Marshmallow Chicks,Sour Watermelon / Large,candy,71,shopify_shipping_weight,low,9.99,USD,140.70,192.76,yes,catalog_feed,https://arcticfarms.com/products/freeze-dried-marshmallow-chicks,2026-08-05,
Arctic Farms,US,arcticfarms.com,Freeze Dried Marshmallow Chicks,Sour Watermelon / Extra Large,candy,128,shopify_shipping_weight,low,17.99,USD,140.55,192.55,yes,catalog_feed,https://arcticfarms.com/products/freeze-dried-marshmallow-chicks,2026-08-05,
Arctic Farms,US,arcticfarms.com,Freeze Dried Marshmallow Chicks,Sour Watermelon / Bulk,candy,198,shopify_shipping_weight,low,29.99,USD,151.46,207.51,yes,catalog_feed,https://arcticfarms.com/products/freeze-dried-marshmallow-chicks,2026-08-05,
Arctic Farms,US,arcticfarms.com,Freeze Dried Marshmallow Chicks,The Doc / Large,candy,71,shopify_shipping_weight,low,9.99,USD,140.70,192.76,yes,catalog_feed,https://arcticfarms.com/products/freeze-dried-marshmallow-chicks,2026-08-05,
Arctic Farms,US,arcticfarms.com,Freeze Dried Marshmallow Chicks,The Doc / Extra Large,candy,128,shopify_shipping_weight,low,17.99,USD,140.55,192.55,yes,catalog_feed,https://arcticfarms.com/products/freeze-dried-marshmallow-chicks,2026-08-05,
Arctic Farms,US,arcticfarms.com,Freeze Dried Marshmallow Chicks,The Doc / Bulk,candy,198,shopify_shipping_weight,low,29.99,USD,151.46,207.51,yes,catalog_feed,https://arcticfarms.com/products/freeze-dried-marshmallow-chicks,2026-08-05,
Arctic Farms,US,arcticfarms.com,Freeze Dried Gelato - Madagascar Vanilla Bean,Small,ice_cream,57,shopify_shipping_weight,low,7.99,USD,140.18,192.04,yes,catalog_feed,https://arcticfarms.com/products/freeze-dried-gelato-madagascar-vanilla-bean,2026-08-05,
Arctic Farms,US,arcticfarms.com,Freeze Dried Gelato - Madagascar Vanilla Bean,Large,ice_cream,113,shopify_shipping_weight,low,17.99,USD,159.20,218.11,yes,catalog_feed,https://arcticfarms.com/products/freeze-dried-gelato-madagascar-vanilla-bean,2026-08-05,
Arctic Farms,US,arcticfarms.com,Freeze Dried Gelato - Madagascar Vanilla Bean,Extra Large,ice_cream,227,shopify_shipping_weight,low,44.99,USD,198.19,271.53,yes,catalog_feed,https://arcticfarms.com/products/freeze-dried-gelato-madagascar-vanilla-bean,2026-08-05,
Arctic Farms,US,arcticfarms.com,Freeze Dried Gelato - Madagascar Vanilla Bean,Bulk,ice_cream,57,shopify_shipping_weight,low,99.95,USD,,,yes,catalog_feed,https://arcticfarms.com/products/freeze-dried-gelato-madagascar-vanilla-bean,2026-08-05,implausible_from_shipping_weight(1754)
Arctic Farms,US,arcticfarms.com,Freeze Dried Kumquat,Small,fruit,43,shopify_shipping_weight,low,6.99,USD,162.56,222.70,yes,catalog_feed,https://arcticfarms.com/products/freeze-dried-kumquat,2026-08-05,
Arctic Farms,US,arcticfarms.com,Freeze Dried Kumquat,Large,fruit,51,shopify_shipping_weight,low,14.99,USD,293.92,402.67,yes,catalog_feed,https://arcticfarms.com/products/freeze-dried-kumquat,2026-08-05,
Arctic Farms,US,arcticfarms.com,Freeze Dried Kumquat,Bulk,fruit,369,shopify_shipping_weight,low,79.99,USD,216.78,296.98,yes,catalog_feed,https://arcticfarms.com/products/freeze-dried-kumquat,2026-08-05,
Arctic Farms,US,arcticfarms.com,Freeze Dried Strawberry Shortcake Desert Ice Cream Bar Bites,Small,ice_cream,57,shopify_shipping_weight,low,5.99,USD,105.09,143.97,yes,catalog_feed,https://arcticfarms.com/products/freeze-dried-strawberry-shortcake-ice-cream-bar-bites,2026-08-05,
Arctic Farms,US,arcticfarms.com,Freeze Dried Strawberry Shortcake Desert Ice Cream Bar Bites,Large,ice_cream,113,shopify_shipping_weight,low,14.99,USD,132.65,181.74,yes,catalog_feed,https://arcticfarms.com/products/freeze-dried-strawberry-shortcake-ice-cream-bar-bites,2026-08-05,
Arctic Farms,US,arcticfarms.com,Freeze Dried Strawberry Shortcake Desert Ice Cream Bar Bites,Extra Large,ice_cream,255,shopify_shipping_weight,low,34.95,USD,137.06,187.77,yes,catalog_feed,https://arcticfarms.com/products/freeze-dried-strawberry-shortcake-ice-cream-bar-bites,2026-08-05,
Arctic Farms,US,arcticfarms.com,Freeze Dried Strawberry Shortcake Desert Ice Cream Bar Bites,Bulk,ice_cream,57,shopify_shipping_weight,low,69.99,USD,,,yes,catalog_feed,https://arcticfarms.com/products/freeze-dried-strawberry-shortcake-ice-cream-bar-bites,2026-08-05,implausible_from_shipping_weight(1228)
Arctic Farms,US,arcticfarms.com,Freeze Dried Red Rhubarb,Small,vegetable,,none,none,6.99,USD,,,yes,catalog_feed,https://arcticfarms.com/products/freeze-dried-red-rhubarb,2026-08-05,
Arctic Farms,US,arcticfarms.com,Freeze Dried Red Rhubarb,Large,vegetable,43,shopify_shipping_weight,low,14.99,USD,348.60,477.59,yes,catalog_feed,https://arcticfarms.com/products/freeze-dried-red-rhubarb,2026-08-05,
Arctic Farms,US,arcticfarms.com,Freeze Dried Red Rhubarb,Bulk,vegetable,198,shopify_shipping_weight,low,79.99,USD,403.99,553.47,yes,catalog_feed,https://arcticfarms.com/products/freeze-dried-red-rhubarb,2026-08-05,
Arctic Farms,US,arcticfarms.com,Freeze Dried White Asparagus,Small,vegetable,,none,none,6.99,USD,,,yes,catalog_feed,https://arcticfarms.com/products/freeze-dried-white-asparagus,2026-08-05,
Arctic Farms,US,arcticfarms.com,Freeze Dried White Asparagus,Large,vegetable,23,shopify_shipping_weight,low,14.99,USD,,,yes,catalog_feed,https://arcticfarms.com/products/freeze-dried-white-asparagus,2026-08-05,implausible_from_shipping_weight(652)
Arctic Farms,US,arcticfarms.com,Freeze Dried White Asparagus,Bulk,vegetable,198,shopify_shipping_weight,low,79.99,USD,403.99,553.47,yes,catalog_feed,https://arcticfarms.com/products/freeze-dried-white-asparagus,2026-08-05,
Arctic Farms,US,arcticfarms.com,Freeze Dried Cactus Fruit (Prickly Pear),Small,fruit,28,shopify_shipping_weight,low,7.99,USD,285.36,390.94,yes,catalog_feed,https://arcticfarms.com/products/freeze-dried-cactus-fruit-prickly-pear,2026-08-05,
Arctic Farms,US,arcticfarms.com,Freeze Dried Cactus Fruit (Prickly Pear),Large,fruit,85,shopify_shipping_weight,low,17.99,USD,211.65,289.96,yes,catalog_feed,https://arcticfarms.com/products/freeze-dried-cactus-fruit-prickly-pear,2026-08-05,
Arctic Farms,US,arcticfarms.com,Freeze Dried Cactus Fruit (Prickly Pear),Bulk,fruit,340,shopify_shipping_weight,low,99.99,USD,294.09,402.90,yes,catalog_feed,https://arcticfarms.com/products/freeze-dried-cactus-fruit-prickly-pear,2026-08-05,
Arctic Farms,US,arcticfarms.com,Freeze Dried Green Apple Powder,,fruit,145,shopify_shipping_weight,low,19.99,USD,137.86,188.87,yes,catalog_feed,https://arcticfarms.com/products/freeze-dried-green-apple-powder,2026-08-05,
Arctic Farms,US,arcticfarms.com,Freeze Dried Blood Peach Powder,,fruit,145,shopify_shipping_weight,low,19.99,USD,137.86,188.87,no,catalog_feed,https://arcticfarms.com/products/freeze-dried-blood-peach-powder,2026-08-05,
Arctic Farms,US,arcticfarms.com,Freeze Dried Avocado Slices,Small,fruit,28,shopify_shipping_weight,low,4.99,USD,178.21,244.15,yes,catalog_feed,https://arcticfarms.com/products/freeze-dried-avocado-slices,2026-08-05,
Arctic Farms,US,arcticfarms.com,Freeze Dried Avocado Slices,Large,fruit,85,shopify_shipping_weight,low,12.99,USD,152.82,209.37,yes,catalog_feed,https://arcticfarms.com/products/freeze-dried-avocado-slices,2026-08-05,
Arctic Farms,US,arcticfarms.com,Freeze Dried Avocado Slices,Bulk,fruit,340,shopify_shipping_weight,low,59.99,USD,176.44,241.72,yes,catalog_feed,https://arcticfarms.com/products/freeze-dried-avocado-slices,2026-08-05,
Arctic Farms,US,arcticfarms.com,Freeze Dried Natural Red Dragon Fruit Big Cubes,Small,fruit,28,shopify_shipping_weight,low,4.99,USD,178.21,244.15,yes,catalog_feed,https://arcticfarms.com/products/freeze-dried-natural-red-dragon-fruit,2026-08-05,
Arctic Farms,US,arcticfarms.com,Freeze Dried Natural Red Dragon Fruit Big Cubes,Large,fruit,85,shopify_shipping_weight,low,12.99,USD,152.82,209.37,yes,catalog_feed,https://arcticfarms.com/products/freeze-dried-natural-red-dragon-fruit,2026-08-05,
Arctic Farms,US,arcticfarms.com,Freeze Dried Natural Red Dragon Fruit Big Cubes,Bulk,fruit,340,shopify_shipping_weight,low,69.99,USD,205.85,282.02,yes,catalog_feed,https://arcticfarms.com/products/freeze-dried-natural-red-dragon-fruit,2026-08-05,
Arctic Farms,US,arcticfarms.com,Freeze Dried Tomato Powder,,vegetable,145,shopify_shipping_weight,low,19.99,USD,137.86,188.87,yes,catalog_feed,https://arcticfarms.com/products/freeze-dried-tomato-powder,2026-08-05,
Arctic Farms,US,arcticfarms.com,Freeze Dried Boysenberry Powder,,fruit,145,shopify_shipping_weight,low,19.99,USD,137.86,188.87,yes,catalog_feed,https://arcticfarms.com/products/freeze-dried-boysenberry-powder,2026-08-05,
Arctic Farms,US,arcticfarms.com,Freeze Dried Black Raspberry Powder,,fruit,187,shopify_shipping_weight,low,39.99,USD,213.85,292.97,yes,catalog_feed,https://arcticfarms.com/products/freeze-dried-black-raspberry-powder,2026-08-05,
Arctic Farms,US,arcticfarms.com,Freeze Dried Red Dragon Fruit Slices,Small,fruit,43,shopify_shipping_weight,low,11.99,USD,278.84,382.01,yes,catalog_feed,https://arcticfarms.com/products/freeze-dried-red-dragon-fruit-slices,2026-08-05,
Arctic Farms,US,arcticfarms.com,Freeze Dried Red Dragon Fruit Slices,Large,fruit,99,shopify_shipping_weight,low,23.99,USD,242.32,331.98,yes,catalog_feed,https://arcticfarms.com/products/freeze-dried-red-dragon-fruit-slices,2026-08-05,
Arctic Farms,US,arcticfarms.com,Freeze Dried Red Dragon Fruit Slices,Bulk,fruit,454,shopify_shipping_weight,low,149.99,USD,330.37,452.61,no,catalog_feed,https://arcticfarms.com/products/freeze-dried-red-dragon-fruit-slices,2026-08-05,
Arctic Farms,US,arcticfarms.com,Freeze Dried White Dragon Fruit Slices,Small,fruit,43,shopify_shipping_weight,low,7.99,USD,185.81,254.57,yes,catalog_feed,https://arcticfarms.com/products/freeze-dried-white-dragon-fruit-slices,2026-08-05,
Arctic Farms,US,arcticfarms.com,Freeze Dried White Dragon Fruit Slices,Large,fruit,99,shopify_shipping_weight,low,17.99,USD,181.72,248.95,yes,catalog_feed,https://arcticfarms.com/products/freeze-dried-white-dragon-fruit-slices,2026-08-05,
Arctic Farms,US,arcticfarms.com,Freeze Dried White Dragon Fruit Slices,Bulk,fruit,454,shopify_shipping_weight,low,84.99,USD,187.20,256.47,yes,catalog_feed,https://arcticfarms.com/products/freeze-dried-white-dragon-fruit-slices,2026-08-05,
Arctic Farms,US,arcticfarms.com,Freeze Dried Yellow Dragon Fruit Slices,Small,fruit,43,shopify_shipping_weight,low,7.99,USD,185.81,254.57,yes,catalog_feed,https://arcticfarms.com/products/freeze-dried-yellow-dragon-fruit,2026-08-05,
Arctic Farms,US,arcticfarms.com,Freeze Dried Yellow Dragon Fruit Slices,Large,fruit,99,shopify_shipping_weight,low,17.99,USD,181.72,248.95,yes,catalog_feed,https://arcticfarms.com/products/freeze-dried-yellow-dragon-fruit,2026-08-05,
Arctic Farms,US,arcticfarms.com,Freeze Dried Yellow Dragon Fruit Slices,Bulk,fruit,454,shopify_shipping_weight,low,84.99,USD,187.20,256.47,yes,catalog_feed,https://arcticfarms.com/products/freeze-dried-yellow-dragon-fruit,2026-08-05,
Arctic Farms,US,arcticfarms.com,Freeze Dried Baby Corn,Small,vegetable,62,shopify_shipping_weight,low,5.99,USD,96.61,132.36,yes,catalog_feed,https://arcticfarms.com/products/freeze-dried-baby-corn,2026-08-05,
Arctic Farms,US,arcticfarms.com,Freeze Dried Baby Corn,Large,vegetable,128,shopify_shipping_weight,low,14.99,USD,117.11,160.44,yes,catalog_feed,https://arcticfarms.com/products/freeze-dried-baby-corn,2026-08-05,
Arctic Farms,US,arcticfarms.com,Freeze Dried Baby Corn,Bulk,vegetable,283,shopify_shipping_weight,low,99.99,USD,353.32,484.05,yes,catalog_feed,https://arcticfarms.com/products/freeze-dried-baby-corn,2026-08-05,
Arctic Farms,US,arcticfarms.com,Freeze Dried Blood Orange Slices,Small,fruit,43,shopify_shipping_weight,low,6.99,USD,162.56,222.70,yes,catalog_feed,https://arcticfarms.com/products/freeze-dried-blood-orange-slices,2026-08-05,
Arctic Farms,US,arcticfarms.com,Freeze Dried Blood Orange Slices,Large,fruit,51,shopify_shipping_weight,low,17.99,USD,352.75,483.26,yes,catalog_feed,https://arcticfarms.com/products/freeze-dried-blood-orange-slices,2026-08-05,
Arctic Farms,US,arcticfarms.com,Freeze Dried Blood Orange Slices,Bulk,fruit,369,shopify_shipping_weight,low,99.99,USD,270.98,371.24,yes,catalog_feed,https://arcticfarms.com/products/freeze-dried-blood-orange-slices,2026-08-05,
Arctic Farms,US,arcticfarms.com,Freeze Dried Organic Honeyberry Powder,,fruit,187,shopify_shipping_weight,low,24.95,USD,133.42,182.79,yes,catalog_feed,https://arcticfarms.com/products/freeze-dried-organic-honeyberry-powder,2026-08-05,
Arctic Farms,US,arcticfarms.com,Freeze Dried Figs Powder,,powder,187,shopify_shipping_weight,low,19.99,USD,106.90,146.45,no,catalog_feed,https://arcticfarms.com/products/freeze-dried-figs-powder,2026-08-05,
Arctic Farms,US,arcticfarms.com,Freeze Dried Green Kiwi Powder,,fruit,187,shopify_shipping_weight,low,19.99,USD,106.90,146.45,yes,catalog_feed,https://arcticfarms.com/products/freeze-dried-green-kiwi-powder,2026-08-05,
Arctic Farms,US,arcticfarms.com,Freeze Dried Guava Powder,,powder,187,shopify_shipping_weight,low,19.99,USD,106.90,146.45,no,catalog_feed,https://arcticfarms.com/products/freeze-dried-guava-powder,2026-08-05,
Arctic Farms,US,arcticfarms.com,Freeze Dried Wild Blue Huckleberries,Small,fruit,45,shopify_shipping_weight,low,9.99,USD,222.00,304.14,yes,catalog_feed,https://arcticfarms.com/products/freeze-dried-wild-blue-huckleberries,2026-08-05,
Arctic Farms,US,arcticfarms.com,Freeze Dried Wild Blue Huckleberries,Large,fruit,85,shopify_shipping_weight,low,19.99,USD,235.18,322.19,yes,catalog_feed,https://arcticfarms.com/products/freeze-dried-wild-blue-huckleberries,2026-08-05,
Arctic Farms,US,arcticfarms.com,Freeze Dried Wild Blue Huckleberries,Bulk,fruit,397,shopify_shipping_weight,low,159.99,USD,403.00,552.11,yes,catalog_feed,https://arcticfarms.com/products/freeze-dried-wild-blue-huckleberries,2026-08-05,
Arctic Farms,US,arcticfarms.com,Freeze Dried Wild Bilberries,Small,fruit,45,shopify_shipping_weight,low,7.99,USD,177.56,243.25,yes,catalog_feed,https://arcticfarms.com/products/freeze-dried-wild-bilberries,2026-08-05,
Arctic Farms,US,arcticfarms.com,Freeze Dried Wild Bilberries,Large,fruit,163,shopify_shipping_weight,low,17.99,USD,110.37,151.20,yes,catalog_feed,https://arcticfarms.com/products/freeze-dried-wild-bilberries,2026-08-05,
Arctic Farms,US,arcticfarms.com,Freeze Dried Wild Bilberries,Bulk,fruit,397,shopify_shipping_weight,low,139.99,USD,352.62,483.09,yes,catalog_feed,https://arcticfarms.com/products/freeze-dried-wild-bilberries,2026-08-05,
Arctic Farms,US,arcticfarms.com,Freeze Dried Marionberries,Small,fruit,45,shopify_shipping_weight,low,7.99,USD,177.56,243.25,yes,catalog_feed,https://arcticfarms.com/products/freeze-dried-marionberries,2026-08-05,
Arctic Farms,US,arcticfarms.com,Freeze Dried Marionberries,Large,fruit,113,shopify_shipping_weight,low,17.99,USD,159.20,218.11,yes,catalog_feed,https://arcticfarms.com/products/freeze-dried-marionberries,2026-08-05,
Arctic Farms,US,arcticfarms.com,Freeze Dried Marionberries,Bulk,fruit,397,shopify_shipping_weight,low,99.99,USD,251.86,345.05,yes,catalog_feed,https://arcticfarms.com/products/freeze-dried-marionberries,2026-08-05,
Arctic Farms,US,arcticfarms.com,Freeze Dried Organic Black Currant,Small,fruit,45,shopify_shipping_weight,low,7.99,USD,177.56,243.25,yes,catalog_feed,https://arcticfarms.com/products/freeze-dried-organic-black-currant,2026-08-05,
Arctic Farms,US,arcticfarms.com,Freeze Dried Organic Black Currant,Large,fruit,142,shopify_shipping_weight,low,17.99,USD,126.69,173.57,yes,catalog_feed,https://arcticfarms.com/products/freeze-dried-organic-black-currant,2026-08-05,
Arctic Farms,US,arcticfarms.com,Freeze Dried Organic Black Currant,Bulk,fruit,397,shopify_shipping_weight,low,119.99,USD,302.24,414.07,yes,catalog_feed,https://arcticfarms.com/products/freeze-dried-organic-black-currant,2026-08-05,
Arctic Farms,US,arcticfarms.com,Freeze Dried Organic Goldenberries,Small,fruit,45,shopify_shipping_weight,low,7.99,USD,177.56,243.25,yes,catalog_feed,https://arcticfarms.com/products/freeze-dried-organic-goldenberries,2026-08-05,
Arctic Farms,US,arcticfarms.com,Freeze Dried Organic Goldenberries,Large,fruit,85,shopify_shipping_weight,low,17.99,USD,211.65,289.96,yes,catalog_feed,https://arcticfarms.com/products/freeze-dried-organic-goldenberries,2026-08-05,
Arctic Farms,US,arcticfarms.com,Freeze Dried Organic Goldenberries,Bulk,fruit,397,shopify_shipping_weight,low,99.99,USD,251.86,345.05,yes,catalog_feed,https://arcticfarms.com/products/freeze-dried-organic-goldenberries,2026-08-05,
Arctic Farms,US,arcticfarms.com,Freeze Dried Pineberry,Small,fruit,57,shopify_shipping_weight,low,9.99,USD,175.26,240.11,no,catalog_feed,https://arcticfarms.com/products/freeze-dried-pineberry,2026-08-05,
Arctic Farms,US,arcticfarms.com,Freeze Dried Pineberry,Large,fruit,85,shopify_shipping_weight,low,19.99,USD,235.18,322.19,no,catalog_feed,https://arcticfarms.com/products/freeze-dried-pineberry,2026-08-05,
Arctic Farms,US,arcticfarms.com,Freeze Dried Pineberry,Bulk,fruit,198,shopify_shipping_weight,low,139.99,USD,,,no,catalog_feed,https://arcticfarms.com/products/freeze-dried-pineberry,2026-08-05,implausible_from_shipping_weight(707)
Arctic Farms,US,arcticfarms.com,Freeze Dried Quince,Small,fruit,45,shopify_shipping_weight,low,7.99,USD,177.56,243.25,yes,catalog_feed,https://arcticfarms.com/products/freeze-dried-quince,2026-08-05,
Arctic Farms,US,arcticfarms.com,Freeze Dried Quince,Large,fruit,85,shopify_shipping_weight,low,17.99,USD,211.65,289.96,yes,catalog_feed,https://arcticfarms.com/products/freeze-dried-quince,2026-08-05,
Arctic Farms,US,arcticfarms.com,Freeze Dried Quince,Bulk,fruit,397,shopify_shipping_weight,low,99.99,USD,251.86,345.05,yes,catalog_feed,https://arcticfarms.com/products/freeze-dried-quince,2026-08-05,
Arctic Farms,US,arcticfarms.com,Freeze Dried Quince Powder,,powder,187,shopify_shipping_weight,low,19.99,USD,106.90,146.45,yes,catalog_feed,https://arcticfarms.com/products/freeze-dried-quince-powder,2026-08-05,
Arctic Farms,US,arcticfarms.com,Freeze Dried Sea Buckthorn Powder,,powder,187,shopify_shipping_weight,low,24.99,USD,133.64,183.08,yes,catalog_feed,https://arcticfarms.com/products/freeze-dried-sea-buckthorn-powder,2026-08-05,
Arctic Farms,US,arcticfarms.com,Freeze Dried Red Currant Powder,,powder,187,shopify_shipping_weight,low,19.99,USD,106.90,146.45,yes,catalog_feed,https://arcticfarms.com/products/freeze-dried-red-currant-powder,2026-08-05,
Arctic Farms,US,arcticfarms.com,Freeze Dried Banana Powder,,fruit,187,shopify_shipping_weight,low,14.99,USD,80.16,109.82,yes,catalog_feed,https://arcticfarms.com/products/freeze-dried-banana-powder,2026-08-05,
Arctic Farms,US,arcticfarms.com,Freeze Dried Organic Green Gooseberries,Small,fruit,45,shopify_shipping_weight,low,7.99,USD,177.56,243.25,yes,catalog_feed,https://arcticfarms.com/products/freeze-dried-organic-green-gooseberries,2026-08-05,
Arctic Farms,US,arcticfarms.com,Freeze Dried Organic Green Gooseberries,Large,fruit,85,shopify_shipping_weight,low,17.99,USD,211.65,289.96,yes,catalog_feed,https://arcticfarms.com/products/freeze-dried-organic-green-gooseberries,2026-08-05,
Arctic Farms,US,arcticfarms.com,Freeze Dried Organic Green Gooseberries,Bulk,fruit,397,shopify_shipping_weight,low,99.99,USD,251.86,345.05,yes,catalog_feed,https://arcticfarms.com/products/freeze-dried-organic-green-gooseberries,2026-08-05,
Arctic Farms,US,arcticfarms.com,Freeze Dried Organic Honeyberry,Small,fruit,45,shopify_shipping_weight,low,7.99,USD,177.56,243.25,yes,catalog_feed,https://arcticfarms.com/products/freeze-dried-organic-honeyberry,2026-08-05,
Arctic Farms,US,arcticfarms.com,Freeze Dried Organic Honeyberry,Large,fruit,85,shopify_shipping_weight,low,17.99,USD,211.65,289.96,yes,catalog_feed,https://arcticfarms.com/products/freeze-dried-organic-honeyberry,2026-08-05,
Arctic Farms,US,arcticfarms.com,Freeze Dried Organic Honeyberry,Bulk,fruit,397,shopify_shipping_weight,low,109.99,USD,277.05,379.56,yes,catalog_feed,https://arcticfarms.com/products/freeze-dried-organic-honeyberry,2026-08-05,
Arctic Farms,US,arcticfarms.com,Freeze Dried Pear Powder,,fruit,187,shopify_shipping_weight,low,19.99,USD,106.90,146.45,yes,catalog_feed,https://arcticfarms.com/products/freeze-dried-pear-powder,2026-08-05,
Arctic Farms,US,arcticfarms.com,Freeze Dried Peach Powder,,fruit,116,shopify_shipping_weight,low,19.99,USD,172.33,236.09,yes,catalog_feed,https://arcticfarms.com/products/freeze-dried-peach-powder,2026-08-05,
Arctic Farms,US,arcticfarms.com,Freeze Dried Cantaloupe Powder,,powder,187,shopify_shipping_weight,low,19.99,USD,106.90,146.45,yes,catalog_feed,https://arcticfarms.com/products/freeze-dried-cantaloupe-powder,2026-08-05,
Arctic Farms,US,arcticfarms.com,Freeze Dried Red Cranberry Powder,,fruit,187,shopify_shipping_weight,low,19.99,USD,106.90,146.45,yes,catalog_feed,https://arcticfarms.com/products/freeze-dried-red-cranberry-powder,2026-08-05,
Arctic Farms,US,arcticfarms.com,Freeze Dried Apricot Powder,,fruit,187,shopify_shipping_weight,low,19.99,USD,106.90,146.45,yes,catalog_feed,https://arcticfarms.com/products/freeze-dried-apricot-powder,2026-08-05,
Arctic Farms,US,arcticfarms.com,Freeze Dried Strawberry Powder,,fruit,187,shopify_shipping_weight,low,19.99,USD,106.90,146.45,yes,catalog_feed,https://arcticfarms.com/products/freeze-dried-strawberry-powder,2026-08-05,
Arctic Farms,US,arcticfarms.com,Freeze Dried Blackberry Powder,,fruit,187,shopify_shipping_weight,low,19.99,USD,106.90,146.45,yes,catalog_feed,https://arcticfarms.com/products/freeze-dried-blackberry-powder,2026-08-05,
Arctic Farms,US,arcticfarms.com,Freeze Dried Blueberry Powder,,fruit,187,shopify_shipping_weight,low,19.99,USD,106.90,146.45,yes,catalog_feed,https://arcticfarms.com/products/freeze-dried-blueberry-powder,2026-08-05,
Arctic Farms,US,arcticfarms.com,Freeze Dried Watermelon Powder,,fruit,159,shopify_shipping_weight,low,19.99,USD,125.72,172.24,yes,catalog_feed,https://arcticfarms.com/products/freeze-dried-watermelon-powder,2026-08-05,
Arctic Farms,US,arcticfarms.com,Freeze Dried Red Beets Powder,,vegetable,187,shopify_shipping_weight,low,19.99,USD,106.90,146.45,yes,catalog_feed,https://arcticfarms.com/products/freeze-dried-red-beets-powder,2026-08-05,
Arctic Farms,US,arcticfarms.com,Freeze Dried Red Raspberry Powder,,fruit,187,shopify_shipping_weight,low,19.99,USD,106.90,146.45,yes,catalog_feed,https://arcticfarms.com/products/freeze-dried-raspberry-powder,2026-08-05,
Arctic Farms,US,arcticfarms.com,Freeze Dried Pineapple Powder,,fruit,187,shopify_shipping_weight,low,19.99,USD,106.90,146.45,yes,catalog_feed,https://arcticfarms.com/products/freeze-dried-pineapple-powder,2026-08-05,
Arctic Farms,US,arcticfarms.com,Freeze Dried Mango Powder,,fruit,187,shopify_shipping_weight,low,19.99,USD,106.90,146.45,yes,catalog_feed,https://arcticfarms.com/products/freeze-dried-mango-powder,2026-08-05,
Arctic Farms,US,arcticfarms.com,Freeze Dried Oregano,Large,herb_spice,68,shopify_shipping_weight,low,14.99,USD,220.44,302.00,yes,catalog_feed,https://arcticfarms.com/products/freeze-dried-oregano,2026-08-05,
Arctic Farms,US,arcticfarms.com,Freeze Dried Oregano,Bulk,herb_spice,142,shopify_shipping_weight,low,99.99,USD,,,yes,catalog_feed,https://arcticfarms.com/products/freeze-dried-oregano,2026-08-05,implausible_from_shipping_weight(704)
Arctic Farms,US,arcticfarms.com,Freeze Dried Organic Whole Bananas,Large,fruit,85,net_weight_declared,high,13.99,USD,164.59,225.49,yes,catalog_feed,https://arcticfarms.com/products/freeze-dried-organic-whole-bananas,2026-08-05,
Arctic Farms,US,arcticfarms.com,Freeze Dried Organic Whole Bananas,Bulk,fruit,85,net_weight_declared,high,44.99,USD,529.29,725.13,yes,catalog_feed,https://arcticfarms.com/products/freeze-dried-organic-whole-bananas,2026-08-05,
Arctic Farms,US,arcticfarms.com,Freeze Dried Thyme,Large,herb_spice,68,shopify_shipping_weight,low,14.99,USD,220.44,302.00,yes,catalog_feed,https://arcticfarms.com/products/freeze-dried-thyme,2026-08-05,
Arctic Farms,US,arcticfarms.com,Freeze Dried Thyme,Bulk,herb_spice,142,shopify_shipping_weight,low,99.99,USD,,,yes,catalog_feed,https://arcticfarms.com/products/freeze-dried-thyme,2026-08-05,implausible_from_shipping_weight(704)
Arctic Farms,US,arcticfarms.com,Freeze Dried Mint,Large,herb_spice,68,shopify_shipping_weight,low,14.99,USD,220.44,302.00,yes,catalog_feed,https://arcticfarms.com/products/freeze-dried-mint,2026-08-05,
Arctic Farms,US,arcticfarms.com,Freeze Dried Mint,Bulk,herb_spice,113,shopify_shipping_weight,low,99.99,USD,,,yes,catalog_feed,https://arcticfarms.com/products/freeze-dried-mint,2026-08-05,implausible_from_shipping_weight(885)
Arctic Farms,US,arcticfarms.com,Freeze Dried Persimmon Slices,Small,fruit,,none,none,7.99,USD,,,yes,catalog_feed,https://arcticfarms.com/products/freeze-dried-persimmon-slices,2026-08-05,
Arctic Farms,US,arcticfarms.com,Freeze Dried Persimmon Slices,Large,fruit,68,shopify_shipping_weight,low,17.99,USD,264.56,362.45,yes,catalog_feed,https://arcticfarms.com/products/freeze-dried-persimmon-slices,2026-08-05,
Arctic Farms,US,arcticfarms.com,Freeze Dried Persimmon Slices,Bulk,fruit,482,shopify_shipping_weight,low,109.99,USD,228.20,312.63,yes,catalog_feed,https://arcticfarms.com/products/freeze-dried-persimmon-slices,2026-08-05,
Arctic Farms,US,arcticfarms.com,Freeze Dried JUMBO Blueberries,Small,fruit,,none,none,9.99,USD,,,yes,catalog_feed,https://arcticfarms.com/products/freeze-dried-jumbo-blueberries,2026-08-05,
Arctic Farms,US,arcticfarms.com,Freeze Dried JUMBO Blueberries,Large,fruit,68,shopify_shipping_weight,low,19.99,USD,293.97,402.74,yes,catalog_feed,https://arcticfarms.com/products/freeze-dried-jumbo-blueberries,2026-08-05,
Arctic Farms,US,arcticfarms.com,Freeze Dried JUMBO Blueberries,Bulk,fruit,482,shopify_shipping_weight,low,129.99,USD,269.69,369.47,yes,catalog_feed,https://arcticfarms.com/products/freeze-dried-jumbo-blueberries,2026-08-05,
Arctic Farms,US,arcticfarms.com,Freeze Dried Organic Pomegranate Arils,Small,fruit,71,shopify_shipping_weight,low,7.99,USD,112.54,154.17,yes,catalog_feed,https://arcticfarms.com/products/freeze-dried-organic-pomegranate-arils,2026-08-05,
Arctic Farms,US,arcticfarms.com,Freeze Dried Organic Pomegranate Arils,Large,fruit,170,shopify_shipping_weight,low,19.99,USD,117.59,161.10,yes,catalog_feed,https://arcticfarms.com/products/freeze-dried-organic-pomegranate-arils,2026-08-05,
Arctic Farms,US,arcticfarms.com,Freeze Dried Organic Pomegranate Arils,Bulk,fruit,1077,shopify_shipping_weight,low,139.99,USD,129.98,178.07,yes,catalog_feed,https://arcticfarms.com/products/freeze-dried-organic-pomegranate-arils,2026-08-05,
Arctic Farms,US,arcticfarms.com,Freeze Dried Red Currant,Small,fruit,45,shopify_shipping_weight,low,6.99,USD,155.33,212.81,yes,catalog_feed,https://arcticfarms.com/products/freeze-dried-red-currant,2026-08-05,
Arctic Farms,US,arcticfarms.com,Freeze Dried Red Currant,Large,fruit,85,shopify_shipping_weight,low,17.99,USD,211.65,289.96,yes,catalog_feed,https://arcticfarms.com/products/freeze-dried-red-currant,2026-08-05,
Arctic Farms,US,arcticfarms.com,Freeze Dried Red Currant,Bulk,fruit,397,shopify_shipping_weight,low,99.99,USD,251.86,345.05,yes,catalog_feed,https://arcticfarms.com/products/freeze-dried-red-currant,2026-08-05,
Arctic Farms,US,arcticfarms.com,Freeze Dried Cranberry,Small,fruit,45,shopify_shipping_weight,low,5.99,USD,133.11,182.36,yes,catalog_feed,https://arcticfarms.com/products/freeze-dried-cranberry,2026-08-05,
Arctic Farms,US,arcticfarms.com,Freeze Dried Cranberry,Large,fruit,85,shopify_shipping_weight,low,14.99,USD,176.35,241.60,yes,catalog_feed,https://arcticfarms.com/products/freeze-dried-cranberry,2026-08-05,
Arctic Farms,US,arcticfarms.com,Freeze Dried Cranberry,Bulk,fruit,397,shopify_shipping_weight,low,79.99,USD,201.49,276.04,yes,catalog_feed,https://arcticfarms.com/products/freeze-dried-cranberry,2026-08-05,
Arctic Farms,US,arcticfarms.com,Freeze Dried Boysenberry,Small,fruit,45,shopify_shipping_weight,low,8.99,USD,199.78,273.70,yes,catalog_feed,https://arcticfarms.com/products/freeze-dried-boysenberry,2026-08-05,
Arctic Farms,US,arcticfarms.com,Freeze Dried Boysenberry,Large,fruit,85,shopify_shipping_weight,low,19.99,USD,235.18,322.19,yes,catalog_feed,https://arcticfarms.com/products/freeze-dried-boysenberry,2026-08-05,
Arctic Farms,US,arcticfarms.com,Freeze Dried Boysenberry,Bulk,fruit,397,shopify_shipping_weight,low,99.99,USD,251.86,345.05,yes,catalog_feed,https://arcticfarms.com/products/freeze-dried-boysenberry,2026-08-05,
Arctic Farms,US,arcticfarms.com,Freeze Dried Black Raspberry,Small,fruit,43,shopify_shipping_weight,low,9.99,USD,232.33,318.29,yes,catalog_feed,https://arcticfarms.com/products/freeze-dried-black-raspberry,2026-08-05,
Arctic Farms,US,arcticfarms.com,Freeze Dried Black Raspberry,Large,fruit,91,shopify_shipping_weight,low,19.99,USD,219.67,300.95,yes,catalog_feed,https://arcticfarms.com/products/freeze-dried-black-raspberry,2026-08-05,
Arctic Farms,US,arcticfarms.com,Freeze Dried Black Raspberry,Bulk,fruit,510,shopify_shipping_weight,low,109.99,USD,215.67,295.46,yes,catalog_feed,https://arcticfarms.com/products/freeze-dried-black-raspberry,2026-08-05,
Arctic Farms,US,arcticfarms.com,Freeze Dried Kiwi Berry (Baby Kiwi),Small,fruit,43,shopify_shipping_weight,low,9.99,USD,232.33,318.29,yes,catalog_feed,https://arcticfarms.com/products/freeze-dried-green-kiwi-baby-berry,2026-08-05,
Arctic Farms,US,arcticfarms.com,Freeze Dried Kiwi Berry (Baby Kiwi),Large,fruit,85,shopify_shipping_weight,low,19.99,USD,235.18,322.19,yes,catalog_feed,https://arcticfarms.com/products/freeze-dried-green-kiwi-baby-berry,2026-08-05,
Arctic Farms,US,arcticfarms.com,Freeze Dried Kiwi Berry (Baby Kiwi),Bulk,fruit,425,shopify_shipping_weight,low,99.99,USD,235.27,322.32,yes,catalog_feed,https://arcticfarms.com/products/freeze-dried-green-kiwi-baby-berry,2026-08-05,
Arctic Farms,US,arcticfarms.com,Freeze Dried Butternut Squash,Small,dairy,48,shopify_shipping_weight,low,7.99,USD,166.46,228.05,yes,catalog_feed,https://arcticfarms.com/products/freeze-dried-butternut-squash,2026-08-05,
Arctic Farms,US,arcticfarms.com,Freeze Dried Butternut Squash,Large,dairy,85,shopify_shipping_weight,low,17.99,USD,211.65,289.96,yes,catalog_feed,https://arcticfarms.com/products/freeze-dried-butternut-squash,2026-08-05,
Arctic Farms,US,arcticfarms.com,Freeze Dried Butternut Squash,Bulk,dairy,255,shopify_shipping_weight,low,79.99,USD,313.69,429.75,yes,catalog_feed,https://arcticfarms.com/products/freeze-dried-butternut-squash,2026-08-05,
Arctic Farms,US,arcticfarms.com,Freeze Dried Pumpkin,Small,vegetable,48,shopify_shipping_weight,low,7.99,USD,166.46,228.05,yes,catalog_feed,https://arcticfarms.com/products/freeze-dried-pumpkin,2026-08-05,
Arctic Farms,US,arcticfarms.com,Freeze Dried Pumpkin,Large,vegetable,85,shopify_shipping_weight,low,17.99,USD,211.65,289.96,yes,catalog_feed,https://arcticfarms.com/products/freeze-dried-pumpkin,2026-08-05,
Arctic Farms,US,arcticfarms.com,Freeze Dried Pumpkin,Bulk,vegetable,255,shopify_shipping_weight,low,79.99,USD,313.69,429.75,yes,catalog_feed,https://arcticfarms.com/products/freeze-dried-pumpkin,2026-08-05,
Arctic Farms,US,arcticfarms.com,Freeze Dried Figs,Small,fruit,48,shopify_shipping_weight,low,7.99,USD,166.46,228.05,yes,catalog_feed,https://arcticfarms.com/products/freeze-dried-figs,2026-08-05,
Arctic Farms,US,arcticfarms.com,Freeze Dried Figs,Large,fruit,85,shopify_shipping_weight,low,17.99,USD,211.65,289.96,yes,catalog_feed,https://arcticfarms.com/products/freeze-dried-figs,2026-08-05,
Arctic Farms,US,arcticfarms.com,Freeze Dried Figs,Bulk,fruit,397,shopify_shipping_weight,low,79.99,USD,201.49,276.04,yes,catalog_feed,https://arcticfarms.com/products/freeze-dried-figs,2026-08-05,
Arctic Farms,US,arcticfarms.com,Freeze Dried Green Delicious Apple Bites,Small,fruit,48,shopify_shipping_weight,low,6.99,USD,145.63,199.51,yes,catalog_feed,https://arcticfarms.com/products/freeze-dried-green-delicious-apple-bites,2026-08-05,
Arctic Farms,US,arcticfarms.com,Freeze Dried Green Delicious Apple Bites,Large,fruit,85,shopify_shipping_weight,low,14.99,USD,176.35,241.60,yes,catalog_feed,https://arcticfarms.com/products/freeze-dried-green-delicious-apple-bites,2026-08-05,
Arctic Farms,US,arcticfarms.com,Freeze Dried Green Delicious Apple Bites,Bulk,fruit,397,shopify_shipping_weight,low,79.99,USD,201.49,276.04,yes,catalog_feed,https://arcticfarms.com/products/freeze-dried-green-delicious-apple-bites,2026-08-05,
Arctic Farms,US,arcticfarms.com,Freeze Dried Red Delicious Apple Bites,Small,fruit,48,shopify_shipping_weight,low,6.99,USD,145.63,199.51,yes,catalog_feed,https://arcticfarms.com/products/freeze-dried-red-apple-bites,2026-08-05,
Arctic Farms,US,arcticfarms.com,Freeze Dried Red Delicious Apple Bites,Large,fruit,85,shopify_shipping_weight,low,14.99,USD,176.35,241.60,yes,catalog_feed,https://arcticfarms.com/products/freeze-dried-red-apple-bites,2026-08-05,
Arctic Farms,US,arcticfarms.com,Freeze Dried Red Delicious Apple Bites,Bulk,fruit,397,shopify_shipping_weight,low,79.99,USD,201.49,276.04,yes,catalog_feed,https://arcticfarms.com/products/freeze-dried-red-apple-bites,2026-08-05,
Arctic Farms,US,arcticfarms.com,Freeze Dried Fuji Apple Bites,Small,fruit,48,shopify_shipping_weight,low,6.99,USD,145.63,199.51,yes,catalog_feed,https://arcticfarms.com/products/freeze-dried-fuji-apple-bites,2026-08-05,
Arctic Farms,US,arcticfarms.com,Freeze Dried Fuji Apple Bites,Large,fruit,85,shopify_shipping_weight,low,14.99,USD,176.35,241.60,yes,catalog_feed,https://arcticfarms.com/products/freeze-dried-fuji-apple-bites,2026-08-05,
Arctic Farms,US,arcticfarms.com,Freeze Dried Fuji Apple Bites,Bulk,fruit,397,shopify_shipping_weight,low,79.99,USD,201.49,276.04,yes,catalog_feed,https://arcticfarms.com/products/freeze-dried-fuji-apple-bites,2026-08-05,
Arctic Farms,US,arcticfarms.com,Freeze Dried Snack - Real Cheese (Mexican Blend),Small,dairy,109,shopify_shipping_weight,low,7.99,USD,73.30,100.42,yes,catalog_feed,https://arcticfarms.com/products/freeze-dried-snack-real-cheese-mexican-blend,2026-08-05,
Arctic Farms,US,arcticfarms.com,Freeze Dried Snack - Real Cheese (Mexican Blend),Large,dairy,249,shopify_shipping_weight,low,17.99,USD,72.25,98.98,yes,catalog_feed,https://arcticfarms.com/products/freeze-dried-snack-real-cheese-mexican-blend,2026-08-05,
Arctic Farms,US,arcticfarms.com,Freeze Dried Snack - Real Cheese (Mexican Blend),Bulk,dairy,1247,shopify_shipping_weight,low,69.99,USD,56.13,76.89,yes,catalog_feed,https://arcticfarms.com/products/freeze-dried-snack-real-cheese-mexican-blend,2026-08-05,
Arctic Farms,US,arcticfarms.com,Freeze Dried Snack - Real Cheese (Mozzarella),Small,dairy,99,shopify_shipping_weight,low,6.99,USD,70.61,96.73,yes,catalog_feed,https://arcticfarms.com/products/freeze-dried-snack-real-cheese-mozzarella,2026-08-05,
Arctic Farms,US,arcticfarms.com,Freeze Dried Snack - Real Cheese (Mozzarella),Large,dairy,172,shopify_shipping_weight,low,14.99,USD,87.15,119.40,yes,catalog_feed,https://arcticfarms.com/products/freeze-dried-snack-real-cheese-mozzarella,2026-08-05,
Arctic Farms,US,arcticfarms.com,Freeze Dried Snack - Real Cheese (Mozzarella),Bulk,dairy,709,shopify_shipping_weight,low,69.99,USD,98.72,135.24,yes,catalog_feed,https://arcticfarms.com/products/freeze-dried-snack-real-cheese-mozzarella,2026-08-05,
Arctic Farms,US,arcticfarms.com,Priority Mail Upgrade,,candy,,none,none,10.00,USD,,,yes,catalog_feed,https://arcticfarms.com/products/priority-mail-upgrade,2026-08-05,
Arctic Farms,US,arcticfarms.com,Freeze Dried Whole Bananas,Large,fruit,85,net_weight_declared,high,11.99,USD,141.06,193.25,yes,catalog_feed,https://arcticfarms.com/products/freeze-dried-whole-bananas,2026-08-05,
Arctic Farms,US,arcticfarms.com,Freeze Dried Whole Bananas,Bulk,fruit,85,net_weight_declared,high,39.99,USD,470.47,644.54,yes,catalog_feed,https://arcticfarms.com/products/freeze-dried-whole-bananas,2026-08-05,
Arctic Farms,US,arcticfarms.com,Freeze Dried Organic Honey Mango,Small,fruit,,none,none,6.99,USD,,,yes,catalog_feed,https://arcticfarms.com/products/freeze-dried-honey-mango,2026-08-05,
Arctic Farms,US,arcticfarms.com,Freeze Dried Organic Honey Mango,Large,fruit,68,shopify_shipping_weight,low,14.99,USD,220.44,302.00,yes,catalog_feed,https://arcticfarms.com/products/freeze-dried-honey-mango,2026-08-05,
Arctic Farms,US,arcticfarms.com,Freeze Dried Organic Honey Mango,Bulk,fruit,369,shopify_shipping_weight,low,79.99,USD,216.78,296.98,yes,catalog_feed,https://arcticfarms.com/products/freeze-dried-honey-mango,2026-08-05,
Arctic Farms,US,arcticfarms.com,Freeze Dried Thin Crust Cheese Pizza Snack,Cheese Pizza,dairy,85,shopify_shipping_weight,low,13.99,USD,164.59,225.49,yes,catalog_feed,https://arcticfarms.com/products/freeze-dried-thin-crust-cheese-pizza-snack,2026-08-05,
Arctic Farms,US,arcticfarms.com,Freeze Dried Thin Crust Cheese Pizza Snack,Pepperoni Pizza,dairy,113,shopify_shipping_weight,low,14.99,USD,132.65,181.74,no,catalog_feed,https://arcticfarms.com/products/freeze-dried-thin-crust-cheese-pizza-snack,2026-08-05,
Arctic Farms,US,arcticfarms.com,Freeze Dried Golden Beet Chips,Large,vegetable,71,shopify_shipping_weight,low,14.99,USD,211.13,289.24,yes,catalog_feed,https://arcticfarms.com/products/freeze-dried-golden-beet-chips,2026-08-05,
Arctic Farms,US,arcticfarms.com,Freeze Dried Golden Beet Chips,Bulk,vegetable,227,shopify_shipping_weight,low,44.95,USD,198.02,271.28,yes,catalog_feed,https://arcticfarms.com/products/freeze-dried-golden-beet-chips,2026-08-05,
Arctic Farms,US,arcticfarms.com,Freeze Dried Red Beet Chips,Large,vegetable,31,shopify_shipping_weight,low,12.99,USD,419.03,574.07,yes,catalog_feed,https://arcticfarms.com/products/freeze-dried-red-beet-chips,2026-08-05,
Arctic Farms,US,arcticfarms.com,Freeze Dried Red Beet Chips,Bulk,vegetable,170,shopify_shipping_weight,low,39.99,USD,235.24,322.27,yes,catalog_feed,https://arcticfarms.com/products/freeze-dried-red-beet-chips,2026-08-05,
Arctic Farms,US,arcticfarms.com,Freeze Dried Sweet Potato Chips,Large,vegetable,28,shopify_shipping_weight,low,14.99,USD,,,yes,catalog_feed,https://arcticfarms.com/products/freeze-dried-sweet-potato-chips,2026-08-05,implausible_from_shipping_weight_cad(733)
Arctic Farms,US,arcticfarms.com,Freeze Dried Zucchini Chips,Large,vegetable,,none,none,11.99,USD,,,yes,catalog_feed,https://arcticfarms.com/products/freeze-dried-zucchini-chips,2026-08-05,
Arctic Farms,US,arcticfarms.com,Freeze Dried Golden Honeydew Melon,Small,fruit,,none,none,6.99,USD,,,yes,catalog_feed,https://arcticfarms.com/products/freeze-dried-golden-honeydew-melon,2026-08-05,
Arctic Farms,US,arcticfarms.com,Freeze Dried Golden Honeydew Melon,Large,fruit,23,shopify_shipping_weight,low,14.99,USD,,,yes,catalog_feed,https://arcticfarms.com/products/freeze-dried-golden-honeydew-melon,2026-08-05,implausible_from_shipping_weight(652)
Arctic Farms,US,arcticfarms.com,Freeze Dried French Beans,Small,vegetable,,none,none,6.99,USD,,,yes,catalog_feed,https://arcticfarms.com/products/freeze-dried-french-beans,2026-08-05,
Arctic Farms,US,arcticfarms.com,Freeze Dried French Beans,Large,vegetable,24,shopify_shipping_weight,low,14.99,USD,,,yes,catalog_feed,https://arcticfarms.com/products/freeze-dried-french-beans,2026-08-05,implausible_from_shipping_weight(625)
Arctic Farms,US,arcticfarms.com,Freeze Dried French Beans,Bulk,vegetable,24,shopify_shipping_weight,low,79.99,USD,,,yes,catalog_feed,https://arcticfarms.com/products/freeze-dried-french-beans,2026-08-05,implausible_from_shipping_weight(3333)
Arctic Farms,US,arcticfarms.com,Freeze Dried Peas,Small,vegetable,28,shopify_shipping_weight,low,6.99,USD,249.64,342.01,yes,catalog_feed,https://arcticfarms.com/products/freeze-dried-peas,2026-08-05,
Arctic Farms,US,arcticfarms.com,Freeze Dried Peas,Large,vegetable,105,shopify_shipping_weight,low,14.99,USD,142.76,195.58,yes,catalog_feed,https://arcticfarms.com/products/freeze-dried-peas,2026-08-05,
Arctic Farms,US,arcticfarms.com,Freeze Dried Peas,Bulk,vegetable,907,shopify_shipping_weight,low,99.95,USD,110.20,150.97,yes,catalog_feed,https://arcticfarms.com/products/freeze-dried-peas,2026-08-05,
Arctic Farms,US,arcticfarms.com,Freeze Dried Orange Slices,Small,fruit,43,shopify_shipping_weight,low,6.99,USD,162.56,222.70,yes,catalog_feed,https://arcticfarms.com/products/freeze-dried-orange-slices,2026-08-05,
Arctic Farms,US,arcticfarms.com,Freeze Dried Orange Slices,Large,fruit,51,shopify_shipping_weight,low,14.99,USD,293.92,402.67,yes,catalog_feed,https://arcticfarms.com/products/freeze-dried-orange-slices,2026-08-05,
Arctic Farms,US,arcticfarms.com,Freeze Dried Orange Slices,Bulk,fruit,369,shopify_shipping_weight,low,79.99,USD,216.78,296.98,yes,catalog_feed,https://arcticfarms.com/products/freeze-dried-orange-slices,2026-08-05,
Arctic Farms,US,arcticfarms.com,Freeze Dried Dessert Belgian Cream Puffs,Small,ice_cream,32,shopify_shipping_weight,low,4.99,USD,155.94,213.63,yes,catalog_feed,https://arcticfarms.com/products/freeze-dried-dessert-belgian-cream-puffs-1,2026-08-05,
Arctic Farms,US,arcticfarms.com,Freeze Dried Dessert Belgian Cream Puffs,Large,ice_cream,172,shopify_shipping_weight,low,14.99,USD,87.15,119.40,yes,catalog_feed,https://arcticfarms.com/products/freeze-dried-dessert-belgian-cream-puffs-1,2026-08-05,
Arctic Farms,US,arcticfarms.com,Freeze Dried Dessert Belgian Cream Puffs,Bulk,ice_cream,425,shopify_shipping_weight,low,69.99,USD,164.68,225.61,yes,catalog_feed,https://arcticfarms.com/products/freeze-dried-dessert-belgian-cream-puffs-1,2026-08-05,
Arctic Farms,US,arcticfarms.com,Freeze Dried Nectarine,Small,fruit,,none,none,6.99,USD,,,yes,catalog_feed,https://arcticfarms.com/products/freeze-dried-nectarine,2026-08-05,
Arctic Farms,US,arcticfarms.com,Freeze Dried Nectarine,Large,fruit,37,shopify_shipping_weight,low,14.99,USD,405.14,555.04,yes,catalog_feed,https://arcticfarms.com/products/freeze-dried-nectarine,2026-08-05,
Arctic Farms,US,arcticfarms.com,Freeze Dried Tuscan Cantaloupe Melon,Small,fruit,,none,none,7.99,USD,,,no,catalog_feed,https://arcticfarms.com/products/freeze-dried-tuscan-cantaloupe,2026-08-05,
Arctic Farms,US,arcticfarms.com,Freeze Dried Tuscan Cantaloupe Melon,Large,fruit,37,shopify_shipping_weight,low,17.99,USD,,,no,catalog_feed,https://arcticfarms.com/products/freeze-dried-tuscan-cantaloupe,2026-08-05,implausible_from_shipping_weight_cad(666)
Arctic Farms,US,arcticfarms.com,Freeze Dried Golden Hami Melon,Small,fruit,,none,none,7.99,USD,,,yes,catalog_feed,https://arcticfarms.com/products/freeze-dried-golden-hami-melon,2026-08-05,
Arctic Farms,US,arcticfarms.com,Freeze Dried Golden Hami Melon,Large,fruit,28,shopify_shipping_weight,low,17.99,USD,,,yes,catalog_feed,https://arcticfarms.com/products/freeze-dried-golden-hami-melon,2026-08-05,implausible_from_shipping_weight(642)
Arctic Farms,US,arcticfarms.com,Freeze Dried Asparagus,Small,vegetable,,none,none,6.99,USD,,,yes,catalog_feed,https://arcticfarms.com/products/freeze-dried-asparagus,2026-08-05,
Arctic Farms,US,arcticfarms.com,Freeze Dried Asparagus,Large,vegetable,23,shopify_shipping_weight,low,14.99,USD,,,yes,catalog_feed,https://arcticfarms.com/products/freeze-dried-asparagus,2026-08-05,implausible_from_shipping_weight(652)
Arctic Farms,US,arcticfarms.com,Freeze Dried Asparagus,Bulk,vegetable,198,shopify_shipping_weight,low,79.99,USD,403.99,553.47,yes,catalog_feed,https://arcticfarms.com/products/freeze-dried-asparagus,2026-08-05,
Arctic Farms,US,arcticfarms.com,Freeze Dried Tomatillos,Small,vegetable,,none,none,6.99,USD,,,yes,catalog_feed,https://arcticfarms.com/products/freeze-dried-tomatillos,2026-08-05,
Arctic Farms,US,arcticfarms.com,Freeze Dried Tomatillos,Large,vegetable,20,shopify_shipping_weight,low,14.99,USD,,,yes,catalog_feed,https://arcticfarms.com/products/freeze-dried-tomatillos,2026-08-05,implausible_from_shipping_weight(750)
Arctic Farms,US,arcticfarms.com,Freeze Dried Apricots,Small,fruit,,none,none,4.99,USD,,,yes,catalog_feed,https://arcticfarms.com/products/freeze-dried-apricots,2026-08-05,
Arctic Farms,US,arcticfarms.com,Freeze Dried Apricots,Large,fruit,37,shopify_shipping_weight,low,14.99,USD,405.14,555.04,yes,catalog_feed,https://arcticfarms.com/products/freeze-dried-apricots,2026-08-05,
Arctic Farms,US,arcticfarms.com,Freeze Dried Apricots,Bulk,fruit,221,shopify_shipping_weight,low,79.99,USD,361.95,495.87,yes,catalog_feed,https://arcticfarms.com/products/freeze-dried-apricots,2026-08-05,
Arctic Farms,US,arcticfarms.com,Freeze Dried Guava,Small,fruit,,none,none,6.99,USD,,,yes,catalog_feed,https://arcticfarms.com/products/freeze-dried-guava,2026-08-05,
Arctic Farms,US,arcticfarms.com,Freeze Dried Guava,Large,fruit,26,shopify_shipping_weight,low,17.99,USD,,,yes,catalog_feed,https://arcticfarms.com/products/freeze-dried-guava,2026-08-05,implausible_from_shipping_weight(692)
Arctic Farms,US,arcticfarms.com,Freeze Dried Papaya,Small,fruit,,none,none,6.99,USD,,,yes,catalog_feed,https://arcticfarms.com/products/freeze-dried-papaya,2026-08-05,
Arctic Farms,US,arcticfarms.com,Freeze Dried Papaya,Large,fruit,26,shopify_shipping_weight,low,14.99,USD,,,yes,catalog_feed,https://arcticfarms.com/products/freeze-dried-papaya,2026-08-05,implausible_from_shipping_weight_cad(790)
Arctic Farms,US,arcticfarms.com,Freeze Dried New Pickle Slices from The Pickle Guys (Minimal Salt),Large,vegetable,113,shopify_shipping_weight,low,14.99,USD,132.65,181.74,yes,catalog_feed,https://arcticfarms.com/products/freeze-dried-new-pickle-slices-from-the-pickle-guys,2026-08-05,
Arctic Farms,US,arcticfarms.com,Freeze Dried New Pickle Slices from The Pickle Guys (Minimal Salt),Large (Pack of 3),vegetable,71,shopify_shipping_weight,low,39.99,USD,,,yes,catalog_feed,https://arcticfarms.com/products/freeze-dried-new-pickle-slices-from-the-pickle-guys,2026-08-05,implausible_from_shipping_weight_cad(772)
Arctic Farms,US,arcticfarms.com,Freeze Dried New Pickle Chips from The Pickle Guys (Minimal Salt),Small,vegetable,,none,none,6.99,USD,,,yes,catalog_feed,https://arcticfarms.com/products/freeze-dried-new-pickle-chips-from-the-pickle-guys,2026-08-05,
Arctic Farms,US,arcticfarms.com,Freeze Dried New Pickle Chips from The Pickle Guys (Minimal Salt),Large,vegetable,26,shopify_shipping_weight,low,14.99,USD,,,yes,catalog_feed,https://arcticfarms.com/products/freeze-dried-new-pickle-chips-from-the-pickle-guys,2026-08-05,implausible_from_shipping_weight_cad(790)
Arctic Farms,US,arcticfarms.com,Freeze Dried Plum,Small,fruit,,none,none,6.99,USD,,,yes,catalog_feed,https://arcticfarms.com/products/freeze-dried-plum,2026-08-05,
Arctic Farms,US,arcticfarms.com,Freeze Dried Plum,Large,fruit,51,shopify_shipping_weight,low,14.99,USD,293.92,402.67,yes,catalog_feed,https://arcticfarms.com/products/freeze-dried-plum,2026-08-05,
Arctic Farms,US,arcticfarms.com,Freeze Dried Cantaloupe Melon,Small,fruit,,none,none,6.99,USD,,,yes,catalog_feed,https://arcticfarms.com/products/freeze-dried-cantaloupe,2026-08-05,
Arctic Farms,US,arcticfarms.com,Freeze Dried Cantaloupe Melon,Large,fruit,37,shopify_shipping_weight,low,14.99,USD,405.14,555.04,yes,catalog_feed,https://arcticfarms.com/products/freeze-dried-cantaloupe,2026-08-05,
Arctic Farms,US,arcticfarms.com,Freeze Dried Cantaloupe Melon,Bulk,fruit,241,shopify_shipping_weight,low,79.99,USD,331.91,454.71,yes,catalog_feed,https://arcticfarms.com/products/freeze-dried-cantaloupe,2026-08-05,
Arctic Farms,US,arcticfarms.com,Freeze Dried Pink Pineapple,Small,fruit,113,shopify_shipping_weight,low,9.99,USD,88.41,121.12,yes,catalog_feed,https://arcticfarms.com/products/freeze-dried-pink-pineapple,2026-08-05,
Arctic Farms,US,arcticfarms.com,Freeze Dried Pink Pineapple,Large,fruit,43,shopify_shipping_weight,low,19.99,USD,,,yes,catalog_feed,https://arcticfarms.com/products/freeze-dried-pink-pineapple,2026-08-05,implausible_from_shipping_weight_cad(637)
Arctic Farms,US,arcticfarms.com,Freeze Dried Pink Pineapple,Bulk,fruit,255,shopify_shipping_weight,low,99.99,USD,392.12,537.20,yes,catalog_feed,https://arcticfarms.com/products/freeze-dried-pink-pineapple,2026-08-05,
Arctic Farms,US,arcticfarms.com,Freeze Dried Grape Tomatoes,Small,fruit,,none,none,4.99,USD,,,yes,catalog_feed,https://arcticfarms.com/products/freeze-dried-grape-tomatoes,2026-08-05,
Arctic Farms,US,arcticfarms.com,Freeze Dried Grape Tomatoes,Large,fruit,31,shopify_shipping_weight,low,11.99,USD,386.77,529.88,yes,catalog_feed,https://arcticfarms.com/products/freeze-dried-grape-tomatoes,2026-08-05,
Arctic Farms,US,arcticfarms.com,Freeze Dried Sliced Okra,Small,vegetable,,none,none,4.99,USD,,,yes,catalog_feed,https://arcticfarms.com/products/freeze-dried-sliced-okra,2026-08-05,
Arctic Farms,US,arcticfarms.com,Freeze Dried Sliced Okra,Large,vegetable,28,shopify_shipping_weight,low,11.99,USD,428.21,586.65,yes,catalog_feed,https://arcticfarms.com/products/freeze-dried-sliced-okra,2026-08-05,
Arctic Farms,US,arcticfarms.com,Freeze Dried Whole Okra,Small,vegetable,,none,none,4.99,USD,,,yes,catalog_feed,https://arcticfarms.com/products/freeze-dried-okra,2026-08-05,
Arctic Farms,US,arcticfarms.com,Freeze Dried Whole Okra,Large,vegetable,127,shopify_shipping_weight,low,11.99,USD,94.41,129.34,yes,catalog_feed,https://arcticfarms.com/products/freeze-dried-okra,2026-08-05,
Arctic Farms,US,arcticfarms.com,Freeze Dried Tomatoes,Small,vegetable,,none,none,4.99,USD,,,yes,catalog_feed,https://arcticfarms.com/products/freeze-dried-tomatoes,2026-08-05,
Arctic Farms,US,arcticfarms.com,Freeze Dried Tomatoes,Large,vegetable,,none,none,11.99,USD,,,yes,catalog_feed,https://arcticfarms.com/products/freeze-dried-tomatoes,2026-08-05,
Arctic Farms,US,arcticfarms.com,Freeze Dried Tomatoes,Bulk,vegetable,142,shopify_shipping_weight,low,69.99,USD,,,yes,catalog_feed,https://arcticfarms.com/products/freeze-dried-tomatoes,2026-08-05,implausible_from_shipping_weight_cad(675)
Arctic Farms,US,arcticfarms.com,Freeze Dried Organic Bartlett Pears,Small,fruit,,none,none,6.99,USD,,,yes,catalog_feed,https://arcticfarms.com/products/freeze-dried-pear,2026-08-05,
Arctic Farms,US,arcticfarms.com,Freeze Dried Organic Bartlett Pears,Large,fruit,40,shopify_shipping_weight,low,16.99,USD,424.75,581.91,yes,catalog_feed,https://arcticfarms.com/products/freeze-dried-pear,2026-08-05,
Arctic Farms,US,arcticfarms.com,Freeze Dried Starfruit,Small,fruit,,none,none,7.99,USD,,,yes,catalog_feed,https://arcticfarms.com/products/freeze-dried-starfruit,2026-08-05,
Arctic Farms,US,arcticfarms.com,Freeze Dried Starfruit,Large,fruit,26,shopify_shipping_weight,low,19.99,USD,,,yes,catalog_feed,https://arcticfarms.com/products/freeze-dried-starfruit,2026-08-05,implausible_from_shipping_weight(769)
Arctic Farms,US,arcticfarms.com,Freeze Dried Starfruit,Bulk,fruit,170,shopify_shipping_weight,low,89.99,USD,,,yes,catalog_feed,https://arcticfarms.com/products/freeze-dried-starfruit,2026-08-05,implausible_from_shipping_weight_cad(725)
Arctic Farms,US,arcticfarms.com,Freeze Dried Organic Ripe Jackfruit,Small,fruit,,none,none,6.99,USD,,,yes,catalog_feed,https://arcticfarms.com/products/freeze-dried-organic-ripe-jackfruit,2026-08-05,
Arctic Farms,US,arcticfarms.com,Freeze Dried Organic Ripe Jackfruit,Large,fruit,65,shopify_shipping_weight,low,17.99,USD,276.77,379.17,yes,catalog_feed,https://arcticfarms.com/products/freeze-dried-organic-ripe-jackfruit,2026-08-05,
Arctic Farms,US,arcticfarms.com,Freeze Dried Strawberries - Wholes & Halves,Small,fruit,,none,none,6.99,USD,,,yes,catalog_feed,https://arcticfarms.com/products/freeze-dried-strawberries-wholes-halves,2026-08-05,
Arctic Farms,US,arcticfarms.com,Freeze Dried Strawberries - Wholes & Halves,Large,fruit,31,shopify_shipping_weight,low,12.99,USD,419.03,574.07,yes,catalog_feed,https://arcticfarms.com/products/freeze-dried-strawberries-wholes-halves,2026-08-05,
Arctic Farms,US,arcticfarms.com,Freeze Dried Strawberries - Wholes & Halves,Bulk,fruit,31,shopify_shipping_weight,low,74.99,USD,,,yes,catalog_feed,https://arcticfarms.com/products/freeze-dried-strawberries-wholes-halves,2026-08-05,implausible_from_shipping_weight(2419)
Arctic Farms,US,arcticfarms.com,Freeze Dried Dill Pickle Chips (Candied),Large,vegetable,31,shopify_shipping_weight,low,13.99,USD,,,yes,catalog_feed,https://arcticfarms.com/products/freeze-dried-dill-pickle-chips-candied,2026-08-05,implausible_from_shipping_weight_cad(618)
Arctic Farms,US,arcticfarms.com,Freeze Dried Dill Pickle Chips (Candied),Small,vegetable,28,shopify_shipping_weight,low,5.99,USD,213.93,293.08,yes,catalog_feed,https://arcticfarms.com/products/freeze-dried-dill-pickle-chips-candied,2026-08-05,
Arctic Farms,US,arcticfarms.com,Freeze Dried Dill Pickle Chips (Candied),Large (Pack of 3),vegetable,142,shopify_shipping_weight,low,34.99,USD,246.41,337.58,yes,catalog_feed,https://arcticfarms.com/products/freeze-dried-dill-pickle-chips-candied,2026-08-05,
Arctic Farms,US,arcticfarms.com,Freeze Dried Dill Pickle Chips (Candied),Small (Pack of 3),vegetable,142,shopify_shipping_weight,low,16.99,USD,119.65,163.92,yes,catalog_feed,https://arcticfarms.com/products/freeze-dried-dill-pickle-chips-candied,2026-08-05,
Arctic Farms,US,arcticfarms.com,Freeze Dried Pineapple,Small,fruit,,none,none,7.99,USD,,,yes,catalog_feed,https://arcticfarms.com/products/freeze-dried-pineapple,2026-08-05,
Arctic Farms,US,arcticfarms.com,Freeze Dried Pineapple,Large,fruit,51,shopify_shipping_weight,low,17.99,USD,352.75,483.26,yes,catalog_feed,https://arcticfarms.com/products/freeze-dried-pineapple,2026-08-05,
Arctic Farms,US,arcticfarms.com,Freeze Dried Pineapple,Bulk,fruit,397,shopify_shipping_weight,low,99.95,USD,251.76,344.92,yes,catalog_feed,https://arcticfarms.com/products/freeze-dried-pineapple,2026-08-05,
Arctic Farms,US,arcticfarms.com,Freeze Dried Green Kiwi,Small,fruit,,none,none,7.99,USD,,,yes,catalog_feed,https://arcticfarms.com/products/freeze-dried-green-kiwi,2026-08-05,
Arctic Farms,US,arcticfarms.com,Freeze Dried Green Kiwi,Large,fruit,57,shopify_shipping_weight,low,17.99,USD,315.61,432.39,yes,catalog_feed,https://arcticfarms.com/products/freeze-dried-green-kiwi,2026-08-05,
Arctic Farms,US,arcticfarms.com,Freeze Dried Green Kiwi,Bulk,fruit,312,shopify_shipping_weight,low,79.99,USD,256.38,351.24,yes,catalog_feed,https://arcticfarms.com/products/freeze-dried-green-kiwi,2026-08-05,
Arctic Farms,US,arcticfarms.com,Freeze Dried Red Grapes,Small,fruit,26,shopify_shipping_weight,low,8.99,USD,345.77,473.70,yes,catalog_feed,https://arcticfarms.com/products/freeze-dried-red-grapes,2026-08-05,
Arctic Farms,US,arcticfarms.com,Freeze Dried Red Grapes,Large,fruit,91,shopify_shipping_weight,low,19.99,USD,219.67,300.95,yes,catalog_feed,https://arcticfarms.com/products/freeze-dried-red-grapes,2026-08-05,
Arctic Farms,US,arcticfarms.com,Freeze Dried Green Grapes,Small,fruit,26,shopify_shipping_weight,low,8.99,USD,345.77,473.70,yes,catalog_feed,https://arcticfarms.com/products/freeze-dried-green-grapes,2026-08-05,
Arctic Farms,US,arcticfarms.com,Freeze Dried Green Grapes,Large,fruit,91,shopify_shipping_weight,low,19.99,USD,219.67,300.95,yes,catalog_feed,https://arcticfarms.com/products/freeze-dried-green-grapes,2026-08-05,
Arctic Farms,US,arcticfarms.com,Freeze Dried Cheese Pizza Snack,Cheese Pizza / Large Bag,dairy,113,shopify_shipping_weight,low,12.99,USD,114.96,157.49,yes,catalog_feed,https://arcticfarms.com/products/freeze-dried-cheese-pizza-snack,2026-08-05,
Arctic Farms,US,arcticfarms.com,Freeze Dried Cheese Pizza Snack,Pepperoni Pizza / Large Bag,dairy,113,shopify_shipping_weight,low,12.99,USD,114.96,157.49,no,catalog_feed,https://arcticfarms.com/products/freeze-dried-cheese-pizza-snack,2026-08-05,
Arctic Farms,US,arcticfarms.com,Freeze Dried Cheese Pizza Snack,Cheese Pizza / Bulk Bag,dairy,953,shopify_shipping_weight,low,89.99,USD,94.43,129.37,yes,catalog_feed,https://arcticfarms.com/products/freeze-dried-cheese-pizza-snack,2026-08-05,
Arctic Farms,US,arcticfarms.com,Freeze Dried Cheese Pizza Snack,Pepperoni Pizza / Bulk Bag,dairy,953,shopify_shipping_weight,low,89.99,USD,94.43,129.37,no,catalog_feed,https://arcticfarms.com/products/freeze-dried-cheese-pizza-snack,2026-08-05,
Arctic Farms,US,arcticfarms.com,Freeze Dried Gummy Pizza Slices,2oz,candy,57,variant_title,high,7.99,USD,140.18,192.04,yes,catalog_feed,https://arcticfarms.com/products/freeze-dried-gummy-pizza-slices,2026-08-05,
Arctic Farms,US,arcticfarms.com,Freeze Dried Gummy Pizza Slices,4oz,candy,113,variant_title,high,14.99,USD,132.65,181.74,yes,catalog_feed,https://arcticfarms.com/products/freeze-dried-gummy-pizza-slices,2026-08-05,
Arctic Farms,US,arcticfarms.com,Freeze Dried Mango,Small,fruit,,none,none,6.99,USD,,,yes,catalog_feed,https://arcticfarms.com/products/freeze-dried-mango,2026-08-05,
Arctic Farms,US,arcticfarms.com,Freeze Dried Mango,Large,fruit,68,shopify_shipping_weight,low,14.99,USD,220.44,302.00,yes,catalog_feed,https://arcticfarms.com/products/freeze-dried-mango,2026-08-05,
Arctic Farms,US,arcticfarms.com,Freeze Dried Mango,Bulk,fruit,369,shopify_shipping_weight,low,74.99,USD,203.22,278.42,yes,catalog_feed,https://arcticfarms.com/products/freeze-dried-mango,2026-08-05,
Arctic Farms,US,arcticfarms.com,Freeze Dried Golden Kiwi,Small,fruit,,none,none,9.99,USD,,,yes,catalog_feed,https://arcticfarms.com/products/freeze-dried-golden-kiwi,2026-08-05,
Arctic Farms,US,arcticfarms.com,Freeze Dried Golden Kiwi,Large,fruit,57,shopify_shipping_weight,low,19.99,USD,350.70,480.46,yes,catalog_feed,https://arcticfarms.com/products/freeze-dried-golden-kiwi,2026-08-05,
Arctic Farms,US,arcticfarms.com,Freeze Dried Golden Kiwi,Bulk,fruit,340,shopify_shipping_weight,low,99.99,USD,294.09,402.90,yes,catalog_feed,https://arcticfarms.com/products/freeze-dried-golden-kiwi,2026-08-05,
Arctic Farms,US,arcticfarms.com,Freeze Dried Cauliflower,Large,vegetable,,none,none,9.99,USD,,,yes,catalog_feed,https://arcticfarms.com/products/freeze-dried-cauliflower,2026-08-05,
Arctic Farms,US,arcticfarms.com,Freeze Dried Broccoli,Large,vegetable,,none,none,14.99,USD,,,yes,catalog_feed,https://arcticfarms.com/products/freeze-dried-broccoli,2026-08-05,
Arctic Farms,US,arcticfarms.com,Freeze Dried Broccoli,Bulk,vegetable,142,shopify_shipping_weight,low,79.99,USD,,,yes,catalog_feed,https://arcticfarms.com/products/freeze-dried-broccoli,2026-08-05,implausible_from_shipping_weight_cad(772)
Arctic Farms,US,arcticfarms.com,Freeze Dried Honeydew Melon,Small,fruit,,none,none,6.99,USD,,,yes,catalog_feed,https://arcticfarms.com/products/freeze-dried-honeydew-melon,2026-08-05,
Arctic Farms,US,arcticfarms.com,Freeze Dried Honeydew Melon,Large,fruit,23,shopify_shipping_weight,low,14.99,USD,,,yes,catalog_feed,https://arcticfarms.com/products/freeze-dried-honeydew-melon,2026-08-05,implausible_from_shipping_weight(652)
Arctic Farms,US,arcticfarms.com,Freeze Dried Honeydew Melon,Bulk,fruit,153,shopify_shipping_weight,low,74.95,USD,,,yes,catalog_feed,https://arcticfarms.com/products/freeze-dried-honeydew-melon,2026-08-05,implausible_from_shipping_weight_cad(671)
Arctic Farms,US,arcticfarms.com,Freeze Dried Peach,Small,fruit,,none,none,6.99,USD,,,yes,catalog_feed,https://arcticfarms.com/products/freeze-dried-peach,2026-08-05,
Arctic Farms,US,arcticfarms.com,Freeze Dried Peach,Large,fruit,57,shopify_shipping_weight,low,14.99,USD,262.98,360.29,yes,catalog_feed,https://arcticfarms.com/products/freeze-dried-peach,2026-08-05,
Arctic Farms,US,arcticfarms.com,Freeze Dried Peach,Bulk,fruit,227,shopify_shipping_weight,low,69.99,USD,308.33,422.41,yes,catalog_feed,https://arcticfarms.com/products/freeze-dried-peach,2026-08-05,
Arctic Farms,US,arcticfarms.com,Freeze Dried Whole Raspberry,Small,fruit,,none,none,7.99,USD,,,yes,catalog_feed,https://arcticfarms.com/products/freeze-dried-whole-raspberry,2026-08-05,
Arctic Farms,US,arcticfarms.com,Freeze Dried Whole Raspberry,Large,fruit,35,shopify_shipping_weight,low,17.99,USD,,,yes,catalog_feed,https://arcticfarms.com/products/freeze-dried-whole-raspberry,2026-08-05,implausible_from_shipping_weight_cad(704)
Arctic Farms,US,arcticfarms.com,Freeze Dried Whole Raspberry,Bulk,fruit,255,shopify_shipping_weight,low,89.99,USD,352.90,483.48,yes,catalog_feed,https://arcticfarms.com/products/freeze-dried-whole-raspberry,2026-08-05,
Arctic Farms,US,arcticfarms.com,Freeze Dried Blackberry,Small,fruit,,none,none,8.99,USD,,,yes,catalog_feed,https://arcticfarms.com/products/freeze-dried-blackberry,2026-08-05,
Arctic Farms,US,arcticfarms.com,Freeze Dried Blackberry,Large,fruit,50,shopify_shipping_weight,low,19.99,USD,399.80,547.73,yes,catalog_feed,https://arcticfarms.com/products/freeze-dried-blackberry,2026-08-05,
Arctic Farms,US,arcticfarms.com,Freeze Dried Blackberry,Bulk,fruit,397,shopify_shipping_weight,low,99.99,USD,251.86,345.05,yes,catalog_feed,https://arcticfarms.com/products/freeze-dried-blackberry,2026-08-05,
Arctic Farms,US,arcticfarms.com,Freeze Dried Banana Chips,Small,fruit,28,shopify_shipping_weight,low,6.99,USD,249.64,342.01,yes,catalog_feed,https://arcticfarms.com/products/freeze-dried-banana-chips,2026-08-05,
Arctic Farms,US,arcticfarms.com,Freeze Dried Banana Chips,Large,fruit,99,shopify_shipping_weight,low,12.99,USD,131.21,179.76,yes,catalog_feed,https://arcticfarms.com/products/freeze-dried-banana-chips,2026-08-05,
Arctic Farms,US,arcticfarms.com,Freeze Dried Banana Chips,Bulk,fruit,794,shopify_shipping_weight,low,79.99,USD,100.74,138.02,yes,catalog_feed,https://arcticfarms.com/products/freeze-dried-banana-chips,2026-08-05,
Arctic Farms,US,arcticfarms.com,Freeze Dried Passion Fruit,Small,fruit,23,shopify_shipping_weight,low,6.99,USD,303.91,416.36,yes,catalog_feed,https://arcticfarms.com/products/freeze-dried-passion-fruit,2026-08-05,
Arctic Farms,US,arcticfarms.com,Freeze Dried Passion Fruit,Large,fruit,85,shopify_shipping_weight,low,14.99,USD,176.35,241.60,yes,catalog_feed,https://arcticfarms.com/products/freeze-dried-passion-fruit,2026-08-05,
Arctic Farms,US,arcticfarms.com,Freeze Dried Organic Red Dragon Fruit,Small,fruit,28,shopify_shipping_weight,low,7.99,USD,285.36,390.94,yes,catalog_feed,https://arcticfarms.com/products/freeze-dried-organic-dragon-fruit,2026-08-05,
Arctic Farms,US,arcticfarms.com,Freeze Dried Organic Red Dragon Fruit,Large,fruit,85,shopify_shipping_weight,low,14.99,USD,176.35,241.60,yes,catalog_feed,https://arcticfarms.com/products/freeze-dried-organic-dragon-fruit,2026-08-05,
Arctic Farms,US,arcticfarms.com,Freeze Dried Organic Red Dragon Fruit,Bulk,fruit,510,shopify_shipping_weight,low,79.99,USD,156.84,214.88,yes,catalog_feed,https://arcticfarms.com/products/freeze-dried-organic-dragon-fruit,2026-08-05,
Arctic Farms,US,arcticfarms.com,Freeze Dried Lime Slices,Small,fruit,,none,none,7.99,USD,,,yes,catalog_feed,https://arcticfarms.com/products/freeze-dried-lime-slices,2026-08-05,
Arctic Farms,US,arcticfarms.com,Freeze Dried Lime Slices,Large,fruit,34,shopify_shipping_weight,low,14.99,USD,,,yes,catalog_feed,https://arcticfarms.com/products/freeze-dried-lime-slices,2026-08-05,implausible_from_shipping_weight_cad(604)
Arctic Farms,US,arcticfarms.com,Freeze Dried Lime Slices,Bulk,fruit,21,shopify_shipping_weight,low,69.99,USD,,,yes,catalog_feed,https://arcticfarms.com/products/freeze-dried-lime-slices,2026-08-05,implausible_from_shipping_weight(3333)
Arctic Farms,US,arcticfarms.com,Freeze Dried Lemon Slices,Small,fruit,,none,none,6.99,USD,,,yes,catalog_feed,https://arcticfarms.com/products/freeze-dried-lemon-slices,2026-08-05,
Arctic Farms,US,arcticfarms.com,Freeze Dried Lemon Slices,Large,fruit,26,shopify_shipping_weight,low,12.99,USD,,,yes,catalog_feed,https://arcticfarms.com/products/freeze-dried-lemon-slices,2026-08-05,implausible_from_shipping_weight_cad(684)
Arctic Farms,US,arcticfarms.com,Freeze Dried Lemon Slices,Bulk,fruit,170,shopify_shipping_weight,low,64.95,USD,382.06,523.42,yes,catalog_feed,https://arcticfarms.com/products/freeze-dried-lemon-slices,2026-08-05,
Arctic Farms,US,arcticfarms.com,Freeze Dried Blueberries,Classic / Small,fruit,,none,none,6.99,USD,,,yes,catalog_feed,https://arcticfarms.com/products/freeze-dried-blueberry,2026-08-05,
Arctic Farms,US,arcticfarms.com,Freeze Dried Blueberries,Classic / Large,fruit,57,shopify_shipping_weight,low,17.99,USD,315.61,432.39,yes,catalog_feed,https://arcticfarms.com/products/freeze-dried-blueberry,2026-08-05,
Arctic Farms,US,arcticfarms.com,Freeze Dried Blueberries,Classic / Bulk,fruit,456,shopify_shipping_weight,low,99.99,USD,219.28,300.41,yes,catalog_feed,https://arcticfarms.com/products/freeze-dried-blueberry,2026-08-05,
Arctic Farms,US,arcticfarms.com,Freeze Dried Blueberries,Jumbo / Small,fruit,,none,none,9.99,USD,,,yes,catalog_feed,https://arcticfarms.com/products/freeze-dried-blueberry,2026-08-05,
Arctic Farms,US,arcticfarms.com,Freeze Dried Blueberries,Jumbo / Large,fruit,,none,none,19.99,USD,,,yes,catalog_feed,https://arcticfarms.com/products/freeze-dried-blueberry,2026-08-05,
Arctic Farms,US,arcticfarms.com,Freeze Dried Blueberries,Jumbo / Bulk,fruit,,none,none,129.99,USD,,,yes,catalog_feed,https://arcticfarms.com/products/freeze-dried-blueberry,2026-08-05,
Arctic Farms,US,arcticfarms.com,Freeze Dried Carrot Chips,Small,vegetable,,none,none,6.99,USD,,,yes,catalog_feed,https://arcticfarms.com/products/freeze-dried-carrot-chips,2026-08-05,
Arctic Farms,US,arcticfarms.com,Freeze Dried Carrot Chips,Large,vegetable,45,shopify_shipping_weight,low,14.99,USD,333.11,456.36,yes,catalog_feed,https://arcticfarms.com/products/freeze-dried-carrot-chips,2026-08-05,
Arctic Farms,US,arcticfarms.com,Freeze Dried Watermelon,Small,fruit,,none,none,8.99,USD,,,yes,catalog_feed,https://arcticfarms.com/products/freeze-dried-watermelon,2026-08-05,
Arctic Farms,US,arcticfarms.com,Freeze Dried Watermelon,Large,fruit,122,shopify_shipping_weight,low,19.99,USD,163.85,224.48,yes,catalog_feed,https://arcticfarms.com/products/freeze-dried-watermelon,2026-08-05,
Arctic Farms,US,arcticfarms.com,Freeze Dried Watermelon,Bulk,fruit,170,shopify_shipping_weight,low,89.99,USD,,,yes,catalog_feed,https://arcticfarms.com/products/freeze-dried-watermelon,2026-08-05,implausible_from_shipping_weight_cad(725)
Arctic Farms,US,arcticfarms.com,Freeze Dried Strawberries Organic Strawberry Slices,Small,fruit,,none,none,6.99,USD,,,yes,catalog_feed,https://arcticfarms.com/products/freeze-dried-strawberries-organic-strawberry-slices,2026-08-05,
Arctic Farms,US,arcticfarms.com,Freeze Dried Strawberries Organic Strawberry Slices,Large,fruit,43,shopify_shipping_weight,low,12.99,USD,302.09,413.87,yes,catalog_feed,https://arcticfarms.com/products/freeze-dried-strawberries-organic-strawberry-slices,2026-08-05,
Arctic Farms,US,arcticfarms.com,Freeze Dried Strawberries Organic Strawberry Slices,Bulk,fruit,43,shopify_shipping_weight,low,69.99,USD,,,yes,catalog_feed,https://arcticfarms.com/products/freeze-dried-strawberries-organic-strawberry-slices,2026-08-05,implausible_from_shipping_weight(1628)
Arctic Farms,US,arcticfarms.com,Freeze Dried Cucumber Chips,Small,vegetable,28,shopify_shipping_weight,low,7.99,USD,285.36,390.94,yes,catalog_feed,https://arcticfarms.com/products/freeze-dried-cucumber-chips,2026-08-05,
Arctic Farms,US,arcticfarms.com,Freeze Dried Cucumber Chips,Large,vegetable,31,shopify_shipping_weight,low,14.99,USD,,,yes,catalog_feed,https://arcticfarms.com/products/freeze-dried-cucumber-chips,2026-08-05,implausible_from_shipping_weight_cad(662)
Arctic Farms,US,arcticfarms.com,Freeze Dried Ice Cream Sandwich Bites,Neapolitan / Small (1.1oz),ice_cream,31,variant_title,high,6.99,USD,225.48,308.91,yes,catalog_feed,https://arcticfarms.com/products/freeze-dried-ice-cream-sandwich-bites,2026-08-05,
Arctic Farms,US,arcticfarms.com,Freeze Dried Ice Cream Sandwich Bites,Neapolitan / Medium (3.5oz),ice_cream,99,variant_title,high,14.99,USD,151.41,207.44,yes,catalog_feed,https://arcticfarms.com/products/freeze-dried-ice-cream-sandwich-bites,2026-08-05,
Arctic Farms,US,arcticfarms.com,Freeze Dried Ice Cream Sandwich Bites,Neapolitan / Bulk (1lb),ice_cream,454,variant_title,high,89.95,USD,198.13,271.44,yes,catalog_feed,https://arcticfarms.com/products/freeze-dried-ice-cream-sandwich-bites,2026-08-05,
Arctic Farms,US,arcticfarms.com,Freeze Dried Ice Cream Sandwich Bites,Vanilla / Small (1.1oz),ice_cream,31,variant_title,high,6.99,USD,225.48,308.91,yes,catalog_feed,https://arcticfarms.com/products/freeze-dried-ice-cream-sandwich-bites,2026-08-05,
Arctic Farms,US,arcticfarms.com,Freeze Dried Ice Cream Sandwich Bites,Vanilla / Medium (3.5oz),ice_cream,99,variant_title,high,14.99,USD,151.41,207.44,yes,catalog_feed,https://arcticfarms.com/products/freeze-dried-ice-cream-sandwich-bites,2026-08-05,
Arctic Farms,US,arcticfarms.com,Freeze Dried Ice Cream Sandwich Bites,Vanilla / Bulk (1lb),ice_cream,454,variant_title,high,89.95,USD,198.13,271.44,yes,catalog_feed,https://arcticfarms.com/products/freeze-dried-ice-cream-sandwich-bites,2026-08-05,
Arctic Farms,US,arcticfarms.com,Freeze Dried Jalapeno Chips - Extra Spicy,Small,vegetable,128,shopify_shipping_weight,low,9.99,USD,78.05,106.92,yes,catalog_feed,https://arcticfarms.com/products/freeze-dried-jalapeno-chips-extra-spicy,2026-08-05,
Arctic Farms,US,arcticfarms.com,Freeze Dried Jalapeno Chips - Extra Spicy,Large,vegetable,128,shopify_shipping_weight,low,17.99,USD,140.55,192.55,yes,catalog_feed,https://arcticfarms.com/products/freeze-dried-jalapeno-chips-extra-spicy,2026-08-05,
Arctic Farms,US,arcticfarms.com,Freeze Dried Kosher Dill Pickle Jumbo Chips (Can be Salty),Small,vegetable,28,shopify_shipping_weight,low,6.99,USD,249.64,342.01,yes,catalog_feed,https://arcticfarms.com/products/freeze-dried-kosher-dill-pickle-jumbo-chips-large-bag,2026-08-05,
Arctic Farms,US,arcticfarms.com,Freeze Dried Kosher Dill Pickle Jumbo Chips (Can be Salty),Large,vegetable,31,shopify_shipping_weight,low,12.99,USD,419.03,574.07,yes,catalog_feed,https://arcticfarms.com/products/freeze-dried-kosher-dill-pickle-jumbo-chips-large-bag,2026-08-05,
Arctic Farms,US,arcticfarms.com,Freeze Dried Kosher Dill Pickle Jumbo Chips (Can be Salty),Small (Pack of 3),vegetable,142,shopify_shipping_weight,low,14.99,USD,105.56,144.62,yes,catalog_feed,https://arcticfarms.com/products/freeze-dried-kosher-dill-pickle-jumbo-chips-large-bag,2026-08-05,
Arctic Farms,US,arcticfarms.com,Freeze Dried Kosher Dill Pickle Jumbo Chips (Can be Salty),Large (Pack of 3),vegetable,170,shopify_shipping_weight,low,29.99,USD,176.41,241.68,yes,catalog_feed,https://arcticfarms.com/products/freeze-dried-kosher-dill-pickle-jumbo-chips-large-bag,2026-08-05,
Arctic Farms,US,arcticfarms.com,Freeze Dried Kosher Dill Pickle Slices from Jersey Pickles,Large,vegetable,113,shopify_shipping_weight,low,12.99,USD,114.96,157.49,yes,catalog_feed,https://arcticfarms.com/products/freeze-dried-kosher-dill-pickle-slices-from-jersey-pickles,2026-08-05,
Arctic Farms,US,arcticfarms.com,Freeze Dried Kosher Dill Pickle Slices from Jersey Pickles,Large (Pack of 3),vegetable,,none,none,29.99,USD,,,yes,catalog_feed,https://arcticfarms.com/products/freeze-dried-kosher-dill-pickle-slices-from-jersey-pickles,2026-08-05,
Arctic Farms,US,arcticfarms.com,Freeze Dried Pickle Chips (Firecracker - Mild Hot) from Jersey Pickles,Small,vegetable,31,shopify_shipping_weight,low,6.99,USD,225.48,308.91,yes,catalog_feed,https://arcticfarms.com/products/freeze-dried-dill-pickle-chips-firecracker-mild-hot,2026-08-05,
Arctic Farms,US,arcticfarms.com,Freeze Dried Pickle Chips (Firecracker - Mild Hot) from Jersey Pickles,Large,vegetable,31,shopify_shipping_weight,low,12.99,USD,419.03,574.07,yes,catalog_feed,https://arcticfarms.com/products/freeze-dried-dill-pickle-chips-firecracker-mild-hot,2026-08-05,
Arctic Farms,US,arcticfarms.com,Freeze Dried Pickle Chips (Firecracker - Mild Hot) from Jersey Pickles,Small (Pack of 3),vegetable,142,shopify_shipping_weight,low,14.99,USD,105.56,144.62,yes,catalog_feed,https://arcticfarms.com/products/freeze-dried-dill-pickle-chips-firecracker-mild-hot,2026-08-05,
Arctic Farms,US,arcticfarms.com,Freeze Dried Pickle Chips (Firecracker - Mild Hot) from Jersey Pickles,Large (Pack of 3),vegetable,31,shopify_shipping_weight,low,29.99,USD,,,yes,catalog_feed,https://arcticfarms.com/products/freeze-dried-dill-pickle-chips-firecracker-mild-hot,2026-08-05,implausible_from_shipping_weight(967)
Arctic Farms,US,arcticfarms.com,Build Your Own Ice Cream Bundle,4 PACK | Save 11% / 1oz,ice_cream,112,variant_title_x4,medium,24.99,USD,223.12,305.68,yes,catalog_feed,https://arcticfarms.com/products/ice-cream-bundle,2026-08-05,
Arctic Farms,US,arcticfarms.com,Build Your Own Ice Cream Bundle,4 PACK | Save 11% / 2.5oz,ice_cream,284,variant_title_x4,medium,53.99,USD,190.11,260.44,yes,catalog_feed,https://arcticfarms.com/products/ice-cream-bundle,2026-08-05,
Arctic Farms,US,arcticfarms.com,Build Your Own Ice Cream Bundle,6 PACK | Save 14% / 1oz,ice_cream,168,variant_title_x6,medium,35.99,USD,214.23,293.49,yes,catalog_feed,https://arcticfarms.com/products/ice-cream-bundle,2026-08-05,
Arctic Farms,US,arcticfarms.com,Build Your Own Ice Cream Bundle,6 PACK | Save 14% / 2.5oz,ice_cream,426,variant_title_x6,medium,76.99,USD,180.73,247.60,yes,catalog_feed,https://arcticfarms.com/products/ice-cream-bundle,2026-08-05,
Arctic Farms,US,arcticfarms.com,Build Your Own Ice Cream Bundle,12 PACK | Save 24% / 1oz,ice_cream,336,variant_title_x12,medium,64.99,USD,193.42,264.99,yes,catalog_feed,https://arcticfarms.com/products/ice-cream-bundle,2026-08-05,
Arctic Farms,US,arcticfarms.com,Build Your Own Ice Cream Bundle,12 PACK | Save 24% / 2.5oz,ice_cream,852,variant_title_x12,medium,138.99,USD,163.13,223.49,yes,catalog_feed,https://arcticfarms.com/products/ice-cream-bundle,2026-08-05,
Arctic Farms,US,arcticfarms.com,Freeze Dried Dill Pickle Chips (Less Salty),Small,vegetable,28,shopify_shipping_weight,low,6.99,USD,249.64,342.01,yes,catalog_feed,https://arcticfarms.com/products/freeze-dried-dill-pickle-chips,2026-08-05,
Arctic Farms,US,arcticfarms.com,Freeze Dried Dill Pickle Chips (Less Salty),Large,vegetable,31,shopify_shipping_weight,low,14.99,USD,,,yes,catalog_feed,https://arcticfarms.com/products/freeze-dried-dill-pickle-chips,2026-08-05,implausible_from_shipping_weight_cad(662)
Arctic Farms,US,arcticfarms.com,Freeze Dried Dill Pickle Chips (Less Salty),Small (Pack of 3),vegetable,142,shopify_shipping_weight,low,17.99,USD,126.69,173.57,yes,catalog_feed,https://arcticfarms.com/products/freeze-dried-dill-pickle-chips,2026-08-05,
Arctic Farms,US,arcticfarms.com,Freeze Dried Dill Pickle Chips (Less Salty),Large (Pack of 3),vegetable,142,shopify_shipping_weight,low,39.99,USD,281.62,385.82,yes,catalog_feed,https://arcticfarms.com/products/freeze-dried-dill-pickle-chips,2026-08-05,
Arctic Farms,US,arcticfarms.com,Freeze Dried Dill Pickle Chips (Less Salty),Bulk,vegetable,113,shopify_shipping_weight,low,74.95,USD,,,yes,catalog_feed,https://arcticfarms.com/products/freeze-dried-dill-pickle-chips,2026-08-05,implausible_from_shipping_weight(663)
Arctic Farms,US,arcticfarms.com,Freeze Dried Corn - Super Sweet,Small / Super Sweet,vegetable,62,shopify_shipping_weight,low,9.99,USD,161.13,220.75,yes,catalog_feed,https://arcticfarms.com/products/freeze-dried-corn-super-sweet,2026-08-05,
Arctic Farms,US,arcticfarms.com,Freeze Dried Corn - Super Sweet,Large / Super Sweet,vegetable,128,shopify_shipping_weight,low,14.99,USD,117.11,160.44,yes,catalog_feed,https://arcticfarms.com/products/freeze-dried-corn-super-sweet,2026-08-05,
Arctic Farms,US,arcticfarms.com,Freeze Dried Corn - Fire Roasted,Small / Fire Roasted,vegetable,62,shopify_shipping_weight,low,9.99,USD,161.13,220.75,yes,catalog_feed,https://arcticfarms.com/products/freeze-dried-corn-fire-roasted,2026-08-05,
Arctic Farms,US,arcticfarms.com,Freeze Dried Corn - Fire Roasted,Large / Fire Roasted,vegetable,128,shopify_shipping_weight,low,14.99,USD,117.11,160.44,yes,catalog_feed,https://arcticfarms.com/products/freeze-dried-corn-fire-roasted,2026-08-05,
Arctic Farms,US,arcticfarms.com,Freeze Dried Corn - Mexican Street Flavor,Small / Mexican Street,vegetable,128,shopify_shipping_weight,low,9.99,USD,78.05,106.92,yes,catalog_feed,https://arcticfarms.com/products/freeze-dried-corn-mexican-street,2026-08-05,
Arctic Farms,US,arcticfarms.com,Freeze Dried Corn - Mexican Street Flavor,Large / Mexican Street,vegetable,128,shopify_shipping_weight,low,14.99,USD,117.11,160.44,yes,catalog_feed,https://arcticfarms.com/products/freeze-dried-corn-mexican-street,2026-08-05,
Arctic Farms,US,arcticfarms.com,Freeze Dried Corn - Plain,Small,vegetable,62,shopify_shipping_weight,low,9.99,USD,161.13,220.75,yes,catalog_feed,https://arcticfarms.com/products/freeze-dried-corn,2026-08-05,
Arctic Farms,US,arcticfarms.com,Freeze Dried Corn - Plain,Large,vegetable,128,shopify_shipping_weight,low,14.99,USD,117.11,160.44,yes,catalog_feed,https://arcticfarms.com/products/freeze-dried-corn,2026-08-05,
Arctic Farms,US,arcticfarms.com,Freeze Dried Corn - Plain,Bulk,vegetable,992,shopify_shipping_weight,low,99.99,USD,100.80,138.09,yes,catalog_feed,https://arcticfarms.com/products/freeze-dried-corn,2026-08-05,
Arctic Farms,US,arcticfarms.com,Freeze Dried Candy Canes,Peppermint,candy,57,shopify_shipping_weight,low,14.99,USD,262.98,360.29,yes,catalog_feed,https://arcticfarms.com/products/freeze-dried-candy-canes,2026-08-05,
Arctic Farms,US,arcticfarms.com,Freeze Dried Candy Canes,Fruity,candy,57,shopify_shipping_weight,low,14.99,USD,262.98,360.29,no,catalog_feed,https://arcticfarms.com/products/freeze-dried-candy-canes,2026-08-05,
Arctic Farms,US,arcticfarms.com,Freeze Dried Candy Party Mix,Small,candy,181,shopify_shipping_weight,low,14.99,USD,82.82,113.46,yes,catalog_feed,https://arcticfarms.com/products/freeze-dried-candy-party-mix,2026-08-05,
Arctic Farms,US,arcticfarms.com,Freeze Dried Candy Party Mix,Large,candy,363,shopify_shipping_weight,low,24.99,USD,68.84,94.31,yes,catalog_feed,https://arcticfarms.com/products/freeze-dried-candy-party-mix,2026-08-05,
Arctic Farms,US,arcticfarms.com,Freeze Dried Candy Party Mix,Bulk,candy,1928,shopify_shipping_weight,low,69.99,USD,36.30,49.73,yes,catalog_feed,https://arcticfarms.com/products/freeze-dried-candy-party-mix,2026-08-05,
Arctic Farms,US,arcticfarms.com,Freeze Dried MINI Bits Ice Cream,Neapolitan,ice_cream,57,shopify_shipping_weight,low,12.99,USD,227.89,312.22,no,catalog_feed,https://arcticfarms.com/products/freeze-dried-mini-ice-cream,2026-08-05,
Arctic Farms,US,arcticfarms.com,Freeze Dried MINI Bits Ice Cream,Vanilla,ice_cream,57,shopify_shipping_weight,low,12.99,USD,227.89,312.22,no,catalog_feed,https://arcticfarms.com/products/freeze-dried-mini-ice-cream,2026-08-05,
Arctic Farms,US,arcticfarms.com,Freeze Dried MINI Bits Ice Cream,Chocolate,ice_cream,57,shopify_shipping_weight,low,12.99,USD,227.89,312.22,no,catalog_feed,https://arcticfarms.com/products/freeze-dried-mini-ice-cream,2026-08-05,
Arctic Farms,US,arcticfarms.com,Freeze Dried MINI Bits Ice Cream,Strawberry,ice_cream,77,shopify_shipping_weight,low,12.99,USD,168.70,231.12,no,catalog_feed,https://arcticfarms.com/products/freeze-dried-mini-ice-cream,2026-08-05,
Arctic Farms,US,arcticfarms.com,Freeze Dried MINI Bits Ice Cream,Banana Split,ice_cream,57,shopify_shipping_weight,low,12.99,USD,227.89,312.22,no,catalog_feed,https://arcticfarms.com/products/freeze-dried-mini-ice-cream,2026-08-05,
Arctic Farms,US,arcticfarms.com,Freeze Dried MINI Bits Ice Cream,Brownie Blast,ice_cream,71,shopify_shipping_weight,low,12.99,USD,182.96,250.65,no,catalog_feed,https://arcticfarms.com/products/freeze-dried-mini-ice-cream,2026-08-05,
Arctic Farms,US,arcticfarms.com,Freeze Dried MINI Bits Ice Cream,Chocolate Vanilla,ice_cream,57,shopify_shipping_weight,low,12.99,USD,227.89,312.22,no,catalog_feed,https://arcticfarms.com/products/freeze-dried-mini-ice-cream,2026-08-05,
Arctic Farms,US,arcticfarms.com,Freeze Dried MINI Bits Ice Cream,Cotton Candy,ice_cream,57,shopify_shipping_weight,low,12.99,USD,227.89,312.22,no,catalog_feed,https://arcticfarms.com/products/freeze-dried-mini-ice-cream,2026-08-05,
Arctic Farms,US,arcticfarms.com,Freeze Dried MINI Bits Ice Cream,Mint Chocolate,ice_cream,57,shopify_shipping_weight,low,12.99,USD,227.89,312.22,no,catalog_feed,https://arcticfarms.com/products/freeze-dried-mini-ice-cream,2026-08-05,
Arctic Farms,US,arcticfarms.com,Freeze Dried MINI Bits Ice Cream,Cookies & Cream,ice_cream,77,shopify_shipping_weight,low,17.99,USD,233.64,320.08,no,catalog_feed,https://arcticfarms.com/products/freeze-dried-mini-ice-cream,2026-08-05,
Arctic Farms,US,arcticfarms.com,PREMIUM Freeze Dried Ice Cream * Only 5 Ingredients * Neapolitan,Neapolitan / Small,ice_cream,113,shopify_shipping_weight,low,7.99,USD,70.71,96.87,yes,catalog_feed,https://arcticfarms.com/products/premium-freeze-dried-ice-cream,2026-08-05,
Arctic Farms,US,arcticfarms.com,PREMIUM Freeze Dried Ice Cream * Only 5 Ingredients * Neapolitan,Neapolitan / Large,ice_cream,77,shopify_shipping_weight,low,17.99,USD,233.64,320.08,yes,catalog_feed,https://arcticfarms.com/products/premium-freeze-dried-ice-cream,2026-08-05,
Arctic Farms,US,arcticfarms.com,PREMIUM Freeze Dried Ice Cream * Only 5 Ingredients * Neapolitan,Neapolitan / Extra Large,ice_cream,227,shopify_shipping_weight,low,44.95,USD,198.02,271.28,yes,catalog_feed,https://arcticfarms.com/products/premium-freeze-dried-ice-cream,2026-08-05,
Arctic Farms,US,arcticfarms.com,PREMIUM Freeze Dried Ice Cream * Only 5 Ingredients * Neapolitan,Neapolitan / Bulk,ice_cream,499,shopify_shipping_weight,low,99.99,USD,200.38,274.52,yes,catalog_feed,https://arcticfarms.com/products/premium-freeze-dried-ice-cream,2026-08-05,
Arctic Farms,US,arcticfarms.com,Freeze Dried Candy Variety Bundle Pack - Halloween Special Candy,Halloween / Halloween,candy,953,shopify_shipping_weight,low,49.00,USD,51.42,70.44,yes,catalog_feed,https://arcticfarms.com/products/freeze-dried-variety-bundle-pack-halloween-special-candy,2026-08-05,
Arctic Farms,US,arcticfarms.com,Freeze Dried Ice Cream Bundle (1oz Bags),4 Pack,ice_cream,112,product_title_x4,medium,24.99,USD,223.12,305.68,yes,catalog_feed,https://arcticfarms.com/products/freeze-dried-ice-cream-bundle,2026-08-05,
Arctic Farms,US,arcticfarms.com,Freeze Dried Ice Cream Bundle (1oz Bags),8 Pack,ice_cream,224,product_title_x8,medium,47.99,USD,214.24,293.51,yes,catalog_feed,https://arcticfarms.com/products/freeze-dried-ice-cream-bundle,2026-08-05,
Arctic Farms,US,arcticfarms.com,Freeze Dried Ice Cream Bundle (1oz Bags),12 Pack,ice_cream,336,product_title_x12,medium,64.99,USD,193.42,264.99,yes,catalog_feed,https://arcticfarms.com/products/freeze-dried-ice-cream-bundle,2026-08-05,
Arctic Farms,US,arcticfarms.com,Freeze Dried Ice Cream Bundle (1oz Bags),43 Pack,ice_cream,1204,product_title_x43,medium,199.99,USD,166.10,227.56,yes,catalog_feed,https://arcticfarms.com/products/freeze-dried-ice-cream-bundle,2026-08-05,
Arctic Farms,US,arcticfarms.com,Freeze Dried Fruit Jollies Candy,Assorted / Large,candy,113,shopify_shipping_weight,low,14.99,USD,132.65,181.74,yes,catalog_feed,https://arcticfarms.com/products/freeze-dried-fruit-jollies-candy,2026-08-05,
Arctic Farms,US,arcticfarms.com,Freeze Dried Zotz Fizz Candy,Assorted / 1.75oz,candy,50,variant_title,high,9.99,USD,199.80,273.73,yes,catalog_feed,https://arcticfarms.com/products/freeze-dried-zotz-fizz-candy,2026-08-05,
Arctic Farms,US,arcticfarms.com,Freeze Dried Zotz Fizz Candy,Watermelon / 1.75oz,candy,50,variant_title,high,9.99,USD,199.80,273.73,yes,catalog_feed,https://arcticfarms.com/products/freeze-dried-zotz-fizz-candy,2026-08-05,
Arctic Farms,US,arcticfarms.com,Freeze Dried Zotz Fizz Candy,Cherry / 1.75oz,candy,50,variant_title,high,9.99,USD,199.80,273.73,yes,catalog_feed,https://arcticfarms.com/products/freeze-dried-zotz-fizz-candy,2026-08-05,
Arctic Farms,US,arcticfarms.com,Freeze Dried Zotz Fizz Candy,Blue Raspberry / 1.75oz,candy,50,variant_title,high,9.99,USD,199.80,273.73,yes,catalog_feed,https://arcticfarms.com/products/freeze-dried-zotz-fizz-candy,2026-08-05,
Arctic Farms,US,arcticfarms.com,Freeze Dried Zotz Fizz Candy,Apple / 1.75oz,candy,50,variant_title,high,9.99,USD,199.80,273.73,yes,catalog_feed,https://arcticfarms.com/products/freeze-dried-zotz-fizz-candy,2026-08-05,
Arctic Farms,US,arcticfarms.com,Freeze Dried Zotz Fizz Candy,Orange / 1.75oz,candy,50,variant_title,high,9.99,USD,199.80,273.73,yes,catalog_feed,https://arcticfarms.com/products/freeze-dried-zotz-fizz-candy,2026-08-05,
Arctic Farms,US,arcticfarms.com,Freeze Dried Zotz Fizz Candy,Strawberry / 1.75oz,candy,50,variant_title,high,9.99,USD,199.80,273.73,yes,catalog_feed,https://arcticfarms.com/products/freeze-dried-zotz-fizz-candy,2026-08-05,
Arctic Farms,US,arcticfarms.com,Freeze Dried Zotz Fizz Candy,Grape / 1.75oz,candy,50,variant_title,high,9.99,USD,199.80,273.73,yes,catalog_feed,https://arcticfarms.com/products/freeze-dried-zotz-fizz-candy,2026-08-05,
Arctic Farms,US,arcticfarms.com,Freeze Dried Giant Hunk Candy,Large,candy,113,shopify_shipping_weight,low,11.99,USD,106.11,145.37,yes,catalog_feed,https://arcticfarms.com/products/arctic-farms-freeze-dried-candies-giant-hunk,2026-08-05,
Arctic Farms,US,arcticfarms.com,Freeze Dried Crunchy Clusters,Rainbow / Large,candy,57,shopify_shipping_weight,low,7.99,USD,140.18,192.04,yes,catalog_feed,https://arcticfarms.com/products/arctic-farms-freeze-dried-clusters,2026-08-05,
Arctic Farms,US,arcticfarms.com,Freeze Dried Crunchy Clusters,Very Berry / Large,candy,57,shopify_shipping_weight,low,7.99,USD,140.18,192.04,yes,catalog_feed,https://arcticfarms.com/products/arctic-farms-freeze-dried-clusters,2026-08-05,
Arctic Farms,US,arcticfarms.com,Freeze Dried Crunchy Clusters,Assorted / Large,candy,57,shopify_shipping_weight,low,7.99,USD,140.18,192.04,yes,catalog_feed,https://arcticfarms.com/products/arctic-farms-freeze-dried-clusters,2026-08-05,
Arctic Farms,US,arcticfarms.com,Freeze Dried Marshmallows,Micro Bits / Small,candy,28,shopify_shipping_weight,low,5.99,USD,213.93,293.08,yes,catalog_feed,https://arcticfarms.com/products/arctic-farms-freeze-dried-spree-marshmallows,2026-08-05,
Arctic Farms,US,arcticfarms.com,Freeze Dried Marshmallows,Mini / Large,candy,99,shopify_shipping_weight,low,9.99,USD,100.91,138.25,yes,catalog_feed,https://arcticfarms.com/products/arctic-farms-freeze-dried-spree-marshmallows,2026-08-05,
Arctic Farms,US,arcticfarms.com,Freeze Dried Marshmallows,Micro Bits / Large,candy,231,shopify_shipping_weight,low,9.99,USD,43.25,59.25,yes,catalog_feed,https://arcticfarms.com/products/arctic-farms-freeze-dried-spree-marshmallows,2026-08-05,
Arctic Farms,US,arcticfarms.com,Freeze Dried Marshmallows,Mini / Extra Large,candy,184,shopify_shipping_weight,low,14.99,USD,81.47,111.61,yes,catalog_feed,https://arcticfarms.com/products/arctic-farms-freeze-dried-spree-marshmallows,2026-08-05,
Arctic Farms,US,arcticfarms.com,Freeze Dried Marshmallows,Micro Bits / Extra Large,candy,283,shopify_shipping_weight,low,19.99,USD,70.64,96.77,yes,catalog_feed,https://arcticfarms.com/products/arctic-farms-freeze-dried-spree-marshmallows,2026-08-05,
Arctic Farms,US,arcticfarms.com,Freeze Dried Marshmallows,Micro Bits / Bulk,candy,771,shopify_shipping_weight,low,39.99,USD,51.87,71.06,yes,catalog_feed,https://arcticfarms.com/products/arctic-farms-freeze-dried-spree-marshmallows,2026-08-05,
Arctic Farms,US,arcticfarms.com,Freeze Dried Marshmallows,Mini / Bulk,candy,635,shopify_shipping_weight,low,39.99,USD,62.98,86.28,yes,catalog_feed,https://arcticfarms.com/products/arctic-farms-freeze-dried-spree-marshmallows,2026-08-05,
Arctic Farms,US,arcticfarms.com,Freeze Dried Spree Burgers Candy,Small,candy,85,shopify_shipping_weight,low,7.99,USD,94.00,128.78,yes,catalog_feed,https://arcticfarms.com/products/arctic-farms-freeze-dried-spree-burgers,2026-08-05,
Arctic Farms,US,arcticfarms.com,Freeze Dried Spree Burgers Candy,Large,candy,170,shopify_shipping_weight,low,11.99,USD,70.53,96.63,yes,catalog_feed,https://arcticfarms.com/products/arctic-farms-freeze-dried-spree-burgers,2026-08-05,
Arctic Farms,US,arcticfarms.com,Freeze Dried Sugar Caramel Babes Candy,Small,candy,132,shopify_shipping_weight,low,6.99,USD,52.95,72.55,yes,catalog_feed,https://arcticfarms.com/products/arctic-farms-freeze-dried-sugar-caramel-babes-candy,2026-08-05,
Arctic Farms,US,arcticfarms.com,Freeze Dried Sugar Caramel Babes Candy,Large,candy,170,shopify_shipping_weight,low,14.99,USD,88.18,120.80,yes,catalog_feed,https://arcticfarms.com/products/arctic-farms-freeze-dried-sugar-caramel-babes-candy,2026-08-05,
Arctic Farms,US,arcticfarms.com,Freeze Dried Sugar Caramel Babes Candy,Extra Large,candy,369,shopify_shipping_weight,low,24.99,USD,67.72,92.78,yes,catalog_feed,https://arcticfarms.com/products/arctic-farms-freeze-dried-sugar-caramel-babes-candy,2026-08-05,
Arctic Farms,US,arcticfarms.com,Freeze Dried Gummy Gummi Bears,Assorted / Large,candy,85,shopify_shipping_weight,low,9.99,USD,117.53,161.02,yes,catalog_feed,https://arcticfarms.com/products/arctic-farms-freeze-dried-gummy-bears,2026-08-05,
Arctic Farms,US,arcticfarms.com,Freeze Dried Gummy Gummi Bears,Assorted Sour / Large,candy,60,shopify_shipping_weight,low,9.99,USD,166.50,228.11,yes,catalog_feed,https://arcticfarms.com/products/arctic-farms-freeze-dried-gummy-bears,2026-08-05,
Arctic Farms,US,arcticfarms.com,Freeze Dried Gummy Gummi Bears,Assorted / Extra Large,candy,170,shopify_shipping_weight,low,17.99,USD,105.82,144.98,yes,catalog_feed,https://arcticfarms.com/products/arctic-farms-freeze-dried-gummy-bears,2026-08-05,
Arctic Farms,US,arcticfarms.com,Freeze Dried Gummy Gummi Bears,Assorted Sour / Extra Large,candy,119,shopify_shipping_weight,low,17.99,USD,151.18,207.11,yes,catalog_feed,https://arcticfarms.com/products/arctic-farms-freeze-dried-gummy-bears,2026-08-05,
Arctic Farms,US,arcticfarms.com,Freeze Dried Gummy Worms,Assorted / 1.7oz,candy,48,variant_title,high,9.99,USD,208.13,285.13,yes,catalog_feed,https://arcticfarms.com/products/arctic-farms-freeze-dried-gummy-worms,2026-08-05,
Arctic Farms,US,arcticfarms.com,Freeze Dried Gummy Worms,Assorted Sour / 1.2oz,candy,34,variant_title,high,9.99,USD,293.82,402.54,yes,catalog_feed,https://arcticfarms.com/products/arctic-farms-freeze-dried-gummy-worms,2026-08-05,
Arctic Farms,US,arcticfarms.com,Freeze Dried Gummy Worms,Assorted / 3.4oz,candy,96,variant_title,high,17.99,USD,187.40,256.73,yes,catalog_feed,https://arcticfarms.com/products/arctic-farms-freeze-dried-gummy-worms,2026-08-05,
Arctic Farms,US,arcticfarms.com,Freeze Dried Gummy Worms,Assorted Sour / 2.4oz,candy,68,variant_title,high,17.99,USD,264.56,362.45,yes,catalog_feed,https://arcticfarms.com/products/arctic-farms-freeze-dried-gummy-worms,2026-08-05,
Arctic Farms,US,arcticfarms.com,Freeze Dried Gummy Rings,Assorted / 2.2oz,candy,62,variant_title,high,12.99,USD,209.52,287.04,yes,catalog_feed,https://arcticfarms.com/products/arctic-farms-freeze-dried-gummy-rings,2026-08-05,
Arctic Farms,US,arcticfarms.com,Freeze Dried Gummy Rings,Peach / 2.2oz,candy,62,variant_title,high,9.99,USD,161.13,220.75,yes,catalog_feed,https://arcticfarms.com/products/arctic-farms-freeze-dried-gummy-rings,2026-08-05,
Arctic Farms,US,arcticfarms.com,Freeze Dried Gummy Rings,Jumbo Peach / 1.4oz,candy,40,variant_title,high,9.99,USD,249.75,342.16,yes,catalog_feed,https://arcticfarms.com/products/arctic-farms-freeze-dried-gummy-rings,2026-08-05,
Arctic Farms,US,arcticfarms.com,Freeze Dried Gummy Rings,Blue Raspberry / 2.2oz,candy,62,variant_title,high,9.99,USD,161.13,220.75,yes,catalog_feed,https://arcticfarms.com/products/arctic-farms-freeze-dried-gummy-rings,2026-08-05,
Arctic Farms,US,arcticfarms.com,Freeze Dried Gummy Rings,Watermelon / 2.2oz,candy,62,variant_title,high,9.99,USD,161.13,220.75,yes,catalog_feed,https://arcticfarms.com/products/arctic-farms-freeze-dried-gummy-rings,2026-08-05,
Arctic Farms,US,arcticfarms.com,Freeze Dried Gummy Rings,Green Apple / 2.2oz,candy,62,variant_title,high,9.99,USD,161.13,220.75,yes,catalog_feed,https://arcticfarms.com/products/arctic-farms-freeze-dried-gummy-rings,2026-08-05,
Arctic Farms,US,arcticfarms.com,Freeze Dried Gummy Rings,Assorted / 4.4oz,candy,125,variant_title,high,17.99,USD,143.92,197.17,yes,catalog_feed,https://arcticfarms.com/products/arctic-farms-freeze-dried-gummy-rings,2026-08-05,
Arctic Farms,US,arcticfarms.com,Freeze Dried Gummy Rings,Peach / 4.4oz,candy,125,variant_title,high,17.99,USD,143.92,197.17,yes,catalog_feed,https://arcticfarms.com/products/arctic-farms-freeze-dried-gummy-rings,2026-08-05,
Arctic Farms,US,arcticfarms.com,Freeze Dried Gummy Rings,Jumbo Peach / 2.8oz,candy,79,variant_title,high,17.99,USD,227.72,311.98,yes,catalog_feed,https://arcticfarms.com/products/arctic-farms-freeze-dried-gummy-rings,2026-08-05,
Arctic Farms,US,arcticfarms.com,Freeze Dried Gummy Rings,Blue Raspberry / 4.4oz,candy,125,variant_title,high,17.99,USD,143.92,197.17,yes,catalog_feed,https://arcticfarms.com/products/arctic-farms-freeze-dried-gummy-rings,2026-08-05,
Arctic Farms,US,arcticfarms.com,Freeze Dried Gummy Rings,Watermelon / 4.4oz,candy,125,variant_title,high,17.99,USD,143.92,197.17,yes,catalog_feed,https://arcticfarms.com/products/arctic-farms-freeze-dried-gummy-rings,2026-08-05,
Arctic Farms,US,arcticfarms.com,Freeze Dried Gummy Rings,Green Apple / 4.4oz,candy,125,variant_title,high,17.99,USD,143.92,197.17,yes,catalog_feed,https://arcticfarms.com/products/arctic-farms-freeze-dried-gummy-rings,2026-08-05,
Arctic Farms,US,arcticfarms.com,Freeze Dried Caramels Chocolate Candy,Caramel / Large,candy,128,shopify_shipping_weight,low,12.99,USD,101.48,139.03,yes,catalog_feed,https://arcticfarms.com/products/arctic-farms-freeze-dried-caramels-candy,2026-08-05,
Arctic Farms,US,arcticfarms.com,Freeze Dried Caramels Chocolate Candy,Caramel Cold Brew / Large,candy,128,shopify_shipping_weight,low,12.99,USD,101.48,139.03,yes,catalog_feed,https://arcticfarms.com/products/arctic-farms-freeze-dried-caramels-candy,2026-08-05,
Arctic Farms,US,arcticfarms.com,Freeze Dried DryHeads Candy,Assorted / Large,candy,85,shopify_shipping_weight,low,14.99,USD,176.35,241.60,yes,catalog_feed,https://arcticfarms.com/products/arctic-farms-freeze-dried-dryheads-candy,2026-08-05,
Arctic Farms,US,arcticfarms.com,Freeze Dried DryHeads Candy,Assorted / Extra Large,candy,170,shopify_shipping_weight,low,17.99,USD,105.82,144.98,yes,catalog_feed,https://arcticfarms.com/products/arctic-farms-freeze-dried-dryheads-candy,2026-08-05,
Arctic Farms,US,arcticfarms.com,Freeze Dried DryHeads Candy,Blue Raspberry / Large,candy,85,shopify_shipping_weight,low,14.99,USD,176.35,241.60,yes,catalog_feed,https://arcticfarms.com/products/arctic-farms-freeze-dried-dryheads-candy,2026-08-05,
Arctic Farms,US,arcticfarms.com,Freeze Dried DryHeads Candy,Blue Raspberry / Extra Large,candy,170,shopify_shipping_weight,low,19.99,USD,117.59,161.10,yes,catalog_feed,https://arcticfarms.com/products/arctic-farms-freeze-dried-dryheads-candy,2026-08-05,
Arctic Farms,US,arcticfarms.com,Freeze Dried DryHeads Candy,Cherry / Large,candy,85,shopify_shipping_weight,low,14.99,USD,176.35,241.60,yes,catalog_feed,https://arcticfarms.com/products/arctic-farms-freeze-dried-dryheads-candy,2026-08-05,
Arctic Farms,US,arcticfarms.com,Freeze Dried DryHeads Candy,Cherry / Extra Large,candy,170,shopify_shipping_weight,low,17.99,USD,105.82,144.98,yes,catalog_feed,https://arcticfarms.com/products/arctic-farms-freeze-dried-dryheads-candy,2026-08-05,
Arctic Farms,US,arcticfarms.com,Freeze Dried DryHeads Candy,Grape / Large,candy,85,shopify_shipping_weight,low,14.99,USD,176.35,241.60,yes,catalog_feed,https://arcticfarms.com/products/arctic-farms-freeze-dried-dryheads-candy,2026-08-05,
Arctic Farms,US,arcticfarms.com,Freeze Dried DryHeads Candy,Grape / Extra Large,candy,170,shopify_shipping_weight,low,14.99,USD,88.18,120.80,yes,catalog_feed,https://arcticfarms.com/products/arctic-farms-freeze-dried-dryheads-candy,2026-08-05,
Arctic Farms,US,arcticfarms.com,Freeze Dried DryHeads Candy,Orange / Large,candy,85,shopify_shipping_weight,low,14.99,USD,176.35,241.60,yes,catalog_feed,https://arcticfarms.com/products/arctic-farms-freeze-dried-dryheads-candy,2026-08-05,
Arctic Farms,US,arcticfarms.com,Freeze Dried DryHeads Candy,Orange / Extra Large,candy,170,shopify_shipping_weight,low,17.99,USD,105.82,144.98,yes,catalog_feed,https://arcticfarms.com/products/arctic-farms-freeze-dried-dryheads-candy,2026-08-05,
Arctic Farms,US,arcticfarms.com,Freeze Dried DryHeads Candy,Watermelon / Large,candy,85,shopify_shipping_weight,low,14.99,USD,176.35,241.60,yes,catalog_feed,https://arcticfarms.com/products/arctic-farms-freeze-dried-dryheads-candy,2026-08-05,
Arctic Farms,US,arcticfarms.com,Freeze Dried DryHeads Candy,Watermelon / Extra Large,candy,170,shopify_shipping_weight,low,17.99,USD,105.82,144.98,yes,catalog_feed,https://arcticfarms.com/products/arctic-farms-freeze-dried-dryheads-candy,2026-08-05,
Arctic Farms,US,arcticfarms.com,Freeze Dried DryHeads Candy,White Mystery / Large,candy,85,shopify_shipping_weight,low,14.99,USD,176.35,241.60,yes,catalog_feed,https://arcticfarms.com/products/arctic-farms-freeze-dried-dryheads-candy,2026-08-05,
Arctic Farms,US,arcticfarms.com,Freeze Dried DryHeads Candy,White Mystery / Extra Large,candy,170,shopify_shipping_weight,low,17.99,USD,105.82,144.98,yes,catalog_feed,https://arcticfarms.com/products/arctic-farms-freeze-dried-dryheads-candy,2026-08-05,
Arctic Farms,US,arcticfarms.com,Freeze Dried Mini Pillows Candy,Original / Small,candy,172,shopify_shipping_weight,low,7.99,USD,46.45,63.64,yes,catalog_feed,https://arcticfarms.com/products/arctic-farms-freeze-dried-mini-pillows-candy,2026-08-05,
Arctic Farms,US,arcticfarms.com,Freeze Dried Mini Pillows Candy,Fave Reds / Small,candy,85,shopify_shipping_weight,low,7.99,USD,94.00,128.78,yes,catalog_feed,https://arcticfarms.com/products/arctic-farms-freeze-dried-mini-pillows-candy,2026-08-05,
Arctic Farms,US,arcticfarms.com,Freeze Dried Mini Pillows Candy,Sour / Small,candy,85,shopify_shipping_weight,low,7.99,USD,94.00,128.78,yes,catalog_feed,https://arcticfarms.com/products/arctic-farms-freeze-dried-mini-pillows-candy,2026-08-05,
Arctic Farms,US,arcticfarms.com,Freeze Dried Mini Pillows Candy,Original / Large,candy,170,shopify_shipping_weight,low,11.99,USD,70.53,96.63,yes,catalog_feed,https://arcticfarms.com/products/arctic-farms-freeze-dried-mini-pillows-candy,2026-08-05,
Arctic Farms,US,arcticfarms.com,Freeze Dried Mini Pillows Candy,Fave Reds / Large,candy,170,shopify_shipping_weight,low,11.99,USD,70.53,96.63,yes,catalog_feed,https://arcticfarms.com/products/arctic-farms-freeze-dried-mini-pillows-candy,2026-08-05,
Arctic Farms,US,arcticfarms.com,Freeze Dried Mini Pillows Candy,Sour / Large,candy,170,shopify_shipping_weight,low,11.99,USD,70.53,96.63,yes,catalog_feed,https://arcticfarms.com/products/arctic-farms-freeze-dried-mini-pillows-candy,2026-08-05,
Arctic Farms,US,arcticfarms.com,Freeze Dried Space Rocks Candy,Original / Small,candy,71,shopify_shipping_weight,low,6.99,USD,98.45,134.88,yes,catalog_feed,https://arcticfarms.com/products/arctic-farms-freeze-dried-candies-space-rocks-candy,2026-08-05,
Arctic Farms,US,arcticfarms.com,Freeze Dried Space Rocks Candy,Original / Large,candy,170,shopify_shipping_weight,low,9.98,USD,58.71,80.43,yes,catalog_feed,https://arcticfarms.com/products/arctic-farms-freeze-dried-candies-space-rocks-candy,2026-08-05,
Arctic Farms,US,arcticfarms.com,Freeze Dried Space Rocks Candy,Original / Extra Large,candy,454,shopify_shipping_weight,low,19.99,USD,44.03,60.32,yes,catalog_feed,https://arcticfarms.com/products/arctic-farms-freeze-dried-candies-space-rocks-candy,2026-08-05,
Arctic Farms,US,arcticfarms.com,Freeze Dried Space Rocks Candy,Original / Bulk,candy,1361,shopify_shipping_weight,low,49.99,USD,36.73,50.32,yes,catalog_feed,https://arcticfarms.com/products/arctic-farms-freeze-dried-candies-space-rocks-candy,2026-08-05,
Arctic Farms,US,arcticfarms.com,Freeze Dried Space Rocks Candy,Assorted / Small,candy,71,shopify_shipping_weight,low,6.99,USD,98.45,134.88,yes,catalog_feed,https://arcticfarms.com/products/arctic-farms-freeze-dried-candies-space-rocks-candy,2026-08-05,
Arctic Farms,US,arcticfarms.com,Freeze Dried Space Rocks Candy,Assorted / Large,candy,170,shopify_shipping_weight,low,9.98,USD,58.71,80.43,yes,catalog_feed,https://arcticfarms.com/products/arctic-farms-freeze-dried-candies-space-rocks-candy,2026-08-05,
Arctic Farms,US,arcticfarms.com,Freeze Dried Space Rocks Candy,Assorted / Extra Large,candy,454,shopify_shipping_weight,low,24.99,USD,55.04,75.41,yes,catalog_feed,https://arcticfarms.com/products/arctic-farms-freeze-dried-candies-space-rocks-candy,2026-08-05,
Arctic Farms,US,arcticfarms.com,Freeze Dried Space Rocks Candy,Assorted / Bulk,candy,1361,shopify_shipping_weight,low,59.99,USD,44.08,60.39,yes,catalog_feed,https://arcticfarms.com/products/arctic-farms-freeze-dried-candies-space-rocks-candy,2026-08-05,
Arctic Farms,US,arcticfarms.com,Freeze Dried Space Rocks Candy,Wild Berry / Small,candy,71,shopify_shipping_weight,low,6.99,USD,98.45,134.88,yes,catalog_feed,https://arcticfarms.com/products/arctic-farms-freeze-dried-candies-space-rocks-candy,2026-08-05,
Arctic Farms,US,arcticfarms.com,Freeze Dried Space Rocks Candy,Wild Berry / Large,candy,170,shopify_shipping_weight,low,9.98,USD,58.71,80.43,yes,catalog_feed,https://arcticfarms.com/products/arctic-farms-freeze-dried-candies-space-rocks-candy,2026-08-05,
Arctic Farms,US,arcticfarms.com,Freeze Dried Space Rocks Candy,Wild Berry / Extra Large,candy,454,shopify_shipping_weight,low,19.99,USD,44.03,60.32,yes,catalog_feed,https://arcticfarms.com/products/arctic-farms-freeze-dried-candies-space-rocks-candy,2026-08-05,
Arctic Farms,US,arcticfarms.com,Freeze Dried Space Rocks Candy,Wild Berry / Bulk,candy,1361,shopify_shipping_weight,low,49.99,USD,36.73,50.32,yes,catalog_feed,https://arcticfarms.com/products/arctic-farms-freeze-dried-candies-space-rocks-candy,2026-08-05,
Arctic Farms,US,arcticfarms.com,Freeze Dried Space Rocks Candy,Mash Up / Small,candy,71,shopify_shipping_weight,low,6.99,USD,98.45,134.88,yes,catalog_feed,https://arcticfarms.com/products/arctic-farms-freeze-dried-candies-space-rocks-candy,2026-08-05,
Arctic Farms,US,arcticfarms.com,Freeze Dried Space Rocks Candy,Mash Up / Large,candy,170,shopify_shipping_weight,low,12.99,USD,76.41,104.68,yes,catalog_feed,https://arcticfarms.com/products/arctic-farms-freeze-dried-candies-space-rocks-candy,2026-08-05,
Arctic Farms,US,arcticfarms.com,Freeze Dried Space Rocks Candy,Mash Up / Extra Large,candy,454,shopify_shipping_weight,low,24.99,USD,55.04,75.41,yes,catalog_feed,https://arcticfarms.com/products/arctic-farms-freeze-dried-candies-space-rocks-candy,2026-08-05,
Arctic Farms,US,arcticfarms.com,Freeze Dried Space Rocks Candy,Mash Up / Bulk,candy,1361,shopify_shipping_weight,low,59.99,USD,44.08,60.39,yes,catalog_feed,https://arcticfarms.com/products/arctic-farms-freeze-dried-candies-space-rocks-candy,2026-08-05,
Arctic Farms,US,arcticfarms.com,Freeze Dried Space Rocks Candy,Tropical / Small,candy,71,shopify_shipping_weight,low,6.99,USD,98.45,134.88,yes,catalog_feed,https://arcticfarms.com/products/arctic-farms-freeze-dried-candies-space-rocks-candy,2026-08-05,
Arctic Farms,US,arcticfarms.com,Freeze Dried Space Rocks Candy,Tropical / Large,candy,170,shopify_shipping_weight,low,11.99,USD,70.53,96.63,yes,catalog_feed,https://arcticfarms.com/products/arctic-farms-freeze-dried-candies-space-rocks-candy,2026-08-05,
Arctic Farms,US,arcticfarms.com,Freeze Dried Space Rocks Candy,Tropical / Extra Large,candy,454,shopify_shipping_weight,low,24.99,USD,55.04,75.41,yes,catalog_feed,https://arcticfarms.com/products/arctic-farms-freeze-dried-candies-space-rocks-candy,2026-08-05,
Arctic Farms,US,arcticfarms.com,Freeze Dried Space Rocks Candy,Tropical / Bulk,candy,1361,shopify_shipping_weight,low,59.99,USD,44.08,60.39,yes,catalog_feed,https://arcticfarms.com/products/arctic-farms-freeze-dried-candies-space-rocks-candy,2026-08-05,
Arctic Farms,US,arcticfarms.com,Freeze Dried Space Rocks Candy,Sour / Small,candy,71,shopify_shipping_weight,low,6.99,USD,98.45,134.88,yes,catalog_feed,https://arcticfarms.com/products/arctic-farms-freeze-dried-candies-space-rocks-candy,2026-08-05,
Arctic Farms,US,arcticfarms.com,Freeze Dried Space Rocks Candy,Sour / Large,candy,170,shopify_shipping_weight,low,12.99,USD,76.41,104.68,yes,catalog_feed,https://arcticfarms.com/products/arctic-farms-freeze-dried-candies-space-rocks-candy,2026-08-05,
Arctic Farms,US,arcticfarms.com,Freeze Dried Space Rocks Candy,Sour / Extra Large,candy,454,shopify_shipping_weight,low,26.98,USD,59.43,81.42,yes,catalog_feed,https://arcticfarms.com/products/arctic-farms-freeze-dried-candies-space-rocks-candy,2026-08-05,
Arctic Farms,US,arcticfarms.com,Freeze Dried Space Rocks Candy,Sour / Bulk,candy,1361,shopify_shipping_weight,low,64.99,USD,47.75,65.42,yes,catalog_feed,https://arcticfarms.com/products/arctic-farms-freeze-dried-candies-space-rocks-candy,2026-08-05,
Arctic Farms,US,arcticfarms.com,Freeze Dried Space Rocks Candy,Smoothie / Small,candy,71,shopify_shipping_weight,low,6.99,USD,98.45,134.88,yes,catalog_feed,https://arcticfarms.com/products/arctic-farms-freeze-dried-candies-space-rocks-candy,2026-08-05,
Arctic Farms,US,arcticfarms.com,Freeze Dried Space Rocks Candy,Smoothie / Large,candy,170,shopify_shipping_weight,low,12.99,USD,76.41,104.68,yes,catalog_feed,https://arcticfarms.com/products/arctic-farms-freeze-dried-candies-space-rocks-candy,2026-08-05,
Arctic Farms,US,arcticfarms.com,Freeze Dried Space Rocks Candy,Smoothie / Extra Large,candy,454,shopify_shipping_weight,low,24.99,USD,55.04,75.41,yes,catalog_feed,https://arcticfarms.com/products/arctic-farms-freeze-dried-candies-space-rocks-candy,2026-08-05,
Arctic Farms,US,arcticfarms.com,Freeze Dried Space Rocks Candy,Smoothie / Bulk,candy,1361,shopify_shipping_weight,low,59.99,USD,44.08,60.39,yes,catalog_feed,https://arcticfarms.com/products/arctic-farms-freeze-dried-candies-space-rocks-candy,2026-08-05,
Arctic Farms,US,arcticfarms.com,Freeze Dried Space Rocks Candy,Mystery / Small,candy,71,shopify_shipping_weight,low,6.99,USD,98.45,134.88,no,catalog_feed,https://arcticfarms.com/products/arctic-farms-freeze-dried-candies-space-rocks-candy,2026-08-05,
Arctic Farms,US,arcticfarms.com,Freeze Dried Space Rocks Candy,Mystery / Large,candy,170,shopify_shipping_weight,low,14.99,USD,88.18,120.80,no,catalog_feed,https://arcticfarms.com/products/arctic-farms-freeze-dried-candies-space-rocks-candy,2026-08-05,
Arctic Farms,US,arcticfarms.com,Freeze Dried Space Rocks Candy,Mystery / Extra Large,candy,454,shopify_shipping_weight,low,24.99,USD,55.04,75.41,no,catalog_feed,https://arcticfarms.com/products/arctic-farms-freeze-dried-candies-space-rocks-candy,2026-08-05,
Arctic Farms,US,arcticfarms.com,Freeze Dried Space Rocks Candy,Mystery / Bulk,candy,1361,shopify_shipping_weight,low,79.99,USD,58.77,80.52,no,catalog_feed,https://arcticfarms.com/products/arctic-farms-freeze-dried-candies-space-rocks-candy,2026-08-05,
Arctic Farms,US,arcticfarms.com,Freeze Dried Fruit Brix Candy,Small,candy,43,shopify_shipping_weight,low,5.99,USD,139.30,190.84,yes,catalog_feed,https://arcticfarms.com/products/arctic-farms-freeze-dried-fruit-brix-candy,2026-08-05,
Arctic Farms,US,arcticfarms.com,Freeze Dried Fruit Brix Candy,Large,candy,65,shopify_shipping_weight,low,12.99,USD,199.85,273.79,yes,catalog_feed,https://arcticfarms.com/products/arctic-farms-freeze-dried-fruit-brix-candy,2026-08-05,
Arctic Farms,US,arcticfarms.com,Freeze Dried Fruit Brix Candy,Extra Large,candy,130,shopify_shipping_weight,low,17.99,USD,138.38,189.59,yes,catalog_feed,https://arcticfarms.com/products/arctic-farms-freeze-dried-fruit-brix-candy,2026-08-05,
Arctic Farms,US,arcticfarms.com,Freeze Dried Candy Corn Halloween Edition,Classic / 2.5oz,candy,71,variant_title,high,7.99,USD,112.54,154.17,yes,catalog_feed,https://arcticfarms.com/products/arctic-farms-freeze-dried-candy-corn,2026-08-05,
Arctic Farms,US,arcticfarms.com,Freeze Dried Candy Corn Halloween Edition,Classic / 6.5oz,candy,184,variant_title,high,12.99,USD,70.60,96.72,yes,catalog_feed,https://arcticfarms.com/products/arctic-farms-freeze-dried-candy-corn,2026-08-05,
Arctic Farms,US,arcticfarms.com,Freeze Dried Candy Corn Halloween Edition,Classic / 13oz,candy,369,variant_title,high,19.99,USD,54.17,74.22,yes,catalog_feed,https://arcticfarms.com/products/arctic-farms-freeze-dried-candy-corn,2026-08-05,
Arctic Farms,US,arcticfarms.com,Freeze Dried Candy Corn Halloween Edition,Pumpkin / 1.8oz,candy,51,variant_title,high,7.99,USD,156.67,214.63,no,catalog_feed,https://arcticfarms.com/products/arctic-farms-freeze-dried-candy-corn,2026-08-05,
Arctic Farms,US,arcticfarms.com,Freeze Dried Candy Corn Halloween Edition,Pumpkin / 5.3oz,candy,150,variant_title,high,12.99,USD,86.60,118.64,no,catalog_feed,https://arcticfarms.com/products/arctic-farms-freeze-dried-candy-corn,2026-08-05,
Arctic Farms,US,arcticfarms.com,Freeze Dried Hot Reds Candy,Small,candy,168,shopify_shipping_weight,low,6.99,USD,41.61,57.00,yes,catalog_feed,https://arcticfarms.com/products/arctic-farms-freeze-dried-hot-reds-candy,2026-08-05,
Arctic Farms,US,arcticfarms.com,Freeze Dried Hot Reds Candy,Large,candy,283,shopify_shipping_weight,low,17.99,USD,63.57,87.09,yes,catalog_feed,https://arcticfarms.com/products/arctic-farms-freeze-dried-hot-reds-candy,2026-08-05,
Arctic Farms,US,arcticfarms.com,Freeze Dried Hot Reds Candy,Extra Large,candy,567,shopify_shipping_weight,low,29.99,USD,52.89,72.46,yes,catalog_feed,https://arcticfarms.com/products/arctic-farms-freeze-dried-hot-reds-candy,2026-08-05,
Arctic Farms,US,arcticfarms.com,Freeze Dried Hot Reds Candy,Bulk,candy,1701,shopify_shipping_weight,low,69.99,USD,41.15,56.37,yes,catalog_feed,https://arcticfarms.com/products/arctic-farms-freeze-dried-hot-reds-candy,2026-08-05,
Arctic Farms,US,arcticfarms.com,Freeze Dried Lemon Puffs Candies,Classic Puffs / Small,fruit,43,shopify_shipping_weight,low,6.99,USD,162.56,222.70,yes,catalog_feed,https://arcticfarms.com/products/arctic-farms-freeze-dried-lemon-puffs-candy,2026-08-05,
Arctic Farms,US,arcticfarms.com,Freeze Dried Lemon Puffs Candies,Classic Puffs / Large,fruit,181,shopify_shipping_weight,low,9.99,USD,55.19,75.61,yes,catalog_feed,https://arcticfarms.com/products/arctic-farms-freeze-dried-lemon-puffs-candy,2026-08-05,
Arctic Farms,US,arcticfarms.com,Freeze Dried Lemon Puffs Candies,Classic Puffs / Bulk,fruit,907,shopify_shipping_weight,low,84.99,USD,93.70,128.38,yes,catalog_feed,https://arcticfarms.com/products/arctic-farms-freeze-dried-lemon-puffs-candy,2026-08-05,
Arctic Farms,US,arcticfarms.com,Freeze Dried Lemon Puffs Candies,Giant Puffs / Small,fruit,28,shopify_shipping_weight,low,5.99,USD,213.93,293.08,yes,catalog_feed,https://arcticfarms.com/products/arctic-farms-freeze-dried-lemon-puffs-candy,2026-08-05,
Arctic Farms,US,arcticfarms.com,Freeze Dried Lemon Puffs Candies,Giant Puffs / Large,fruit,85,shopify_shipping_weight,low,9.99,USD,117.53,161.02,yes,catalog_feed,https://arcticfarms.com/products/arctic-farms-freeze-dried-lemon-puffs-candy,2026-08-05,
Arctic Farms,US,arcticfarms.com,Freeze Dried Lemon Puffs Candies,Giant Puffs / Bulk,fruit,816,shopify_shipping_weight,low,84.99,USD,104.15,142.69,yes,catalog_feed,https://arcticfarms.com/products/arctic-farms-freeze-dried-lemon-puffs-candy,2026-08-05,
Augason Farms,US,augasonfarms.com,"Homestyle Mashed Potatoes with Chicken, Cook in Pouch, Outdoor Meals, 2 Servings",,meat,113,shopify_shipping_weight,low,9.99,USD,88.41,121.12,yes,catalog_feed,https://augasonfarms.com/products/homestyle-mashed-potatoes-with-chicken-cook-in-pouch-outdoor-meals-2-servings,2026-08-05,
Augason Farms,US,augasonfarms.com,"Freeze Dried Sweet Corn Can, 30 Servings",,vegetable,621,shopify_shipping_weight,low,19.99,USD,32.19,44.10,yes,catalog_feed,https://augasonfarms.com/products/freeze-dried-sweet-corn,2026-08-05,
Augason Farms,US,augasonfarms.com,"Campfire Chili with Freeze Dried Beef, Cook in Pouch, Outdoor Meals, 2 Servings",,meat,142,shopify_shipping_weight,low,9.99,USD,70.35,96.38,yes,catalog_feed,https://augasonfarms.com/products/campfire-chili-with-freeze-dried-beef-cook-in-pouch-outdoor-meals-2-servings,2026-08-05,
Augason Farms,US,augasonfarms.com,"Freeze Dried & Dehydrated Vegetable Variety Kit, 125 Servings",,vegetable,,none,none,141.99,USD,,,yes,catalog_feed,https://augasonfarms.com/products/freeze-dried-dehydrated-vegetable-variety-kit-125-servings,2026-08-05,
Augason Farms,US,augasonfarms.com,"Freeze Dried Sliced Strawberries Family Size Pouch, 20 Servings",,fruit,227,shopify_shipping_weight,low,39.13,USD,172.38,236.16,yes,catalog_feed,https://augasonfarms.com/products/freeze-dried-sliced-strawberries-family-size-pouch-20-servings,2026-08-05,
Augason Farms,US,augasonfarms.com,"Tropical Breakfast Oats, Cook in Pouch, Outdoor Meal, 2 Servings",,meal,85,shopify_shipping_weight,low,6.99,USD,82.24,112.66,yes,catalog_feed,https://augasonfarms.com/products/tropical-breakfast-oats-cook-in-pouch-outdoor-meal-2-servings,2026-08-05,
Augason Farms,US,augasonfarms.com,"Freeze Dried Sliced Strawberries Pouch, 4 Servings",Single,fruit,227,shopify_shipping_weight,low,9.99,USD,44.01,60.29,yes,catalog_feed,https://augasonfarms.com/products/freeze-dried-sliced-strawberries-pouch,2026-08-05,
Augason Farms,US,augasonfarms.com,"Freeze Dried Sliced Strawberries Pouch, 4 Servings",8 Pack,fruit,1814,shopify_shipping_weight,low,80.99,USD,44.65,61.17,no,catalog_feed,https://augasonfarms.com/products/freeze-dried-sliced-strawberries-pouch,2026-08-05,
Augason Farms,US,augasonfarms.com,"Freeze Dried Pineapple Chunks Family Size Pouch, 20 Servings",,fruit,227,shopify_shipping_weight,low,47.99,USD,211.41,289.63,yes,catalog_feed,https://augasonfarms.com/products/freeze-dried-pineapple-pieces-family-size-pouch-20-servings,2026-08-05,
Augason Farms,US,augasonfarms.com,"Freeze Dried Peas Can, 30 Servings",,vegetable,590,shopify_shipping_weight,low,31.99,USD,54.22,74.28,yes,catalog_feed,https://augasonfarms.com/products/freeze-dried-peas,2026-08-05,
Augason Farms,US,augasonfarms.com,"Freeze Dried Sliced Strawberries Can, 18 Servings",,fruit,340,shopify_shipping_weight,low,27.99,USD,82.32,112.78,yes,catalog_feed,https://augasonfarms.com/products/freeze-dried-sliced-strawberries,2026-08-05,
Backpacker's Pantry,US,backpackerspantry.com,7 Day Meal Kit - Meat,,meat,4082,shopify_shipping_weight,low,225.79,USD,55.31,75.78,yes,catalog_feed,https://backpackerspantry.com/products/7-day-meal-kit-meat-copy,2026-08-05,
Backpacker's Pantry,US,backpackerspantry.com,14 Day Meal Kit - Meat,,meat,7711,shopify_shipping_weight,low,434.58,USD,56.36,77.21,yes,catalog_feed,https://backpackerspantry.com/products/14-day-emergency-survival-kit-meat,2026-08-05,
Backpacker's Pantry,US,backpackerspantry.com,Freeze-Dried Cinnamon Apples,1-Pouch,fruit,86,shopify_shipping_weight,low,3.99,USD,46.40,63.56,yes,catalog_feed,https://backpackerspantry.com/products/freeze-dried-cinnamon-apples,2026-08-05,
Backpacker's Pantry,US,backpackerspantry.com,Cookies & Cream Ice Cream Sandwich,1-Sandwich,ice_cream,86,shopify_shipping_weight,low,4.99,USD,58.02,79.49,yes,catalog_feed,https://backpackerspantry.com/products/astronaut-cookies-cream-ice-cream-sandwich,2026-08-05,
Backpacker's Pantry,US,backpackerspantry.com,7 Day Meal Kit - Vegan,,meal,4082,shopify_shipping_weight,low,188.79,USD,46.25,63.36,yes,catalog_feed,https://backpackerspantry.com/products/7-day-emergency-survival-kit-vegan,2026-08-05,
Backpacker's Pantry,US,backpackerspantry.com,3 Day Meal Kit - Vegetarian,,meal,1814,shopify_shipping_weight,low,84.91,USD,46.81,64.13,yes,catalog_feed,https://backpackerspantry.com/products/3-day-emergency-survival-kit-vegetarian,2026-08-05,
Backpacker's Pantry,US,backpackerspantry.com,3 Day Meal Kit - Vegan,,meal,1814,shopify_shipping_weight,low,80.91,USD,44.60,61.11,yes,catalog_feed,https://backpackerspantry.com/products/3-day-emergency-survival-kit-vegan,2026-08-05,
Backpacker's Pantry,US,backpackerspantry.com,Freeze-Dried Peaches,1-Pouch,fruit,86,shopify_shipping_weight,low,3.99,USD,46.40,63.56,yes,catalog_feed,https://backpackerspantry.com/products/freeze-dried-peaches,2026-08-05,
Backpacker's Pantry,US,backpackerspantry.com,Freeze-Dried Strawberries,1-Pouch,fruit,86,shopify_shipping_weight,low,3.99,USD,46.40,63.56,yes,catalog_feed,https://backpackerspantry.com/products/freeze-dried-whole-strawberries,2026-08-05,
Backpacker's Pantry,US,backpackerspantry.com,Freeze-Dried Bananas,1-Pouch,fruit,86,shopify_shipping_weight,low,3.99,USD,46.40,63.56,yes,catalog_feed,https://backpackerspantry.com/products/freeze-dried-bananas,2026-08-05,
Backpacker's Pantry,US,backpackerspantry.com,Mint Chocolate Chip Ice Cream Sandwich,1-Sandwich,ice_cream,86,shopify_shipping_weight,low,4.99,USD,58.02,79.49,yes,catalog_feed,https://backpackerspantry.com/products/astronaut-mint-chocolate-chip-ice-cream-sandwich,2026-08-05,
Backpacker's Pantry,US,backpackerspantry.com,Neapolitan Ice Cream Sandwich,1-Pouch,ice_cream,86,shopify_shipping_weight,low,4.99,USD,58.02,79.49,yes,catalog_feed,https://backpackerspantry.com/products/neapolitan-ice-cream-sandwich,2026-08-05,
Backpacker's Pantry,US,backpackerspantry.com,Vanilla Ice Cream Sandwich,1-Sandwich,ice_cream,86,shopify_shipping_weight,low,4.99,USD,58.02,79.49,yes,catalog_feed,https://backpackerspantry.com/products/ice-cream-sandwich,2026-08-05,
Backpacker's Pantry,US,backpackerspantry.com,Mango Sticky Rice,Single,fruit,181,shopify_shipping_weight,low,7.99,USD,44.14,60.48,yes,catalog_feed,https://backpackerspantry.com/products/mango-sticky-rice,2026-08-05,
Bingco,US,bingcofd.com,Freeze Dried Chicks & Bunnies,,candy,186,shopify_shipping_weight,low,7.50,USD,40.32,55.24,no,catalog_feed,https://bingcofd.com/products/freeze-dried-chicks-bunnies,2026-08-05,
Bingco,US,bingcofd.com,Freeze Dried Caramel Apple Pops,,candy,186,shopify_shipping_weight,low,7.50,USD,40.32,55.24,no,catalog_feed,https://bingcofd.com/products/freeze-dried-caramel-apple-pops-1,2026-08-05,
Bingco,US,bingcofd.com,Freeze Dried Cinnamon Puffs,,candy,186,shopify_shipping_weight,low,6.50,USD,34.95,47.88,no,catalog_feed,https://bingcofd.com/products/freeze-dried-cinnamon-puffs,2026-08-05,
Bingco,US,bingcofd.com,Freeze Dried Air Crunch,,candy,186,shopify_shipping_weight,low,7.50,USD,40.32,55.24,no,catalog_feed,https://bingcofd.com/products/freeze-dried-air-crunch,2026-08-05,
Bingco,US,bingcofd.com,Freeze Dried Chocolate Sandwich Cookies,,candy,172,shopify_shipping_weight,low,3.00,USD,,,no,catalog_feed,https://bingcofd.com/products/freeze-dried-chocolate-sandwich-cookies,2026-08-05,implausible_from_shipping_weight(17)
Bingco,US,bingcofd.com,Freeze Dried Gummy Worms,,candy,177,shopify_shipping_weight,low,7.50,USD,42.37,58.05,no,catalog_feed,https://bingcofd.com/products/freeze-dried-gummy-worms,2026-08-05,
Bingco,US,bingcofd.com,Freeze Dried Marshmallows,All American,candy,186,shopify_shipping_weight,low,7.00,USD,37.63,51.56,no,catalog_feed,https://bingcofd.com/products/freeze-dried-marshmallows,2026-08-05,
Bingco,US,bingcofd.com,Freeze Dried Marshmallows,Strawberry Cheesecake,candy,186,shopify_shipping_weight,low,7.00,USD,37.63,51.56,no,catalog_feed,https://bingcofd.com/products/freeze-dried-marshmallows,2026-08-05,
Bingco,US,bingcofd.com,Freeze Dried Marshmallows,Banana Pudding,candy,186,shopify_shipping_weight,low,7.00,USD,37.63,51.56,no,catalog_feed,https://bingcofd.com/products/freeze-dried-marshmallows,2026-08-05,
Bingco,US,bingcofd.com,Freeze Dried Marshmallows,Cluster Puff,candy,186,shopify_shipping_weight,low,7.00,USD,37.63,51.56,no,catalog_feed,https://bingcofd.com/products/freeze-dried-marshmallows,2026-08-05,
Bingco,US,bingcofd.com,Freeze Dried Marshmallows,Peppermint,candy,186,shopify_shipping_weight,low,7.00,USD,37.63,51.56,no,catalog_feed,https://bingcofd.com/products/freeze-dried-marshmallows,2026-08-05,
Bingco,US,bingcofd.com,Freeze Dried Marshmallows,S'mores,candy,186,shopify_shipping_weight,low,7.00,USD,37.63,51.56,no,catalog_feed,https://bingcofd.com/products/freeze-dried-marshmallows,2026-08-05,
Bingco,US,bingcofd.com,Freeze Dried Marshmallows,Cherry Limeade,candy,186,shopify_shipping_weight,low,7.00,USD,37.63,51.56,no,catalog_feed,https://bingcofd.com/products/freeze-dried-marshmallows,2026-08-05,
Bingco,US,bingcofd.com,Freeze Dried Marshmallows,Chocolate Peanut Butter,candy,186,shopify_shipping_weight,low,7.00,USD,37.63,51.56,no,catalog_feed,https://bingcofd.com/products/freeze-dried-marshmallows,2026-08-05,
Bingco,US,bingcofd.com,Freeze Dried Marshmallows,Lavender Lemon,candy,186,shopify_shipping_weight,low,7.00,USD,37.63,51.56,no,catalog_feed,https://bingcofd.com/products/freeze-dried-marshmallows,2026-08-05,
Bingco,US,bingcofd.com,Freeze Dried Marshmallows,Toffee Crunch,candy,186,shopify_shipping_weight,low,7.00,USD,37.63,51.56,no,catalog_feed,https://bingcofd.com/products/freeze-dried-marshmallows,2026-08-05,
Bingco,US,bingcofd.com,Freeze Dried Peas,1.5 oz.,vegetable,43,variant_title,high,7.00,USD,162.79,223.02,no,catalog_feed,https://bingcofd.com/products/freeze-dried-peas,2026-08-05,
Bingco,US,bingcofd.com,Freeze Dried Peas,.5,vegetable,186,shopify_shipping_weight,low,3.00,USD,,,no,catalog_feed,https://bingcofd.com/products/freeze-dried-peas,2026-08-05,implausible_from_shipping_weight(16)
Bingco,US,bingcofd.com,Freeze Dried Ice Cream,Cookies and Cream,ice_cream,186,shopify_shipping_weight,low,7.50,USD,40.32,55.24,no,catalog_feed,https://bingcofd.com/products/freeze-dried-ice-cream,2026-08-05,
Bingco,US,bingcofd.com,Freeze Dried Ice Cream,Chocolate Peanut Butter,ice_cream,186,shopify_shipping_weight,low,7.50,USD,40.32,55.24,no,catalog_feed,https://bingcofd.com/products/freeze-dried-ice-cream,2026-08-05,
Bingco,US,bingcofd.com,Freeze Dried Ice Cream,Cookie Dough,ice_cream,186,shopify_shipping_weight,low,7.50,USD,40.32,55.24,no,catalog_feed,https://bingcofd.com/products/freeze-dried-ice-cream,2026-08-05,
Bingco,US,bingcofd.com,Freeze Dried Ice Cream,Coffee,ice_cream,186,shopify_shipping_weight,low,7.50,USD,40.32,55.24,no,catalog_feed,https://bingcofd.com/products/freeze-dried-ice-cream,2026-08-05,
Bingco,US,bingcofd.com,Freeze Dried Ice Cream,Mint Chocolate Chip,ice_cream,186,shopify_shipping_weight,low,7.50,USD,40.32,55.24,no,catalog_feed,https://bingcofd.com/products/freeze-dried-ice-cream,2026-08-05,
Bingco,US,bingcofd.com,Freeze Dried Ice Cream,Orange Cream,ice_cream,186,shopify_shipping_weight,low,7.50,USD,40.32,55.24,no,catalog_feed,https://bingcofd.com/products/freeze-dried-ice-cream,2026-08-05,
Bingco,US,bingcofd.com,Freeze Dried Ice Cream,Strawberry,ice_cream,186,shopify_shipping_weight,low,7.50,USD,40.32,55.24,no,catalog_feed,https://bingcofd.com/products/freeze-dried-ice-cream,2026-08-05,
Bingco,US,bingcofd.com,Freeze Dried Ice Cream,Chocolate/Vanilla,ice_cream,186,shopify_shipping_weight,low,7.50,USD,40.32,55.24,no,catalog_feed,https://bingcofd.com/products/freeze-dried-ice-cream,2026-08-05,
Bingco,US,bingcofd.com,Freeze Dried Ice Cream,Teaberry,ice_cream,186,shopify_shipping_weight,low,7.50,USD,40.32,55.24,no,catalog_feed,https://bingcofd.com/products/freeze-dried-ice-cream,2026-08-05,
Bingco,US,bingcofd.com,Freeze Dried Hot Chocolate,,candy,172,shopify_shipping_weight,low,9.50,USD,55.23,75.67,no,catalog_feed,https://bingcofd.com/products/freeze-dried-hot-chocolate,2026-08-05,
Bingco,US,bingcofd.com,Freeze Dried Honey Bites,,candy,186,shopify_shipping_weight,low,7.50,USD,40.32,55.24,no,catalog_feed,https://bingcofd.com/products/freeze-dried-honey-bites,2026-08-05,
Bingco,US,bingcofd.com,Freeze Dried Pizza Tomatoes,,vegetable,186,shopify_shipping_weight,low,12.00,USD,64.52,88.39,no,catalog_feed,https://bingcofd.com/products/freeze-dried-tomatoes-pizza,2026-08-05,
Bingco,US,bingcofd.com,Freeze Dried Strawberries,,fruit,186,shopify_shipping_weight,low,8.00,USD,43.01,58.92,no,catalog_feed,https://bingcofd.com/products/freeze-dried-strawberries,2026-08-05,
Bingco,US,bingcofd.com,Freeze Dried Star Chews,,candy,186,shopify_shipping_weight,low,9.50,USD,51.08,69.97,no,catalog_feed,https://bingcofd.com/products/freeze-dried-star-chews,2026-08-05,
Bingco,US,bingcofd.com,Freeze Dried Sour Gummy Worms,,candy,186,shopify_shipping_weight,low,7.50,USD,40.32,55.24,no,catalog_feed,https://bingcofd.com/products/freeze-dried-sour-gummy-worms,2026-08-05,
Bingco,US,bingcofd.com,Freeze Dried Sangria Mix,,fruit,209,shopify_shipping_weight,low,12.00,USD,57.42,78.66,no,catalog_feed,https://bingcofd.com/products/freeze-dried-sangria-mix,2026-08-05,
Bingco,US,bingcofd.com,Freeze Dried Salt Water Taffy,Assorted,candy,186,shopify_shipping_weight,low,6.50,USD,34.95,47.88,no,catalog_feed,https://bingcofd.com/products/freeze-dried-salt-water-taffy,2026-08-05,
Bingco,US,bingcofd.com,Freeze Dried Salt Water Taffy,Peppermint,candy,186,shopify_shipping_weight,low,6.00,USD,32.26,44.19,no,catalog_feed,https://bingcofd.com/products/freeze-dried-salt-water-taffy,2026-08-05,
Bingco,US,bingcofd.com,Freeze Dried Salt Water Taffy,Licorice,candy,186,shopify_shipping_weight,low,6.00,USD,32.26,44.19,no,catalog_feed,https://bingcofd.com/products/freeze-dried-salt-water-taffy,2026-08-05,
Bingco,US,bingcofd.com,Freeze Dried Salt Water Taffy,Cinnamon,candy,186,shopify_shipping_weight,low,6.00,USD,32.26,44.19,no,catalog_feed,https://bingcofd.com/products/freeze-dried-salt-water-taffy,2026-08-05,
Bingco,US,bingcofd.com,Freeze Dried Salmon,,meat,186,shopify_shipping_weight,low,14.00,USD,75.27,103.12,no,catalog_feed,https://bingcofd.com/products/freeze-dried-salmon,2026-08-05,
Bingco,US,bingcofd.com,Freeze Dried Rainbow Drops,Original / 4.5 oz,candy,128,variant_title,high,12.00,USD,93.75,128.44,no,catalog_feed,https://bingcofd.com/products/freeze-dried-rainbow-drops,2026-08-05,
Bingco,US,bingcofd.com,Freeze Dried Rainbow Drops,Original / 1.5 oz,candy,43,variant_title,high,6.50,USD,151.16,207.09,no,catalog_feed,https://bingcofd.com/products/freeze-dried-rainbow-drops,2026-08-05,
Bingco,US,bingcofd.com,Freeze Dried Rainbow Drops,Sour / 4.5 oz,candy,128,variant_title,high,12.00,USD,93.75,128.44,no,catalog_feed,https://bingcofd.com/products/freeze-dried-rainbow-drops,2026-08-05,
Bingco,US,bingcofd.com,Freeze Dried Rainbow Drops,Sour / 1.5 oz,candy,43,variant_title,high,6.50,USD,151.16,207.09,no,catalog_feed,https://bingcofd.com/products/freeze-dried-rainbow-drops,2026-08-05,
Bingco,US,bingcofd.com,Freeze Dried Rainbow Drops,Wild Berry / 4.5 oz,candy,128,variant_title,high,12.00,USD,93.75,128.44,no,catalog_feed,https://bingcofd.com/products/freeze-dried-rainbow-drops,2026-08-05,
Bingco,US,bingcofd.com,Freeze Dried Rainbow Drops,Wild Berry / 1.5 oz,candy,43,variant_title,high,6.50,USD,151.16,207.09,no,catalog_feed,https://bingcofd.com/products/freeze-dried-rainbow-drops,2026-08-05,
Bingco,US,bingcofd.com,Freeze Dried Pineapple,,fruit,186,shopify_shipping_weight,low,12.00,USD,64.52,88.39,no,catalog_feed,https://bingcofd.com/products/freeze-dried-pineapple,2026-08-05,
Bingco,US,bingcofd.com,Freeze Dried Pickles,,fruit,186,shopify_shipping_weight,low,7.50,USD,40.32,55.24,no,catalog_feed,https://bingcofd.com/products/freeze-dried-pickles,2026-08-05,
Bingco,US,bingcofd.com,Freeze Dried Peanut Brittle,,other,186,shopify_shipping_weight,low,7.50,USD,40.32,55.24,no,catalog_feed,https://bingcofd.com/products/freeze-dried-peanut-brittle,2026-08-05,
Bingco,US,bingcofd.com,Freeze Dried Peach Rings,,fruit,186,shopify_shipping_weight,low,7.50,USD,40.32,55.24,no,catalog_feed,https://bingcofd.com/products/freeze-dried-peach-rings,2026-08-05,
Bingco,US,bingcofd.com,Freeze Dried Liver,,pet,209,shopify_shipping_weight,low,12.00,USD,57.42,78.66,no,catalog_feed,https://bingcofd.com/products/freeze-dried-liver,2026-08-05,
Bingco,US,bingcofd.com,Freeze Dried Lemon Dots,,fruit,145,shopify_shipping_weight,low,6.50,USD,44.83,61.41,no,catalog_feed,https://bingcofd.com/products/freeze-dried-lemon-dots,2026-08-05,
Bingco,US,bingcofd.com,Freeze Dried Jolly Puffs (For Pick Up Only),,candy,186,shopify_shipping_weight,low,9.50,USD,51.08,69.97,no,catalog_feed,https://bingcofd.com/products/freeze-dried-jolly-puffs,2026-08-05,
Bingco,US,bingcofd.com,Freeze Dried Ice Cream Sandwiches,,ice_cream,186,shopify_shipping_weight,low,7.50,USD,40.32,55.24,no,catalog_feed,https://bingcofd.com/products/freeze-dried-ice-cream-sandwiches,2026-08-05,
Bingco,US,bingcofd.com,Freeze Dried Grapes,,fruit,186,shopify_shipping_weight,low,12.00,USD,64.52,88.39,no,catalog_feed,https://bingcofd.com/products/freeze-dried-grapes,2026-08-05,
Bingco,US,bingcofd.com,Freeze Dried Gell-OH,,candy,172,shopify_shipping_weight,low,7.50,USD,43.60,59.74,no,catalog_feed,https://bingcofd.com/products/freeze-dried-gell-oh,2026-08-05,
Bingco,US,bingcofd.com,Freeze Dried Fruity Roll Bites,3 oz,fruit,85,variant_title,high,12.00,USD,141.18,193.41,no,catalog_feed,https://bingcofd.com/products/freeze-dried-fruity-roll-bites,2026-08-05,
Bingco,US,bingcofd.com,Freeze Dried Fruity Roll Bites,1 oz,fruit,28,variant_title,high,6.50,USD,232.14,318.04,no,catalog_feed,https://bingcofd.com/products/freeze-dried-fruity-roll-bites,2026-08-05,
Bingco,US,bingcofd.com,Freeze Dried Cow Tail Bites,,candy,186,shopify_shipping_weight,low,6.50,USD,34.95,47.88,no,catalog_feed,https://bingcofd.com/products/freeze-dried-cow-tail-bites,2026-08-05,
Bingco,US,bingcofd.com,Freeze Dried Cluster Puffs (For Pick Up Only),,candy,136,shopify_shipping_weight,low,12.00,USD,88.24,120.88,no,catalog_feed,https://bingcofd.com/products/freeze-dried-cluster-puffs,2026-08-05,
Bingco,US,bingcofd.com,Freeze Dried Cheesecake Bites,Caramel Chocolate Chip / 1.5 oz,dairy,43,variant_title,high,6.50,USD,151.16,207.09,no,catalog_feed,https://bingcofd.com/products/freeze-dried-cheesecake-bites,2026-08-05,
Bingco,US,bingcofd.com,Freeze Dried Cheesecake Bites,Caramel Chocolate Chip / 4 oz.,dairy,113,variant_title,high,12.00,USD,106.19,145.49,no,catalog_feed,https://bingcofd.com/products/freeze-dried-cheesecake-bites,2026-08-05,
Bingco,US,bingcofd.com,Freeze Dried Cheesecake Bites,Strawberry Swirl / 4 oz.,dairy,113,variant_title,high,12.00,USD,106.19,145.49,no,catalog_feed,https://bingcofd.com/products/freeze-dried-cheesecake-bites,2026-08-05,
Bingco,US,bingcofd.com,Freeze Dried Cheesecake Bites,New York Style / 1.5 oz,dairy,43,variant_title,high,6.50,USD,151.16,207.09,no,catalog_feed,https://bingcofd.com/products/freeze-dried-cheesecake-bites,2026-08-05,
Bingco,US,bingcofd.com,Freeze Dried Cheesecake Bites,New York Style / 4 oz.,dairy,113,variant_title,high,12.00,USD,106.19,145.49,no,catalog_feed,https://bingcofd.com/products/freeze-dried-cheesecake-bites,2026-08-05,
Bingco,US,bingcofd.com,Freeze Dried Cheesecake Bites,Mixed / 1.5 oz,dairy,43,variant_title,high,6.50,USD,151.16,207.09,no,catalog_feed,https://bingcofd.com/products/freeze-dried-cheesecake-bites,2026-08-05,
Bingco,US,bingcofd.com,Freeze Dried Cheesecake Bites,Mixed / 4 oz.,dairy,113,variant_title,high,12.00,USD,106.19,145.49,no,catalog_feed,https://bingcofd.com/products/freeze-dried-cheesecake-bites,2026-08-05,
Bingco,US,bingcofd.com,Freeze Dried Cheese Cubes,5 oz,dairy,142,variant_title,high,12.00,USD,84.51,115.77,no,catalog_feed,https://bingcofd.com/products/freeze-dried-cheese-cubes,2026-08-05,
Bingco,US,bingcofd.com,Freeze Dried Cheese Cubes,2 oz,dairy,57,variant_title,high,6.50,USD,114.04,156.23,no,catalog_feed,https://bingcofd.com/products/freeze-dried-cheese-cubes,2026-08-05,
Bingco,US,bingcofd.com,Freeze Dried Blueberries,,fruit,159,shopify_shipping_weight,low,12.00,USD,75.47,103.40,no,catalog_feed,https://bingcofd.com/products/freeze-dried-blueberries,2026-08-05,
Bingco,US,bingcofd.com,Freeze Dried Banana Slices,,fruit,186,shopify_shipping_weight,low,8.00,USD,43.01,58.92,no,catalog_feed,https://bingcofd.com/products/freeze-dried-banana-slices,2026-08-05,
Bingco,US,bingcofd.com,Freeze Dried Banana Pudding Bites,,fruit,186,shopify_shipping_weight,low,7.50,USD,40.32,55.24,no,catalog_feed,https://bingcofd.com/products/freeze-dried-banana-pudding-bites,2026-08-05,
Bingco,US,bingcofd.com,Freeze Dried Apples,,fruit,186,shopify_shipping_weight,low,8.00,USD,43.01,58.92,no,catalog_feed,https://bingcofd.com/products/freeze-dried-apples,2026-08-05,
Brain Freeze Candy,US,brainfreezecandy.com,Brain Freeze X Warheads Mix,,candy,,none,none,39.99,USD,,,no,catalog_feed,https://brainfreezecandy.com/products/brain-freeze-x-warheads-mix,2026-08-05,
Brain Freeze Candy,US,brainfreezecandy.com,Extreme Sour Crunch Blue Raspberry,2 Pack,candy,,none,none,19.99,USD,,,no,catalog_feed,https://brainfreezecandy.com/products/extreme-sour-crunch-blue-raspberry,2026-08-05,
Brain Freeze Candy,US,brainfreezecandy.com,Extreme Sour Crunch Blue Raspberry,4 Pack,candy,,none,none,39.99,USD,,,no,catalog_feed,https://brainfreezecandy.com/products/extreme-sour-crunch-blue-raspberry,2026-08-05,
Brain Freeze Candy,US,brainfreezecandy.com,Extreme Sour Crunch Watermelon,2 Pack,candy,,none,none,19.99,USD,,,no,catalog_feed,https://brainfreezecandy.com/products/extreme-sour-crunch-watermelon,2026-08-05,
Brain Freeze Candy,US,brainfreezecandy.com,Extreme Sour Crunch Watermelon,4 Pack,candy,,none,none,39.99,USD,,,no,catalog_feed,https://brainfreezecandy.com/products/extreme-sour-crunch-watermelon,2026-08-05,
Brain Freeze Candy,US,brainfreezecandy.com,Extreme Sour Crunch Green Apple,2 Pack,candy,,none,none,19.99,USD,,,no,catalog_feed,https://brainfreezecandy.com/products/extreme-sour-crunch-green-apple,2026-08-05,
Brain Freeze Candy,US,brainfreezecandy.com,Extreme Sour Crunch Green Apple,4 Pack,candy,,none,none,39.99,USD,,,no,catalog_feed,https://brainfreezecandy.com/products/extreme-sour-crunch-green-apple,2026-08-05,
Brain Freeze Candy,US,brainfreezecandy.com,Extreme Sour Crunch Mixed Fruit Flavors,2 Pack,candy,,none,none,19.99,USD,,,no,catalog_feed,https://brainfreezecandy.com/products/extreme-sour-crunch-mixed-fruit-flavors,2026-08-05,
Brain Freeze Candy,US,brainfreezecandy.com,Extreme Sour Crunch Mixed Fruit Flavors,4 Pack,candy,,none,none,39.99,USD,,,no,catalog_feed,https://brainfreezecandy.com/products/extreme-sour-crunch-mixed-fruit-flavors,2026-08-05,
Brain Freeze Candy,US,brainfreezecandy.com,Mini Rainbow Marshmallow Puffs - Single,,candy,,none,none,9.99,USD,,,no,catalog_feed,https://brainfreezecandy.com/products/mini-rainbow-marshmallow-puffs-single,2026-08-05,
Brain Freeze Candy,US,brainfreezecandy.com,Mini Marshmallow Puffs - Single,,candy,,none,none,9.99,USD,,,no,catalog_feed,https://brainfreezecandy.com/products/mini-marshmallow-puffs-single,2026-08-05,
Brain Freeze Candy,US,brainfreezecandy.com,Tropical Crunch - Single,,other,,none,none,9.99,USD,,,yes,catalog_feed,https://brainfreezecandy.com/products/tropical-crunch-single,2026-08-05,
Brain Freeze Candy,US,brainfreezecandy.com,Sour Crunch - Single,,candy,,none,none,9.99,USD,,,yes,catalog_feed,https://brainfreezecandy.com/products/sour-crunch-single,2026-08-05,
Brain Freeze Candy,US,brainfreezecandy.com,Rainbow Crunch - Single,,other,,none,none,9.99,USD,,,yes,catalog_feed,https://brainfreezecandy.com/products/rainbow-crunch-1,2026-08-05,
Brain Freeze Candy,US,brainfreezecandy.com,Mini Marshmallow Puffs,4 Pack,candy,45,shopify_shipping_weight,low,34.99,USD,,,no,catalog_feed,https://brainfreezecandy.com/products/mini-marshmallow-puffs,2026-08-05,implausible_from_shipping_weight(778)
Brain Freeze Candy,US,brainfreezecandy.com,Crunch Craze Collection,,other,,none,none,49.99,USD,,,no,catalog_feed,https://brainfreezecandy.com/products/crunch-craze-collection,2026-08-05,
Brain Freeze Candy,US,brainfreezecandy.com,Crunch Sampler Trio,,other,,none,none,29.99,USD,,,no,catalog_feed,https://brainfreezecandy.com/products/brain-freeze™-rainbow-crunch-pack,2026-08-05,
Brain Freeze Candy,US,brainfreezecandy.com,S'mores Marshmallows Bites,,candy,,none,none,9.99,USD,,,no,catalog_feed,https://brainfreezecandy.com/products/smores-marshmallows-bites,2026-08-05,
Brain Freeze Candy,US,brainfreezecandy.com,Vanilla Rainbow Crunch Marshmallow Bites,,candy,,none,none,9.99,USD,,,no,catalog_feed,https://brainfreezecandy.com/products/vanilla-rainbow-crunch-marshmallow-bites,2026-08-05,
Brain Freeze Candy,US,brainfreezecandy.com,Cookies n’ Cream Marshmallow Bites,,candy,,none,none,9.99,USD,,,no,catalog_feed,https://brainfreezecandy.com/products/cookies-n-cream-marshmallow-bites,2026-08-05,
Brain Freeze Candy,US,brainfreezecandy.com,Classic Chocolate Marshmallow Bites,,candy,,none,none,9.99,USD,,,no,catalog_feed,https://brainfreezecandy.com/products/classic-chocolate-marshmallow-bites,2026-08-05,
Brain Freeze Candy,US,brainfreezecandy.com,Sour Crunch,4 Pack,candy,,none,none,34.99,USD,,,yes,catalog_feed,https://brainfreezecandy.com/products/sour-tropical-crunch,2026-08-05,
Brain Freeze Candy,US,brainfreezecandy.com,Tropical Crunch,4 Pack,other,,none,none,34.99,USD,,,yes,catalog_feed,https://brainfreezecandy.com/products/tropical-rainbow-crunch,2026-08-05,
Brain Freeze Candy,US,brainfreezecandy.com,Marshmallow Mania Mix,,candy,,none,none,34.99,USD,,,no,catalog_feed,https://brainfreezecandy.com/products/mini-marshmallow-puffs-variety-pack,2026-08-05,
Brain Freeze Candy,US,brainfreezecandy.com,Brain Freeze™ Best Seller Pack,,other,,none,none,39.96,USD,,,no,catalog_feed,https://brainfreezecandy.com/products/brain-freeze™-best-seller-pack-1,2026-08-05,
Brain Freeze Candy,US,brainfreezecandy.com,Rainbow Mini Marshmallow Puffs,4 Pack,candy,45,shopify_shipping_weight,low,34.99,USD,,,no,catalog_feed,https://brainfreezecandy.com/products/rainbow-mini-marshmallow-puffs,2026-08-05,implausible_from_shipping_weight(778)
Brain Freeze Candy,US,brainfreezecandy.com,Rainbow Crunch,4 Pack,other,635,shopify_shipping_weight,low,34.99,USD,55.10,75.49,yes,catalog_feed,https://brainfreezecandy.com/products/rainbow-crunch,2026-08-05,
Campers Pantry,AU,camperspantry.com.au,Broccoli,25g 4 serves,vegetable,25,variant_title,high,9.95,AUD,398.00,354.22,yes,catalog_feed,https://camperspantry.com.au/products/broccoli-florets-camping-food-hiking-food,2026-08-05,
Campers Pantry,AU,camperspantry.com.au,Broccoli,100g 16 serves,vegetable,100,variant_title,high,38.95,AUD,389.50,346.66,no,catalog_feed,https://camperspantry.com.au/products/broccoli-florets-camping-food-hiking-food,2026-08-05,
Campers Pantry,AU,camperspantry.com.au,Freeze-Dried Banana Slices,,fruit,,none,none,15.99,AUD,,,yes,catalog_feed,https://camperspantry.com.au/products/banana-slices-70g,2026-08-05,
Campers Pantry,AU,camperspantry.com.au,Hummus Dip,Hummus Dip Single Serve 100g,meal,100,variant_title,high,12.95,AUD,129.50,115.25,no,catalog_feed,https://camperspantry.com.au/products/hummus-dip-200g,2026-08-05,
Campers Pantry,AU,camperspantry.com.au,Hummus Dip,Hummus Dip Double Serve 200g,meal,200,variant_title,high,19.95,AUD,99.75,88.78,yes,catalog_feed,https://camperspantry.com.au/products/hummus-dip-200g,2026-08-05,
Campers Pantry,AU,camperspantry.com.au,Peas,65g 4 serves,vegetable,65,variant_title,high,6.75,AUD,103.85,92.42,yes,catalog_feed,https://camperspantry.com.au/products/peas-camping-food-hiking-food,2026-08-05,
Campers Pantry,AU,camperspantry.com.au,Peas,100g 6 serves,vegetable,100,variant_title,high,12.79,AUD,127.90,113.83,yes,catalog_feed,https://camperspantry.com.au/products/peas-camping-food-hiking-food,2026-08-05,
Campers Pantry,AU,camperspantry.com.au,Beef Topside Premium | Grass Fed,175g 6 serves,meat,175,variant_title,high,36.95,AUD,211.14,187.92,no,catalog_feed,https://camperspantry.com.au/products/beef-grass-fed-topside-diced-camping-food-hiking-food,2026-08-05,
Campers Pantry,AU,camperspantry.com.au,Beef Topside Premium | Grass Fed,500g 16 serves,meat,500,variant_title,high,96.95,AUD,193.90,172.57,no,catalog_feed,https://camperspantry.com.au/products/beef-grass-fed-topside-diced-camping-food-hiking-food,2026-08-05,
Campers Pantry,AU,camperspantry.com.au,Chocolate Freeze-Dried Ice Cream 8 Packs,,ice_cream,,none,none,130.88,AUD,,,yes,catalog_feed,https://camperspantry.com.au/products/chocolate-freeze-dried-ice-cream-8-pack-1,2026-08-05,
Campers Pantry,AU,camperspantry.com.au,Vanilla Freeze-Dried Ice Cream 8 Packs,,ice_cream,1044,shopify_shipping_weight,low,130.88,AUD,125.36,111.57,yes,catalog_feed,https://camperspantry.com.au/products/vanilla-freeze-dried-ice-cream-8-pack-1,2026-08-05,
Campers Pantry,AU,camperspantry.com.au,Vanilla Freeze-Dried Ice Cream,,ice_cream,95,shopify_shipping_weight,low,16.36,AUD,172.21,153.27,yes,catalog_feed,https://camperspantry.com.au/products/vanilla-freeze-dried-ice-cream,2026-08-05,
Campers Pantry,AU,camperspantry.com.au,Chocolate Freeze-Dried Ice Cream,,ice_cream,95,shopify_shipping_weight,low,16.36,AUD,172.21,153.27,yes,catalog_feed,https://camperspantry.com.au/products/chocolate-freeze-dried-ice-cream,2026-08-05,
Campers Pantry,AU,camperspantry.com.au,Hummus Dip💧 Double 6 Serves 12 Pack,,meal,,none,none,239.40,AUD,,,yes,catalog_feed,https://camperspantry.com.au/products/hummus-dip-double-6-serves-12-pack-1,2026-08-05,
Campers Pantry,AU,camperspantry.com.au,Hummus Dip💧 3 Serve 21 Packs,,meal,,none,none,271.95,AUD,,,no,catalog_feed,https://camperspantry.com.au/products/hummus-dip-3-serve-8-pack,2026-08-05,
Campers Pantry,AU,camperspantry.com.au,Campers Pantry APRICOT CHICKEN EMPTY POUCH,,meat,,none,none,1.50,AUD,,,yes,catalog_feed,https://camperspantry.com.au/products/campers-pantry-pouches-10-pack,2026-08-05,
Campers Pantry,AU,camperspantry.com.au,Freeze Dried Blueberries,100 Grams,fruit,100,variant_title,high,12.00,AUD,120.00,106.80,yes,catalog_feed,https://camperspantry.com.au/products/freeze-dried-blueberries-camping-food-hiking-food,2026-08-05,
Campers Pantry,AU,camperspantry.com.au,Freeze-Dried Marshmallows,Marshmallows 55g,candy,55,variant_title,high,5.36,AUD,97.45,86.73,yes,catalog_feed,https://camperspantry.com.au/products/marshmallows-camping-food-hiking-food,2026-08-05,
Cook'n'Run,FR,cooknrun.com,Carte cadeau COOKNRUN,25€,other,,none,none,25.00,EUR,,,yes,catalog_feed,https://cooknrun.com/products/carte-cadeau-cooknrun,2026-08-05,
Cook'n'Run,FR,cooknrun.com,Carte cadeau COOKNRUN,50€,other,,none,none,50.00,EUR,,,yes,catalog_feed,https://cooknrun.com/products/carte-cadeau-cooknrun,2026-08-05,
Cook'n'Run,FR,cooknrun.com,Carte cadeau COOKNRUN,75€,other,,none,none,75.00,EUR,,,yes,catalog_feed,https://cooknrun.com/products/carte-cadeau-cooknrun,2026-08-05,
Cook'n'Run,FR,cooknrun.com,Carte cadeau COOKNRUN,100€,other,,none,none,100.00,EUR,,,yes,catalog_feed,https://cooknrun.com/products/carte-cadeau-cooknrun,2026-08-05,
Cook'n'Run,FR,cooknrun.com,Carte cadeau COOKNRUN,150€,other,,none,none,150.00,EUR,,,yes,catalog_feed,https://cooknrun.com/products/carte-cadeau-cooknrun,2026-08-05,
Cook'n'Run,FR,cooknrun.com,Carte cadeau COOKNRUN,200€,other,,none,none,200.00,EUR,,,yes,catalog_feed,https://cooknrun.com/products/carte-cadeau-cooknrun,2026-08-05,
Cook'n'Run,FR,cooknrun.com,Bidon COOKNRUN,,other,75,shopify_shipping_weight,low,9.95,EUR,132.67,197.67,yes,catalog_feed,https://cooknrun.com/products/bidon-cooknrun,2026-08-05,
Expedition Foods,GB,expeditionfoods.com,High 5 Zero Electrolyte Drink (Tube of 20 Tablets),Berry,beverage,80,shopify_shipping_weight,low,11.00,GBP,137.50,239.25,no,catalog_feed,https://expeditionfoods.com/products/high-5-zero-tube-of-10-tablets,2026-08-05,
Expedition Foods,GB,expeditionfoods.com,High 5 Zero Electrolyte Drink (Tube of 20 Tablets),Citrus,beverage,80,shopify_shipping_weight,low,11.00,GBP,137.50,239.25,no,catalog_feed,https://expeditionfoods.com/products/high-5-zero-tube-of-10-tablets,2026-08-05,
Expedition Foods,GB,expeditionfoods.com,High 5 Zero Electrolyte Drink (Tube of 20 Tablets),Tropical,beverage,80,shopify_shipping_weight,low,11.00,GBP,137.50,239.25,yes,catalog_feed,https://expeditionfoods.com/products/high-5-zero-tube-of-10-tablets,2026-08-05,
Expedition Foods,GB,expeditionfoods.com,High 5 Zero Electrolyte Drink (Tube of 20 Tablets),Orange & Cherry,beverage,80,shopify_shipping_weight,low,11.00,GBP,137.50,239.25,yes,catalog_feed,https://expeditionfoods.com/products/high-5-zero-tube-of-10-tablets,2026-08-05,
Expedition Foods,GB,expeditionfoods.com,High 5 Zero Electrolyte Drink (Tube of 20 Tablets),Strawberry & Kiwi,beverage,80,shopify_shipping_weight,low,11.00,GBP,137.50,239.25,no,catalog_feed,https://expeditionfoods.com/products/high-5-zero-tube-of-10-tablets,2026-08-05,
Expedition Foods,GB,expeditionfoods.com,High 5 Zero Electrolyte Drink (Tube of 20 Tablets),Blackcurrant,beverage,80,shopify_shipping_weight,low,11.00,GBP,137.50,239.25,yes,catalog_feed,https://expeditionfoods.com/products/high-5-zero-tube-of-10-tablets,2026-08-05,
Expedition Foods,GB,expeditionfoods.com,Vegetable Fried Rice | Freeze-Dried Meal - Big Pack,Serves 1,meal,201,shopify_shipping_weight,low,17.00,GBP,84.58,147.16,yes,catalog_feed,https://expeditionfoods.com/products/vegetable-fried-rice-big-pack,2026-08-05,
Expedition Foods,GB,expeditionfoods.com,Vegetable Fried Rice | Freeze-Dried Meal - Big Pack,Case of 6,meal,1206,shopify_shipping_weight,low,99.00,GBP,82.09,142.84,yes,catalog_feed,https://expeditionfoods.com/products/vegetable-fried-rice-big-pack,2026-08-05,
Expedition Foods,GB,expeditionfoods.com,Vegetable Fried Rice | Freeze-Dried Meal,Serves 1,meal,121,shopify_shipping_weight,low,14.00,GBP,115.70,201.32,yes,catalog_feed,https://expeditionfoods.com/products/vegetable-fried-rice,2026-08-05,
Expedition Foods,GB,expeditionfoods.com,Vegetable Fried Rice | Freeze-Dried Meal,Case of 12,meal,1452,shopify_shipping_weight,low,162.00,GBP,111.57,194.13,no,catalog_feed,https://expeditionfoods.com/products/vegetable-fried-rice,2026-08-05,
Expedition Foods,GB,expeditionfoods.com,Porridge with Strawberries (Survivor Foods Range) | Freeze-Dried Emergency Supplies,Tin,meal,1378,shopify_shipping_weight,low,77.00,GBP,55.88,97.23,yes,catalog_feed,https://expeditionfoods.com/products/porridge-with-strawberries-survivor-foods-range,2026-08-05,
Expedition Foods,GB,expeditionfoods.com,Porridge with Strawberries (Survivor Foods Range) | Freeze-Dried Emergency Supplies,Case of 6 tins,meal,8268,shopify_shipping_weight,low,462.00,GBP,55.88,97.23,yes,catalog_feed,https://expeditionfoods.com/products/porridge-with-strawberries-survivor-foods-range,2026-08-05,
Expedition Foods,GB,expeditionfoods.com,Macaroni and Cheese (Survivor Foods Range) | Freeze-Dried Emergency Supplies,Tin,dairy,1388,shopify_shipping_weight,low,83.00,GBP,59.80,104.05,yes,catalog_feed,https://expeditionfoods.com/products/macaroni-and-cheese-survivor-foods-range,2026-08-05,
Expedition Foods,GB,expeditionfoods.com,Macaroni and Cheese (Survivor Foods Range) | Freeze-Dried Emergency Supplies,Case of 6 tins,dairy,8328,shopify_shipping_weight,low,495.00,GBP,59.44,103.42,yes,catalog_feed,https://expeditionfoods.com/products/macaroni-and-cheese-survivor-foods-range,2026-08-05,
Expedition Foods,GB,expeditionfoods.com,Granola with Raspberries (Survivor Foods Range) | Freeze-Dried Emergency Supplies,Tin,fruit,1190,shopify_shipping_weight,low,77.00,GBP,64.71,112.59,yes,catalog_feed,https://expeditionfoods.com/products/granola-with-raspberries-survivor-foods-range,2026-08-05,
Expedition Foods,GB,expeditionfoods.com,Granola with Raspberries (Survivor Foods Range) | Freeze-Dried Emergency Supplies,Case of 6 tins,fruit,7140,shopify_shipping_weight,low,462.00,GBP,64.71,112.59,yes,catalog_feed,https://expeditionfoods.com/products/granola-with-raspberries-survivor-foods-range,2026-08-05,
Expedition Foods,GB,expeditionfoods.com,Beef and Potato Hotpot (Survivor Foods Range) | Freeze-Dried Emergency Supplies,Tin,meat,1182,shopify_shipping_weight,low,97.00,GBP,82.06,142.79,yes,catalog_feed,https://expeditionfoods.com/products/beef-and-potato-hotpot-survivor-foods-range,2026-08-05,
Expedition Foods,GB,expeditionfoods.com,Beef and Potato Hotpot (Survivor Foods Range) | Freeze-Dried Emergency Supplies,Case of 6 tins,meat,7092,shopify_shipping_weight,low,577.00,GBP,81.36,141.57,yes,catalog_feed,https://expeditionfoods.com/products/beef-and-potato-hotpot-survivor-foods-range,2026-08-05,
Expedition Foods,GB,expeditionfoods.com,Spaghetti Bolognese (Survivor Foods Range) | Freeze-Dried Emergency Supplies,Tin,meat,1180,shopify_shipping_weight,low,97.00,GBP,82.20,143.03,yes,catalog_feed,https://expeditionfoods.com/products/spaghetti-bolognese-survivor-foods-range,2026-08-05,
Expedition Foods,GB,expeditionfoods.com,Spaghetti Bolognese (Survivor Foods Range) | Freeze-Dried Emergency Supplies,Case of 6 tins,meat,7080,shopify_shipping_weight,low,577.00,GBP,81.50,141.81,yes,catalog_feed,https://expeditionfoods.com/products/spaghetti-bolognese-survivor-foods-range,2026-08-05,
Expedition Foods,GB,expeditionfoods.com,Spaghetti Carbonara (Survivor Foods Range) | Freeze-Dried Emergency Supplies,Tin,meat,1190,shopify_shipping_weight,low,97.00,GBP,81.51,141.83,yes,catalog_feed,https://expeditionfoods.com/products/spaghetti-carbonara-survivor-foods-range,2026-08-05,
Expedition Foods,GB,expeditionfoods.com,Spaghetti Carbonara (Survivor Foods Range) | Freeze-Dried Emergency Supplies,Case of 6 tins,meat,7140,shopify_shipping_weight,low,577.00,GBP,80.81,140.61,yes,catalog_feed,https://expeditionfoods.com/products/spaghetti-carbonara-survivor-foods-range,2026-08-05,
Expedition Foods,GB,expeditionfoods.com,Thai Green Chicken Curry with Rice (Survivor Foods Range) | Freeze-Dried Emergency Supplies,Tin,meat,1190,shopify_shipping_weight,low,97.00,GBP,81.51,141.83,yes,catalog_feed,https://expeditionfoods.com/products/thai-green-chicken-curry-with-rice-survivor-foods-range,2026-08-05,
Expedition Foods,GB,expeditionfoods.com,Thai Green Chicken Curry with Rice (Survivor Foods Range) | Freeze-Dried Emergency Supplies,Case of 6 tins,meat,7140,shopify_shipping_weight,low,577.00,GBP,80.81,140.61,yes,catalog_feed,https://expeditionfoods.com/products/thai-green-chicken-curry-with-rice-survivor-foods-range,2026-08-05,
Expedition Foods,GB,expeditionfoods.com,Chilli Con Carne with Rice (Survivor Foods Range) | Freeze-Dried Emergency Supplies,Tin,meat,1192,shopify_shipping_weight,low,97.00,GBP,81.38,141.59,yes,catalog_feed,https://expeditionfoods.com/products/chilli-con-carne-with-rice-survivor-foods-range,2026-08-05,
Expedition Foods,GB,expeditionfoods.com,Chilli Con Carne with Rice (Survivor Foods Range) | Freeze-Dried Emergency Supplies,Case of 6 tins,meat,7152,shopify_shipping_weight,low,577.00,GBP,80.68,140.38,yes,catalog_feed,https://expeditionfoods.com/products/chilli-con-carne-with-rice-survivor-foods-range,2026-08-05,
Expedition Foods,GB,expeditionfoods.com,Asian Noodles with Chicken and Mixed Vegetables (Survivor Foods Range) | Freeze-Dried Emergency Supplies,Tin,meat,1190,shopify_shipping_weight,low,97.00,GBP,81.51,141.83,yes,catalog_feed,https://expeditionfoods.com/products/asian-noodles-with-chicken-and-mixed-vegetables-survivor-foods-range,2026-08-05,
Expedition Foods,GB,expeditionfoods.com,Asian Noodles with Chicken and Mixed Vegetables (Survivor Foods Range) | Freeze-Dried Emergency Supplies,Case of 6 tins,meat,7140,shopify_shipping_weight,low,577.00,GBP,80.81,140.61,yes,catalog_feed,https://expeditionfoods.com/products/asian-noodles-with-chicken-and-mixed-vegetables-survivor-foods-range,2026-08-05,
Expedition Foods,GB,expeditionfoods.com,Survivor Foods Sample Pack,,other,981,shopify_shipping_weight,low,125.00,GBP,127.42,221.71,yes,catalog_feed,https://expeditionfoods.com/products/survivor-foods-sample,2026-08-05,
Expedition Foods,GB,expeditionfoods.com,Tailwind: Endurance Fuel,Lemon,meal,54,shopify_shipping_weight,low,4.00,GBP,74.07,128.89,yes,catalog_feed,https://expeditionfoods.com/products/tailwind-endurance-fuel,2026-08-05,
Expedition Foods,GB,expeditionfoods.com,Tailwind: Endurance Fuel,Berry,meal,54,shopify_shipping_weight,low,4.00,GBP,74.07,128.89,yes,catalog_feed,https://expeditionfoods.com/products/tailwind-endurance-fuel,2026-08-05,
Expedition Foods,GB,expeditionfoods.com,Warrior Raw Protein Flapjack Bar,White Chocolate Cranberry,meal,80,shopify_shipping_weight,low,3.00,GBP,37.50,65.25,yes,catalog_feed,https://expeditionfoods.com/products/warrior-raw-protein-flapjack-bar,2026-08-05,
Expedition Foods,GB,expeditionfoods.com,Warrior Raw Protein Flapjack Bar,Chocolate Orange,meal,80,shopify_shipping_weight,low,3.00,GBP,37.50,65.25,yes,catalog_feed,https://expeditionfoods.com/products/warrior-raw-protein-flapjack-bar,2026-08-05,
Expedition Foods,GB,expeditionfoods.com,Warrior Raw Protein Flapjack Bar,Chocolate Peanut,meal,80,shopify_shipping_weight,low,3.00,GBP,37.50,65.25,yes,catalog_feed,https://expeditionfoods.com/products/warrior-raw-protein-flapjack-bar,2026-08-05,
Expedition Foods,GB,expeditionfoods.com,Expedition Foods Vegetarian / Vegan Snack Pack,,meal,390,shopify_shipping_weight,low,22.00,GBP,56.41,98.15,yes,catalog_feed,https://expeditionfoods.com/products/expedition-foods-vegetarian-vegan-snack-pack,2026-08-05,
Expedition Foods,GB,expeditionfoods.com,Expedition Foods / Summit To Eat 250km Desert Race Vegan Meal Pack,,meal,2819,shopify_shipping_weight,low,232.00,GBP,82.30,143.20,yes,catalog_feed,https://expeditionfoods.com/products/expedition-foods-summit-to-eat-250km-desert-race-vegan-meal-pack,2026-08-05,
Expedition Foods,GB,expeditionfoods.com,Expedition Foods 250km Desert Race Vegetarian Meal Pack (1000kcal),,meal,3065,shopify_shipping_weight,low,233.00,GBP,76.02,132.27,yes,catalog_feed,https://expeditionfoods.com/products/expedition-foods-250km-desert-race-vegetarian-meal-pack-1000kcal,2026-08-05,
Expedition Foods,GB,expeditionfoods.com,Expedition Foods 250km Desert Race Vegetarian Meal Pack,,meal,2475,shopify_shipping_weight,low,225.00,GBP,90.91,158.18,yes,catalog_feed,https://expeditionfoods.com/products/expedition-foods-250km-desert-race-vegetarian-meal-pack,2026-08-05,
Expedition Foods,GB,expeditionfoods.com,Expedition Foods 250km Desert Race Meal Pack (1000kcal),,meal,3156,shopify_shipping_weight,low,235.00,GBP,74.46,129.56,yes,catalog_feed,https://expeditionfoods.com/products/expedition-foods-250km-desert-race-meal-pack-1000kcal,2026-08-05,
Expedition Foods,GB,expeditionfoods.com,Expedition Foods 250km Desert Race Meal Pack,,meal,2483,shopify_shipping_weight,low,227.00,GBP,91.42,159.07,yes,catalog_feed,https://expeditionfoods.com/products/expedition-foods-250km-desert-race-meal-pack,2026-08-05,
Expedition Foods,GB,expeditionfoods.com,Freeze Dried Chocolate,Freeze Dried real Milky Way - 2 Bars,candy,50,shopify_shipping_weight,low,7.00,GBP,140.00,243.60,no,catalog_feed,https://expeditionfoods.com/products/freeze-dried-sweets-chocolate-bars,2026-08-05,
Expedition Foods,GB,expeditionfoods.com,Freeze Dried Chocolate,Freeze Dried real Double Decker - 1 Bar,candy,50,shopify_shipping_weight,low,7.00,GBP,140.00,243.60,yes,catalog_feed,https://expeditionfoods.com/products/freeze-dried-sweets-chocolate-bars,2026-08-05,
Expedition Foods,GB,expeditionfoods.com,Freeze Dried Chocolate,Freeze Dried real Mars Bar - 1 Bar,candy,50,shopify_shipping_weight,low,7.00,GBP,140.00,243.60,no,catalog_feed,https://expeditionfoods.com/products/freeze-dried-sweets-chocolate-bars,2026-08-05,
Expedition Foods,GB,expeditionfoods.com,Freeze Dried Chocolate,Freeze Dried Fudge - 2 Bars,candy,50,shopify_shipping_weight,low,7.00,GBP,140.00,243.60,yes,catalog_feed,https://expeditionfoods.com/products/freeze-dried-sweets-chocolate-bars,2026-08-05,
Expedition Foods,GB,expeditionfoods.com,"Whistle, Compass and Thermometer",,other,30,shopify_shipping_weight,low,14.00,GBP,,,yes,catalog_feed,https://expeditionfoods.com/products/whistle-compass-and-thermometer,2026-08-05,implausible_from_shipping_weight_cad(812)
Expedition Foods,GB,expeditionfoods.com,Expedition Foods Snack Pack,,meal,346,shopify_shipping_weight,low,27.00,GBP,78.03,135.78,yes,catalog_feed,https://expeditionfoods.com/products/expedition-foods-snack-pack,2026-08-05,
Expedition Foods,GB,expeditionfoods.com,Expedition Foods High Energy Cubes,Vegetables - 50g,meal,50,variant_title,high,14.00,GBP,280.00,487.20,no,catalog_feed,https://expeditionfoods.com/products/expedition-foods-high-energy-cubes,2026-08-05,
Expedition Foods,GB,expeditionfoods.com,Expedition Foods High Energy Cubes,Fruits - 50g,meal,50,variant_title,high,14.00,GBP,280.00,487.20,no,catalog_feed,https://expeditionfoods.com/products/expedition-foods-high-energy-cubes,2026-08-05,
Expedition Foods,GB,expeditionfoods.com,Expedition Foods High Energy Cubes,Berries - 50g,meal,50,variant_title,high,14.00,GBP,280.00,487.20,no,catalog_feed,https://expeditionfoods.com/products/expedition-foods-high-energy-cubes,2026-08-05,
Expedition Foods,GB,expeditionfoods.com,RacingThePlanet Emergency Bivvy,,other,120,shopify_shipping_weight,low,16.00,GBP,133.33,232.00,yes,catalog_feed,https://expeditionfoods.com/products/racingtheplanet-emergency-bivvy,2026-08-05,
Expedition Foods,GB,expeditionfoods.com,Coghlan's Emergency Poncho,,other,45,shopify_shipping_weight,low,5.00,GBP,111.11,193.33,yes,catalog_feed,https://expeditionfoods.com/products/coghlans-emergency-poncho,2026-08-05,
Expedition Foods,GB,expeditionfoods.com,Three Cheese Scrambled Eggs | Freeze-Dried Meal,800KCAL,dairy,174,shopify_shipping_weight,low,17.00,GBP,97.70,170.00,yes,catalog_feed,https://expeditionfoods.com/products/three-cheese-scrambled-eggs,2026-08-05,
Expedition Foods,GB,expeditionfoods.com,Three Cheese Scrambled Eggs | Freeze-Dried Meal,450KCAL,dairy,102,shopify_shipping_weight,low,14.00,GBP,137.25,238.82,yes,catalog_feed,https://expeditionfoods.com/products/three-cheese-scrambled-eggs,2026-08-05,
Expedition Foods,GB,expeditionfoods.com,Three Cheese Scrambled Eggs | Freeze-Dried Meal,1000KCAL,dairy,212,shopify_shipping_weight,low,19.00,GBP,89.62,155.94,yes,catalog_feed,https://expeditionfoods.com/products/three-cheese-scrambled-eggs,2026-08-05,
Expedition Foods,GB,expeditionfoods.com,Three Cheese Scrambled Eggs | Freeze-Dried Meal,Case of 60 x 450KCAL,dairy,6120,shopify_shipping_weight,low,824.00,GBP,134.64,234.27,yes,catalog_feed,https://expeditionfoods.com/products/three-cheese-scrambled-eggs,2026-08-05,
Expedition Foods,GB,expeditionfoods.com,Three Cheese Scrambled Eggs | Freeze-Dried Meal,Case of 50 x 800KCAL,dairy,8700,shopify_shipping_weight,low,824.00,GBP,94.71,164.80,yes,catalog_feed,https://expeditionfoods.com/products/three-cheese-scrambled-eggs,2026-08-05,
Expedition Foods,GB,expeditionfoods.com,Three Cheese Scrambled Eggs | Freeze-Dried Meal,Case of 40 x 1000KCAL,dairy,8480,shopify_shipping_weight,low,742.00,GBP,87.50,152.25,yes,catalog_feed,https://expeditionfoods.com/products/three-cheese-scrambled-eggs,2026-08-05,
Expedition Foods,GB,expeditionfoods.com,Vegetable Tikka Masala with Rice | Freeze-Dried Meal - Big Pack,Serves 1,meal,201,shopify_shipping_weight,low,17.00,GBP,84.58,147.16,yes,catalog_feed,https://expeditionfoods.com/products/vegetable-chipotle-chilli-with-rice-big-pack-copy,2026-08-05,
Expedition Foods,GB,expeditionfoods.com,Vegetable Tikka Masala with Rice | Freeze-Dried Meal - Big Pack,Case of 6,meal,1206,shopify_shipping_weight,low,99.00,GBP,82.09,142.84,yes,catalog_feed,https://expeditionfoods.com/products/vegetable-chipotle-chilli-with-rice-big-pack-copy,2026-08-05,
Expedition Foods,GB,expeditionfoods.com,Vegetable Tikka Masala With Rice | Freeze-Dried Meal,Serves 1,meal,121,shopify_shipping_weight,low,14.00,GBP,115.70,201.32,yes,catalog_feed,https://expeditionfoods.com/products/vegetable-tikka-masala-with-rice,2026-08-05,
Expedition Foods,GB,expeditionfoods.com,Vegetable Tikka Masala With Rice | Freeze-Dried Meal,Case of 12,meal,1452,shopify_shipping_weight,low,162.00,GBP,111.57,194.13,no,catalog_feed,https://expeditionfoods.com/products/vegetable-tikka-masala-with-rice,2026-08-05,
Expedition Foods,GB,expeditionfoods.com,Vegan Thai Green Curry | Freeze-Dried Meal - Big Pack,Serves 1,meal,201,shopify_shipping_weight,low,17.00,GBP,84.58,147.16,no,catalog_feed,https://expeditionfoods.com/products/pasta-bolognaise-big-pack-copy,2026-08-05,
Expedition Foods,GB,expeditionfoods.com,Vegan Thai Green Curry | Freeze-Dried Meal - Big Pack,Case of 6,meal,1206,shopify_shipping_weight,low,99.00,GBP,82.09,142.84,no,catalog_feed,https://expeditionfoods.com/products/pasta-bolognaise-big-pack-copy,2026-08-05,
Expedition Foods,GB,expeditionfoods.com,Vegan Thai Green Curry | Freeze-Dried Meal,Serves 1,meal,121,shopify_shipping_weight,low,14.00,GBP,115.70,201.32,no,catalog_feed,https://expeditionfoods.com/products/vegetable-chipotle-chilli-with-rice-copy,2026-08-05,
Expedition Foods,GB,expeditionfoods.com,Vegan Thai Green Curry | Freeze-Dried Meal,Case of 12,meal,1452,shopify_shipping_weight,low,162.00,GBP,111.57,194.13,no,catalog_feed,https://expeditionfoods.com/products/vegetable-chipotle-chilli-with-rice-copy,2026-08-05,
Expedition Foods,GB,expeditionfoods.com,Mountain Fuel: Recovery Fuel,Chocolate,meal,50,shopify_shipping_weight,low,4.00,GBP,80.00,139.20,yes,catalog_feed,https://expeditionfoods.com/products/mountain-fuel-recovery-fuel,2026-08-05,
Expedition Foods,GB,expeditionfoods.com,Mountain Fuel: Recovery Fuel,Strawberry,meal,50,shopify_shipping_weight,low,4.00,GBP,80.00,139.20,yes,catalog_feed,https://expeditionfoods.com/products/mountain-fuel-recovery-fuel,2026-08-05,
Expedition Foods,GB,expeditionfoods.com,Raging Bull Original Beef Biltong,,meat,28,shopify_shipping_weight,low,4.00,GBP,142.86,248.57,yes,catalog_feed,https://expeditionfoods.com/products/raging-bull-original-beef-biltong,2026-08-05,
Expedition Foods,GB,expeditionfoods.com,Mexican Chicken Burrito Bowl | Freeze-Dried Meal,800KCAL,meat,162,shopify_shipping_weight,low,17.00,GBP,104.94,182.59,yes,catalog_feed,https://expeditionfoods.com/products/mexican-chicken-burrito-bowl,2026-08-05,
Expedition Foods,GB,expeditionfoods.com,Mexican Chicken Burrito Bowl | Freeze-Dried Meal,450KCAL,meat,95,shopify_shipping_weight,low,14.00,GBP,147.37,256.42,yes,catalog_feed,https://expeditionfoods.com/products/mexican-chicken-burrito-bowl,2026-08-05,
Expedition Foods,GB,expeditionfoods.com,Mexican Chicken Burrito Bowl | Freeze-Dried Meal,1000KCAL,meat,197,shopify_shipping_weight,low,18.00,GBP,91.37,158.98,yes,catalog_feed,https://expeditionfoods.com/products/mexican-chicken-burrito-bowl,2026-08-05,
Expedition Foods,GB,expeditionfoods.com,Mexican Chicken Burrito Bowl | Freeze-Dried Meal,Case of 60 x 450KCAL,meat,5700,shopify_shipping_weight,low,824.00,GBP,144.56,251.54,yes,catalog_feed,https://expeditionfoods.com/products/mexican-chicken-burrito-bowl,2026-08-05,
Expedition Foods,GB,expeditionfoods.com,Mexican Chicken Burrito Bowl | Freeze-Dried Meal,Case of 50 x 800KCAL,meat,8100,shopify_shipping_weight,low,824.00,GBP,101.73,177.01,yes,catalog_feed,https://expeditionfoods.com/products/mexican-chicken-burrito-bowl,2026-08-05,
Expedition Foods,GB,expeditionfoods.com,Mexican Chicken Burrito Bowl | Freeze-Dried Meal,Case of 40 x 1000KCAL,meat,7880,shopify_shipping_weight,low,714.00,GBP,90.61,157.66,yes,catalog_feed,https://expeditionfoods.com/products/mexican-chicken-burrito-bowl,2026-08-05,
Expedition Foods,GB,expeditionfoods.com,The Rough Country Trail Running Gaiters (White),S,other,190,shopify_shipping_weight,low,35.00,GBP,184.21,320.53,no,catalog_feed,https://expeditionfoods.com/products/the-rough-country-trail-running-gaiters,2026-08-05,
Expedition Foods,GB,expeditionfoods.com,The Rough Country Trail Running Gaiters (White),L,other,190,shopify_shipping_weight,low,35.00,GBP,184.21,320.53,yes,catalog_feed,https://expeditionfoods.com/products/the-rough-country-trail-running-gaiters,2026-08-05,
Expedition Foods,GB,expeditionfoods.com,United States Patches (set of 8),,other,60,shopify_shipping_weight,low,14.00,GBP,233.33,406.00,yes,catalog_feed,https://expeditionfoods.com/products/united-states-patches-set-of-8,2026-08-05,
Expedition Foods,GB,expeditionfoods.com,RacingThePlanet Trail Running Gaiters - White,S,other,,none,none,35.00,GBP,,,yes,catalog_feed,https://expeditionfoods.com/products/racingtheplanet-trail-running-gaiters-white,2026-08-05,
Expedition Foods,GB,expeditionfoods.com,RacingThePlanet Trail Running Gaiters - White,L,other,,none,none,35.00,GBP,,,yes,catalog_feed,https://expeditionfoods.com/products/racingtheplanet-trail-running-gaiters-white,2026-08-05,
Expedition Foods,GB,expeditionfoods.com,Freeze Dried Sweets - 50g,,meal,50,product_title,high,6.00,GBP,120.00,208.80,yes,catalog_feed,https://expeditionfoods.com/products/skittles-mix-50g-freeze-dried-sweets,2026-08-05,
Expedition Foods,GB,expeditionfoods.com,Expedition Foods/Summit To Eat 30-Day Polar Expedition Ration Pack,,meal,17273,shopify_shipping_weight,low,1441.00,GBP,83.42,145.16,yes,catalog_feed,https://expeditionfoods.com/products/expedition-foods-summit-to-eat-30-day-polar-expedition-ration-pack,2026-08-05,
Expedition Foods,GB,expeditionfoods.com,Expedition Foods/Summit To Eat 7-Day Polar Expedition Ration Pack,,meal,4040,shopify_shipping_weight,low,331.00,GBP,81.93,142.56,yes,catalog_feed,https://expeditionfoods.com/products/expedition-foods-summit-to-eat-7-day-polar-expedition-ration-pack,2026-08-05,
Expedition Foods,GB,expeditionfoods.com,Expedition Foods/Summit To Eat 30-Day Vegetarian Bundle Deal,,other,28332,shopify_shipping_weight,low,2085.00,GBP,73.59,128.05,yes,catalog_feed,https://expeditionfoods.com/products/expedition-foods-summit-to-eat-30-day-vegetarian-bundle-deal,2026-08-05,
Expedition Foods,GB,expeditionfoods.com,Expedition Foods/Summit To Eat 30-Day Bundle Deal,,other,27672,shopify_shipping_weight,low,2139.00,GBP,77.30,134.50,yes,catalog_feed,https://expeditionfoods.com/products/expedition-foods-summit-to-eat-30-day-bundle-deal,2026-08-05,
Expedition Foods,GB,expeditionfoods.com,Expedition Foods/Summit To Eat 1-Week Bundle Deal,,other,6345,shopify_shipping_weight,low,493.00,GBP,77.70,135.20,yes,catalog_feed,https://expeditionfoods.com/products/expedition-foods-summit-to-eat-1-week-vegetarian-bundle-deal-copy,2026-08-05,
Expedition Foods,GB,expeditionfoods.com,Expedition Foods/Summit To Eat 1-Week Vegetarian Bundle Deal,,other,6643,shopify_shipping_weight,low,483.00,GBP,72.71,126.51,yes,catalog_feed,https://expeditionfoods.com/products/expedition-foods-summit-to-eat-1-week-vegetarian-bundle-deal,2026-08-05,
Expedition Foods,GB,expeditionfoods.com,Expedition Foods/Summit To Eat Dessert Bundle Deal,,other,775,shopify_shipping_weight,low,88.00,GBP,113.55,197.57,yes,catalog_feed,https://expeditionfoods.com/products/expedition-foods-summit-to-eat-30-day-vegetarian-bundle-deal-copy,2026-08-05,
Expedition Foods,GB,expeditionfoods.com,RacingThePlanet TPU Pouch,,other,30,shopify_shipping_weight,low,9.00,GBP,300.00,522.00,yes,catalog_feed,https://expeditionfoods.com/products/racingtheplanet-tpu-pouch,2026-08-05,
Expedition Foods,GB,expeditionfoods.com,250km Desert Race Vegan Nutrition Pack,,meal,5057,shopify_shipping_weight,low,360.00,GBP,71.19,123.87,yes,catalog_feed,https://expeditionfoods.com/products/250km-desert-race-vegan-nutrition-pack,2026-08-05,
Expedition Foods,GB,expeditionfoods.com,Expedition Foods 1 Day Vegetarian Ration Pack,Single Serving,meal,447,shopify_shipping_weight,low,54.00,GBP,120.81,210.20,yes,catalog_feed,https://expeditionfoods.com/products/expedition-foods-1-day-vegetarian-ration-pack,2026-08-05,
Expedition Foods,GB,expeditionfoods.com,Expedition Foods 1 Day Vegetarian Ration Pack,High Energy Serving,meal,678,shopify_shipping_weight,low,62.00,GBP,91.45,159.12,yes,catalog_feed,https://expeditionfoods.com/products/expedition-foods-1-day-vegetarian-ration-pack,2026-08-05,
Expedition Foods,GB,expeditionfoods.com,Expedition Foods 1 Day Vegetarian Ration Pack,Double Serving,meal,802,shopify_shipping_weight,low,66.00,GBP,82.29,143.19,yes,catalog_feed,https://expeditionfoods.com/products/expedition-foods-1-day-vegetarian-ration-pack,2026-08-05,
Expedition Foods,GB,expeditionfoods.com,Vegetable Chipotle Chilli with Rice | Freeze-Dried Meal - Big Pack,Serves 1,meal,237,shopify_shipping_weight,low,17.00,GBP,71.73,124.81,yes,catalog_feed,https://expeditionfoods.com/products/vegetable-chipotle-chilli-with-rice-big-pack,2026-08-05,
Expedition Foods,GB,expeditionfoods.com,Vegetable Chipotle Chilli with Rice | Freeze-Dried Meal - Big Pack,Case of 6,meal,1422,shopify_shipping_weight,low,99.00,GBP,69.62,121.14,yes,catalog_feed,https://expeditionfoods.com/products/vegetable-chipotle-chilli-with-rice-big-pack,2026-08-05,
Expedition Foods,GB,expeditionfoods.com,Vegetable Chipotle Chilli with Rice | Freeze-Dried Meal,Serves 1,meal,156,shopify_shipping_weight,low,14.00,GBP,89.74,156.15,no,catalog_feed,https://expeditionfoods.com/products/vegetable-chipotle-chilli-with-rice,2026-08-05,
Expedition Foods,GB,expeditionfoods.com,Vegetable Chipotle Chilli with Rice | Freeze-Dried Meal,Case of 12,meal,1872,shopify_shipping_weight,low,162.00,GBP,86.54,150.58,no,catalog_feed,https://expeditionfoods.com/products/vegetable-chipotle-chilli-with-rice,2026-08-05,
Expedition Foods,GB,expeditionfoods.com,Spicy Pasta Arrabiata | Freeze-Dried Meal - Big Pack,Serves 1,meal,280,shopify_shipping_weight,low,17.00,GBP,60.71,105.64,yes,catalog_feed,https://expeditionfoods.com/products/spicy-pasta-arrabiata-big-pack,2026-08-05,
Expedition Foods,GB,expeditionfoods.com,Spicy Pasta Arrabiata | Freeze-Dried Meal - Big Pack,Case of 6,meal,1680,shopify_shipping_weight,low,99.00,GBP,58.93,102.54,yes,catalog_feed,https://expeditionfoods.com/products/spicy-pasta-arrabiata-big-pack,2026-08-05,
Expedition Foods,GB,expeditionfoods.com,Spicy Pasta Arrabiata | Freeze-Dried Meal,Serves 1,meal,176,shopify_shipping_weight,low,14.00,GBP,79.55,138.41,no,catalog_feed,https://expeditionfoods.com/products/spicy-pasta-arrabiata,2026-08-05,
Expedition Foods,GB,expeditionfoods.com,Spicy Pasta Arrabiata | Freeze-Dried Meal,Case of 12,meal,2112,shopify_shipping_weight,low,162.00,GBP,76.70,133.47,no,catalog_feed,https://expeditionfoods.com/products/spicy-pasta-arrabiata,2026-08-05,
Expedition Foods,GB,expeditionfoods.com,Scrambled Egg With Cheese | Freeze-Dried Meal,Serves 1,dairy,107,shopify_shipping_weight,low,14.00,GBP,130.84,227.66,no,catalog_feed,https://expeditionfoods.com/products/scrambled-egg-with-cheese,2026-08-05,
Expedition Foods,GB,expeditionfoods.com,Scrambled Egg With Cheese | Freeze-Dried Meal,Case of 12,dairy,1284,shopify_shipping_weight,low,162.00,GBP,126.17,219.53,no,catalog_feed,https://expeditionfoods.com/products/scrambled-egg-with-cheese,2026-08-05,
Expedition Foods,GB,expeditionfoods.com,Salmon and Broccoli Pasta | Freeze-Dried Meal - Big Pack,Serves 1,meat,213,shopify_shipping_weight,low,17.00,GBP,79.81,138.87,yes,catalog_feed,https://expeditionfoods.com/products/salmon-and-broccoli-pasta-big-pack,2026-08-05,
Expedition Foods,GB,expeditionfoods.com,Salmon and Broccoli Pasta | Freeze-Dried Meal - Big Pack,Case of 6,meat,1278,shopify_shipping_weight,low,99.00,GBP,77.46,134.79,yes,catalog_feed,https://expeditionfoods.com/products/salmon-and-broccoli-pasta-big-pack,2026-08-05,
Expedition Foods,GB,expeditionfoods.com,Salmon and Broccoli Pasta | Freeze-Dried Meal,Serves 1,meat,137,shopify_shipping_weight,low,14.00,GBP,102.19,177.81,yes,catalog_feed,https://expeditionfoods.com/products/salmon-and-broccoli-pasta,2026-08-05,
Expedition Foods,GB,expeditionfoods.com,Salmon and Broccoli Pasta | Freeze-Dried Meal,Case of 12,meat,1644,shopify_shipping_weight,low,162.00,GBP,98.54,171.46,no,catalog_feed,https://expeditionfoods.com/products/salmon-and-broccoli-pasta,2026-08-05,
Expedition Foods,GB,expeditionfoods.com,Rice Pudding with Strawberry | Freeze-Dried Meal,Serves 1,meal,110,shopify_shipping_weight,low,11.00,GBP,100.00,174.00,no,catalog_feed,https://expeditionfoods.com/products/rice-pudding-with-strawberry,2026-08-05,
Expedition Foods,GB,expeditionfoods.com,Rice Pudding with Strawberry | Freeze-Dried Meal,Case of 12,meal,1320,shopify_shipping_weight,low,128.00,GBP,96.97,168.73,no,catalog_feed,https://expeditionfoods.com/products/rice-pudding-with-strawberry,2026-08-05,
Expedition Foods,GB,expeditionfoods.com,Pasta Bolognaise | Freeze-Dried Meal - Big Pack,Serves 1,meal,237,shopify_shipping_weight,low,17.00,GBP,71.73,124.81,yes,catalog_feed,https://expeditionfoods.com/products/pasta-bolognaise-big-pack,2026-08-05,
Expedition Foods,GB,expeditionfoods.com,Pasta Bolognaise | Freeze-Dried Meal - Big Pack,Case of 6,meal,1422,shopify_shipping_weight,low,99.00,GBP,69.62,121.14,yes,catalog_feed,https://expeditionfoods.com/products/pasta-bolognaise-big-pack,2026-08-05,
Expedition Foods,GB,expeditionfoods.com,Pasta Bolognaise | Freeze-Dried Meal,Serves 1,meal,150,shopify_shipping_weight,low,14.00,GBP,93.33,162.40,no,catalog_feed,https://expeditionfoods.com/products/pasta-bolognaise,2026-08-05,
Expedition Foods,GB,expeditionfoods.com,Pasta Bolognaise | Freeze-Dried Meal,Case of 12,meal,1800,shopify_shipping_weight,low,162.00,GBP,90.00,156.60,no,catalog_feed,https://expeditionfoods.com/products/pasta-bolognaise,2026-08-05,
Expedition Foods,GB,expeditionfoods.com,Morning Oats with Raspberry | Freeze-Dried Meal,Serves 1,meal,118,shopify_shipping_weight,low,11.00,GBP,93.22,162.20,no,catalog_feed,https://expeditionfoods.com/products/morning-oats-with-raspberry,2026-08-05,
Expedition Foods,GB,expeditionfoods.com,Morning Oats with Raspberry | Freeze-Dried Meal,Case of 12,meal,1416,shopify_shipping_weight,low,128.00,GBP,90.40,157.29,no,catalog_feed,https://expeditionfoods.com/products/morning-oats-with-raspberry,2026-08-05,
Expedition Foods,GB,expeditionfoods.com,Macaroni Cheese | Freeze-Dried Meal - Big Pack,Serves 1,dairy,217,shopify_shipping_weight,low,17.00,GBP,78.34,136.31,yes,catalog_feed,https://expeditionfoods.com/products/macaroni-cheese-big-pack,2026-08-05,
Expedition Foods,GB,expeditionfoods.com,Macaroni Cheese | Freeze-Dried Meal - Big Pack,Case of 6,dairy,1302,shopify_shipping_weight,low,99.00,GBP,76.04,132.30,yes,catalog_feed,https://expeditionfoods.com/products/macaroni-cheese-big-pack,2026-08-05,
Expedition Foods,GB,expeditionfoods.com,Macaroni Cheese | Freeze-Dried Meal,Serves 1,dairy,138,shopify_shipping_weight,low,14.00,GBP,101.45,176.52,no,catalog_feed,https://expeditionfoods.com/products/macaroni-cheese,2026-08-05,
Expedition Foods,GB,expeditionfoods.com,Macaroni Cheese | Freeze-Dried Meal,Case of 12,dairy,1656,shopify_shipping_weight,low,162.00,GBP,97.83,170.22,no,catalog_feed,https://expeditionfoods.com/products/macaroni-cheese,2026-08-05,
Expedition Foods,GB,expeditionfoods.com,Custard Apple Crunch | Freeze-Dried Meal,Serves 1,meal,107,shopify_shipping_weight,low,11.00,GBP,102.80,178.88,yes,catalog_feed,https://expeditionfoods.com/products/custard-apple-crunch,2026-08-05,
Expedition Foods,GB,expeditionfoods.com,Custard Apple Crunch | Freeze-Dried Meal,Case of 12,meal,1284,shopify_shipping_weight,low,128.00,GBP,99.69,173.46,no,catalog_feed,https://expeditionfoods.com/products/custard-apple-crunch,2026-08-05,
Expedition Foods,GB,expeditionfoods.com,Chocolate Mousse with Granola & Cherry | Freeze-Dried Meal,Serves 1,candy,117,shopify_shipping_weight,low,11.00,GBP,94.02,163.59,yes,catalog_feed,https://expeditionfoods.com/products/chocolate-mousse-with-granola-cherry,2026-08-05,
Expedition Foods,GB,expeditionfoods.com,Chocolate Mousse with Granola & Cherry | Freeze-Dried Meal,Case of 12,candy,1404,shopify_shipping_weight,low,128.00,GBP,91.17,158.63,no,catalog_feed,https://expeditionfoods.com/products/chocolate-mousse-with-granola-cherry,2026-08-05,
Expedition Foods,GB,expeditionfoods.com,Chicken Tikka with Rice | Freeze-Dried Meal - Big Pack,Serves 1,meat,210,shopify_shipping_weight,low,17.00,GBP,80.95,140.86,yes,catalog_feed,https://expeditionfoods.com/products/chicken-tikka-with-rice-big-pack,2026-08-05,
Expedition Foods,GB,expeditionfoods.com,Chicken Tikka with Rice | Freeze-Dried Meal - Big Pack,Case of 6,meat,1260,shopify_shipping_weight,low,99.00,GBP,78.57,136.71,yes,catalog_feed,https://expeditionfoods.com/products/chicken-tikka-with-rice-big-pack,2026-08-05,
Expedition Foods,GB,expeditionfoods.com,Chicken Tikka with Rice | Freeze-Dried Meal,Serves 1,meat,146,shopify_shipping_weight,low,14.00,GBP,95.89,166.85,yes,catalog_feed,https://expeditionfoods.com/products/chicken-tikka-with-rice-ste,2026-08-05,
Expedition Foods,GB,expeditionfoods.com,Chicken Tikka with Rice | Freeze-Dried Meal,Case of 12,meat,1752,shopify_shipping_weight,low,162.00,GBP,92.47,160.89,no,catalog_feed,https://expeditionfoods.com/products/chicken-tikka-with-rice-ste,2026-08-05,
Expedition Foods,GB,expeditionfoods.com,Chicken Fried Rice | Freeze-Dried Meal - Big Pack,Serves 1,meat,222,shopify_shipping_weight,low,17.00,GBP,76.58,133.24,yes,catalog_feed,https://expeditionfoods.com/products/chicken-fried-rice-big-pack,2026-08-05,
Expedition Foods,GB,expeditionfoods.com,Chicken Fried Rice | Freeze-Dried Meal - Big Pack,Case of 6,meat,1332,shopify_shipping_weight,low,99.00,GBP,74.32,129.32,yes,catalog_feed,https://expeditionfoods.com/products/chicken-fried-rice-big-pack,2026-08-05,
Expedition Foods,GB,expeditionfoods.com,Chicken Fried Rice | Freeze-Dried Meal,Serves 1,meat,141,shopify_shipping_weight,low,14.00,GBP,99.29,172.77,yes,catalog_feed,https://expeditionfoods.com/products/chicken-fried-rice,2026-08-05,
Expedition Foods,GB,expeditionfoods.com,Chicken Fried Rice | Freeze-Dried Meal,Case of 12,meat,1692,shopify_shipping_weight,low,162.00,GBP,95.74,166.60,yes,catalog_feed,https://expeditionfoods.com/products/chicken-fried-rice,2026-08-05,
Expedition Foods,GB,expeditionfoods.com,Chicken Fajita with Rice | Freeze-Dried Meal - Big Pack,Serves 1,meat,233,shopify_shipping_weight,low,17.00,GBP,72.96,126.95,yes,catalog_feed,https://expeditionfoods.com/products/chicken-fajita-with-rice-big-pack,2026-08-05,
Expedition Foods,GB,expeditionfoods.com,Chicken Fajita with Rice | Freeze-Dried Meal - Big Pack,Case of 6,meat,1398,shopify_shipping_weight,low,99.00,GBP,70.82,123.22,yes,catalog_feed,https://expeditionfoods.com/products/chicken-fajita-with-rice-big-pack,2026-08-05,
Expedition Foods,GB,expeditionfoods.com,Chicken Fajita with Rice | Freeze-Dried Meal,Serves 1,meat,148,shopify_shipping_weight,low,14.00,GBP,94.59,164.59,no,catalog_feed,https://expeditionfoods.com/products/chicken-fajita-with-rice,2026-08-05,
Expedition Foods,GB,expeditionfoods.com,Chicken Fajita with Rice | Freeze-Dried Meal,Case of 12,meat,1776,shopify_shipping_weight,low,162.00,GBP,91.22,158.72,no,catalog_feed,https://expeditionfoods.com/products/chicken-fajita-with-rice,2026-08-05,
Expedition Foods,GB,expeditionfoods.com,Beef and Potato Stew | Freeze-Dried Meal - Big Pack,Serves 1,meat,210,shopify_shipping_weight,low,17.00,GBP,80.95,140.86,no,catalog_feed,https://expeditionfoods.com/products/beef-and-potato-stew-big-pack,2026-08-05,
Expedition Foods,GB,expeditionfoods.com,Beef and Potato Stew | Freeze-Dried Meal - Big Pack,Case of 6,meat,1260,shopify_shipping_weight,low,99.00,GBP,78.57,136.71,no,catalog_feed,https://expeditionfoods.com/products/beef-and-potato-stew-big-pack,2026-08-05,
Expedition Foods,GB,expeditionfoods.com,Beef and Potato Stew | Freeze-Dried Meal,Serves 1,meat,105,shopify_shipping_weight,low,14.00,GBP,133.33,232.00,no,catalog_feed,https://expeditionfoods.com/products/beef-and-potato-stew,2026-08-05,
Expedition Foods,GB,expeditionfoods.com,Beef and Potato Stew | Freeze-Dried Meal,Case of 12,meat,1260,shopify_shipping_weight,low,162.00,GBP,128.57,223.71,no,catalog_feed,https://expeditionfoods.com/products/beef-and-potato-stew,2026-08-05,
Expedition Foods,GB,expeditionfoods.com,5 Bean Cassoulet | Freeze-Dried Meal - Big Pack,Serves 1,meal,190,shopify_shipping_weight,low,17.00,GBP,89.47,155.68,no,catalog_feed,https://expeditionfoods.com/products/5-bean-cassoulet-big-pack,2026-08-05,
Expedition Foods,GB,expeditionfoods.com,5 Bean Cassoulet | Freeze-Dried Meal - Big Pack,Case of 6,meal,1140,shopify_shipping_weight,low,99.00,GBP,86.84,151.11,no,catalog_feed,https://expeditionfoods.com/products/5-bean-cassoulet-big-pack,2026-08-05,
Expedition Foods,GB,expeditionfoods.com,5 Bean Cassoulet | Freeze-Dried Meal,Serves 1,meal,122,shopify_shipping_weight,low,14.00,GBP,114.75,199.67,no,catalog_feed,https://expeditionfoods.com/products/5-bean-cassoulet,2026-08-05,
Expedition Foods,GB,expeditionfoods.com,5 Bean Cassoulet | Freeze-Dried Meal,Case of 12,meal,1464,shopify_shipping_weight,low,162.00,GBP,110.66,192.54,no,catalog_feed,https://expeditionfoods.com/products/5-bean-cassoulet,2026-08-05,
Expedition Foods,GB,expeditionfoods.com,RacingThePlanet Merino Wool Beanie,,vegetable,95,shopify_shipping_weight,low,29.00,GBP,305.26,531.16,yes,catalog_feed,https://expeditionfoods.com/products/racingtheplanet-merino-wool-beanie,2026-08-05,
Expedition Foods,GB,expeditionfoods.com,RacingThePlant Whistle,,other,,none,none,10.00,GBP,,,yes,catalog_feed,https://expeditionfoods.com/products/racingtheplant-whistle,2026-08-05,
Expedition Foods,GB,expeditionfoods.com,RacingThePlanet Flat Whistle,,other,,none,none,10.00,GBP,,,yes,catalog_feed,https://expeditionfoods.com/products/racingtheplanet-flat-whistle,2026-08-05,
Expedition Foods,GB,expeditionfoods.com,Expedition Foods 7 Day Highest Protein Ration Pack,450KCAL,meal,2273,shopify_shipping_weight,low,293.00,GBP,128.90,224.29,yes,catalog_feed,https://expeditionfoods.com/products/expedition-foods-7-day-highest-protein-ration-pack,2026-08-05,
Expedition Foods,GB,expeditionfoods.com,Expedition Foods 7 Day Highest Protein Ration Pack,800KCAL,meal,3964,shopify_shipping_weight,low,353.00,GBP,89.05,154.95,yes,catalog_feed,https://expeditionfoods.com/products/expedition-foods-7-day-highest-protein-ration-pack,2026-08-05,
Expedition Foods,GB,expeditionfoods.com,Expedition Foods 7 Day Highest Protein Ration Pack,1000KCAL,meal,4762,shopify_shipping_weight,low,385.00,GBP,80.85,140.68,yes,catalog_feed,https://expeditionfoods.com/products/expedition-foods-7-day-highest-protein-ration-pack,2026-08-05,
Expedition Foods,GB,expeditionfoods.com,Expedition Foods 1 Day Highest Protein Ration Pack,450KCAL,meal,318,shopify_shipping_weight,low,44.00,GBP,138.36,240.75,yes,catalog_feed,https://expeditionfoods.com/products/expedition-foods-1-day-highest-protein-ration-pack,2026-08-05,
Expedition Foods,GB,expeditionfoods.com,Expedition Foods 1 Day Highest Protein Ration Pack,800KCAL,meal,545,shopify_shipping_weight,low,53.00,GBP,97.25,169.21,yes,catalog_feed,https://expeditionfoods.com/products/expedition-foods-1-day-highest-protein-ration-pack,2026-08-05,
Expedition Foods,GB,expeditionfoods.com,Expedition Foods 1 Day Highest Protein Ration Pack,1000KCAL,meal,666,shopify_shipping_weight,low,57.00,GBP,85.59,148.92,yes,catalog_feed,https://expeditionfoods.com/products/expedition-foods-1-day-highest-protein-ration-pack,2026-08-05,
Expedition Foods,GB,expeditionfoods.com,Expedition Foods 1 Day Highest Calorie-to-Weight Ratio Ration Pack,Regular,meal,309,shopify_shipping_weight,low,43.00,GBP,139.16,242.14,yes,catalog_feed,https://expeditionfoods.com/products/expedition-foods-1-day-highest-calorie-to-weight-ratio-ration-pack,2026-08-05,
Expedition Foods,GB,expeditionfoods.com,Expedition Foods 1 Day Highest Calorie-to-Weight Ratio Ration Pack,Vegetarian,meal,330,shopify_shipping_weight,low,40.00,GBP,121.21,210.91,yes,catalog_feed,https://expeditionfoods.com/products/expedition-foods-1-day-highest-calorie-to-weight-ratio-ration-pack,2026-08-05,
Expedition Foods,GB,expeditionfoods.com,Expedition Foods 7 Day Highest Calorie-to-Weight Ratio Ration Pack,Regular,meal,2160,shopify_shipping_weight,low,292.00,GBP,135.19,235.22,yes,catalog_feed,https://expeditionfoods.com/products/expedition-foods-7-day-highest-calorie-to-weight-ratio-ration-pack,2026-08-05,
Expedition Foods,GB,expeditionfoods.com,Expedition Foods 7 Day Highest Calorie-to-Weight Ratio Ration Pack,Vegetarian,meal,2223,shopify_shipping_weight,low,283.00,GBP,127.31,221.51,yes,catalog_feed,https://expeditionfoods.com/products/expedition-foods-7-day-highest-calorie-to-weight-ratio-ration-pack,2026-08-05,
Expedition Foods,GB,expeditionfoods.com,Expedition Foods 1 Day Ultralight Ration Pack,Regular,meal,390,shopify_shipping_weight,low,42.00,GBP,107.69,187.38,yes,catalog_feed,https://expeditionfoods.com/products/expedition-foods-1-day-ultralight-ration-pack,2026-08-05,
Expedition Foods,GB,expeditionfoods.com,Expedition Foods 1 Day Ultralight Ration Pack,Vegetarian,meal,306,shopify_shipping_weight,low,42.00,GBP,137.25,238.82,yes,catalog_feed,https://expeditionfoods.com/products/expedition-foods-1-day-ultralight-ration-pack,2026-08-05,
Expedition Foods,GB,expeditionfoods.com,Expedition Foods 7 Day Ultralight Ration Pack,Regular,meal,2161,shopify_shipping_weight,low,293.00,GBP,135.59,235.92,yes,catalog_feed,https://expeditionfoods.com/products/expedition-foods-7-day-ultralight-ration-pack,2026-08-05,
Expedition Foods,GB,expeditionfoods.com,Expedition Foods 7 Day Ultralight Ration Pack,Vegetarian,meal,2172,shopify_shipping_weight,low,285.00,GBP,131.22,228.31,yes,catalog_feed,https://expeditionfoods.com/products/expedition-foods-7-day-ultralight-ration-pack,2026-08-05,
Expedition Foods,GB,expeditionfoods.com,Expedition Foods Tin Opener,1 Piece,other,,none,none,2.00,GBP,,,yes,catalog_feed,https://expeditionfoods.com/products/expedition-foods-tin-opener,2026-08-05,
Expedition Foods,GB,expeditionfoods.com,Expedition Foods Tin Opener,5 Pieces,other,,none,none,10.00,GBP,,,yes,catalog_feed,https://expeditionfoods.com/products/expedition-foods-tin-opener,2026-08-05,
Expedition Foods,GB,expeditionfoods.com,Emergency Kit for 1 Person,Regular,meal,3852,shopify_shipping_weight,low,349.00,GBP,90.60,157.65,yes,catalog_feed,https://expeditionfoods.com/products/emergency-kit-for-1-person,2026-08-05,
Expedition Foods,GB,expeditionfoods.com,Emergency Kit for 1 Person,Vegetarian,meal,3939,shopify_shipping_weight,low,345.00,GBP,87.59,152.40,yes,catalog_feed,https://expeditionfoods.com/products/emergency-kit-for-1-person,2026-08-05,
Expedition Foods,GB,expeditionfoods.com,"Rolled Oats, Apple and Blackcurrant | Freeze-Dried Meal",800KCAL,meal,222,shopify_shipping_weight,low,16.00,GBP,72.07,125.41,yes,catalog_feed,https://expeditionfoods.com/products/rolled-oats-apple-and-blackcurrant,2026-08-05,
Expedition Foods,GB,expeditionfoods.com,"Rolled Oats, Apple and Blackcurrant | Freeze-Dried Meal",450KCAL,meal,129,shopify_shipping_weight,low,14.00,GBP,108.53,188.84,yes,catalog_feed,https://expeditionfoods.com/products/rolled-oats-apple-and-blackcurrant,2026-08-05,
Expedition Foods,GB,expeditionfoods.com,"Rolled Oats, Apple and Blackcurrant | Freeze-Dried Meal",1000KCAL,meal,272,shopify_shipping_weight,low,18.00,GBP,66.18,115.15,yes,catalog_feed,https://expeditionfoods.com/products/rolled-oats-apple-and-blackcurrant,2026-08-05,
Expedition Foods,GB,expeditionfoods.com,"Rolled Oats, Apple and Blackcurrant | Freeze-Dried Meal",Case of 60 x 450KCAL,meal,8510,shopify_shipping_weight,low,783.00,GBP,92.01,160.10,yes,catalog_feed,https://expeditionfoods.com/products/rolled-oats-apple-and-blackcurrant,2026-08-05,
Expedition Foods,GB,expeditionfoods.com,"Rolled Oats, Apple and Blackcurrant | Freeze-Dried Meal",Case of 50 x 800KCAL,meal,11860,shopify_shipping_weight,low,790.00,GBP,66.61,115.90,yes,catalog_feed,https://expeditionfoods.com/products/rolled-oats-apple-and-blackcurrant,2026-08-05,
Expedition Foods,GB,expeditionfoods.com,"Rolled Oats, Apple and Blackcurrant | Freeze-Dried Meal",Case of 40 x 1000KCAL,meal,11660,shopify_shipping_weight,low,687.00,GBP,58.92,102.52,yes,catalog_feed,https://expeditionfoods.com/products/rolled-oats-apple-and-blackcurrant,2026-08-05,
Expedition Foods,GB,expeditionfoods.com,RacingThePlanet Flashing LED Trail Running Safety Light,,other,80,shopify_shipping_weight,low,10.00,GBP,125.00,217.50,yes,catalog_feed,https://expeditionfoods.com/products/racingtheplanet-flashing-led-trail-running-safety-light,2026-08-05,
Expedition Foods,GB,expeditionfoods.com,Taiwan Patches (set of 8),,other,60,shopify_shipping_weight,low,14.00,GBP,233.33,406.00,yes,catalog_feed,https://expeditionfoods.com/products/taiwan-patches-set-of-8,2026-08-05,
Expedition Foods,GB,expeditionfoods.com,Chile Patches (set of 8),,other,60,shopify_shipping_weight,low,14.00,GBP,233.33,406.00,yes,catalog_feed,https://expeditionfoods.com/products/chile-patches,2026-08-05,
Expedition Foods,GB,expeditionfoods.com,Namibia Patches (set of 8),,other,60,shopify_shipping_weight,low,14.00,GBP,233.33,406.00,yes,catalog_feed,https://expeditionfoods.com/products/namibia-patches-set-of-8,2026-08-05,
Expedition Foods,GB,expeditionfoods.com,Colombia Patches (set of 8),,other,60,shopify_shipping_weight,low,14.00,GBP,233.33,406.00,yes,catalog_feed,https://expeditionfoods.com/products/colombia-patches,2026-08-05,
Expedition Foods,GB,expeditionfoods.com,Bermuda Patches (set of 8),,other,60,shopify_shipping_weight,low,14.00,GBP,233.33,406.00,yes,catalog_feed,https://expeditionfoods.com/products/bermuda-patches,2026-08-05,
Expedition Foods,GB,expeditionfoods.com,China Patches (set of 8),,other,60,shopify_shipping_weight,low,14.00,GBP,233.33,406.00,yes,catalog_feed,https://expeditionfoods.com/products/china-patches-set-of-8,2026-08-05,
Expedition Foods,GB,expeditionfoods.com,Malaysia Patches (set of 8),,other,60,shopify_shipping_weight,low,14.00,GBP,233.33,406.00,yes,catalog_feed,https://expeditionfoods.com/products/malaysia-patches-set-of-8,2026-08-05,
Expedition Foods,GB,expeditionfoods.com,Vietnam Patches (set of 8),,other,60,shopify_shipping_weight,low,14.00,GBP,233.33,406.00,yes,catalog_feed,https://expeditionfoods.com/products/vietnam-patches-set-of-8,2026-08-05,
Expedition Foods,GB,expeditionfoods.com,Argentina Patches (set of 8),,other,60,shopify_shipping_weight,low,14.00,GBP,233.33,406.00,yes,catalog_feed,https://expeditionfoods.com/products/argentina-patches-set-of-8,2026-08-05,
Expedition Foods,GB,expeditionfoods.com,Israel Patches (set of 8),,other,60,shopify_shipping_weight,low,14.00,GBP,233.33,406.00,yes,catalog_feed,https://expeditionfoods.com/products/israel-patches-set-of-8,2026-08-05,
Expedition Foods,GB,expeditionfoods.com,India Patches (set of 8),,other,60,shopify_shipping_weight,low,14.00,GBP,233.33,406.00,yes,catalog_feed,https://expeditionfoods.com/products/india-patches,2026-08-05,
Expedition Foods,GB,expeditionfoods.com,Singapore Patches (set of 8),,other,60,shopify_shipping_weight,low,14.00,GBP,233.33,406.00,yes,catalog_feed,https://expeditionfoods.com/products/singapore-patches-set-of-8,2026-08-05,
Expedition Foods,GB,expeditionfoods.com,Brazil Patches (set of 8),,other,60,shopify_shipping_weight,low,14.00,GBP,233.33,406.00,yes,catalog_feed,https://expeditionfoods.com/products/brazil-patches-set-of-8,2026-08-05,
Expedition Foods,GB,expeditionfoods.com,South Africa Patches (set of 8),,other,60,shopify_shipping_weight,low,14.00,GBP,233.33,406.00,yes,catalog_feed,https://expeditionfoods.com/products/south-africa-patches-set-of-8,2026-08-05,
Expedition Foods,GB,expeditionfoods.com,New Zealand Patches (set of 8),,other,60,shopify_shipping_weight,low,14.00,GBP,233.33,406.00,yes,catalog_feed,https://expeditionfoods.com/products/new-zealand-patches-set-of-8,2026-08-05,
Expedition Foods,GB,expeditionfoods.com,Canada Patches (set of 8),,other,60,shopify_shipping_weight,low,14.00,GBP,233.33,406.00,yes,catalog_feed,https://expeditionfoods.com/products/canada-patches-set-of-8,2026-08-05,
Expedition Foods,GB,expeditionfoods.com,Korea (South) Patches (set of 8),,other,60,shopify_shipping_weight,low,14.00,GBP,233.33,406.00,yes,catalog_feed,https://expeditionfoods.com/products/korea-south-patches-set-of-8,2026-08-05,
Expedition Foods,GB,expeditionfoods.com,Japan Patches (set of 8),,other,60,shopify_shipping_weight,low,14.00,GBP,233.33,406.00,yes,catalog_feed,https://expeditionfoods.com/products/japan-patches-set-of-8,2026-08-05,
Expedition Foods,GB,expeditionfoods.com,Hong Kong Patches (set of 8),,other,60,shopify_shipping_weight,low,14.00,GBP,233.33,406.00,yes,catalog_feed,https://expeditionfoods.com/products/hong-kong-patches-set-of-8,2026-08-05,
Expedition Foods,GB,expeditionfoods.com,Australia Patches (set of 8),,other,60,shopify_shipping_weight,low,14.00,GBP,233.33,406.00,yes,catalog_feed,https://expeditionfoods.com/products/australia-patches-set-of-8,2026-08-05,
Expedition Foods,GB,expeditionfoods.com,Vegetable Stir Fry | Freeze-Dried Meal,800KCAL,meal,214,shopify_shipping_weight,low,16.00,GBP,74.77,130.09,yes,catalog_feed,https://expeditionfoods.com/products/vegetable-stir-fry,2026-08-05,
Expedition Foods,GB,expeditionfoods.com,Vegetable Stir Fry | Freeze-Dried Meal,450KCAL,meal,124,shopify_shipping_weight,low,14.00,GBP,112.90,196.45,yes,catalog_feed,https://expeditionfoods.com/products/vegetable-stir-fry,2026-08-05,
Expedition Foods,GB,expeditionfoods.com,Vegetable Stir Fry | Freeze-Dried Meal,1000KCAL,meal,262,shopify_shipping_weight,low,18.00,GBP,68.70,119.54,yes,catalog_feed,https://expeditionfoods.com/products/vegetable-stir-fry,2026-08-05,
Expedition Foods,GB,expeditionfoods.com,Vegetable Stir Fry | Freeze-Dried Meal,Case of 60 x 450KCAL,meal,7440,shopify_shipping_weight,low,783.00,GBP,105.24,183.12,yes,catalog_feed,https://expeditionfoods.com/products/vegetable-stir-fry,2026-08-05,
Expedition Foods,GB,expeditionfoods.com,Vegetable Stir Fry | Freeze-Dried Meal,Case of 50 x 800KCAL,meal,10700,shopify_shipping_weight,low,790.00,GBP,73.83,128.47,yes,catalog_feed,https://expeditionfoods.com/products/vegetable-stir-fry,2026-08-05,
Expedition Foods,GB,expeditionfoods.com,Vegetable Stir Fry | Freeze-Dried Meal,Case of 40 x 1000KCAL,meal,10480,shopify_shipping_weight,low,687.00,GBP,65.55,114.06,yes,catalog_feed,https://expeditionfoods.com/products/vegetable-stir-fry,2026-08-05,
Expedition Foods,GB,expeditionfoods.com,Clif Energy Bar,Blueberry Almond Crisp,meal,68,net_weight_declared,high,4.00,GBP,58.82,102.35,yes,catalog_feed,https://expeditionfoods.com/products/clif-bar-energy-bar,2026-08-05,
Expedition Foods,GB,expeditionfoods.com,Clif Energy Bar,Chocolate Almond Fudge,meal,68,net_weight_declared,high,4.00,GBP,58.82,102.35,no,catalog_feed,https://expeditionfoods.com/products/clif-bar-energy-bar,2026-08-05,
Expedition Foods,GB,expeditionfoods.com,Clif Energy Bar,Crunchy Peanut Butter,meal,68,net_weight_declared,high,4.00,GBP,58.82,102.35,no,catalog_feed,https://expeditionfoods.com/products/clif-bar-energy-bar,2026-08-05,
Expedition Foods,GB,expeditionfoods.com,Clif Energy Bar,White Chocolate Macadamia Nut,meal,68,net_weight_declared,high,4.00,GBP,58.82,102.35,yes,catalog_feed,https://expeditionfoods.com/products/clif-bar-energy-bar,2026-08-05,
Expedition Foods,GB,expeditionfoods.com,Clif Energy Bar,Chocolate Chip,meal,68,net_weight_declared,high,4.00,GBP,58.82,102.35,no,catalog_feed,https://expeditionfoods.com/products/clif-bar-energy-bar,2026-08-05,
Expedition Foods,GB,expeditionfoods.com,Clif Energy Bar,Coconut Chocolate Chip,meal,68,net_weight_declared,high,4.00,GBP,58.82,102.35,no,catalog_feed,https://expeditionfoods.com/products/clif-bar-energy-bar,2026-08-05,
Expedition Foods,GB,expeditionfoods.com,Clif Energy Bar,Peanut Butter Banana,meal,68,net_weight_declared,high,4.00,GBP,58.82,102.35,no,catalog_feed,https://expeditionfoods.com/products/clif-bar-energy-bar,2026-08-05,
Expedition Foods,GB,expeditionfoods.com,3-Day Vegetarian Ration Pack,,meal,1901,shopify_shipping_weight,low,149.00,GBP,78.38,136.38,yes,catalog_feed,https://expeditionfoods.com/products/3-day-vegetarian-ration-pack,2026-08-05,
Expedition Foods,GB,expeditionfoods.com,3-Day Ration Pack,,meal,1668,shopify_shipping_weight,low,158.00,GBP,94.72,164.82,yes,catalog_feed,https://expeditionfoods.com/products/3-day-ration-pack,2026-08-05,
Expedition Foods,GB,expeditionfoods.com,"Chicken, Parmesan and Basil Risotto | Freeze-Dried Meal",800KCAL,meat,171,shopify_shipping_weight,low,20.00,GBP,116.96,203.51,yes,catalog_feed,https://expeditionfoods.com/products/chicken-and-parmesan-risotto,2026-08-05,
Expedition Foods,GB,expeditionfoods.com,"Chicken, Parmesan and Basil Risotto | Freeze-Dried Meal",450KCAL,meat,100,shopify_shipping_weight,low,16.00,GBP,160.00,278.40,yes,catalog_feed,https://expeditionfoods.com/products/chicken-and-parmesan-risotto,2026-08-05,
Expedition Foods,GB,expeditionfoods.com,"Chicken, Parmesan and Basil Risotto | Freeze-Dried Meal",1000KCAL,meat,209,shopify_shipping_weight,low,21.00,GBP,100.48,174.83,yes,catalog_feed,https://expeditionfoods.com/products/chicken-and-parmesan-risotto,2026-08-05,
Expedition Foods,GB,expeditionfoods.com,"Chicken, Parmesan and Basil Risotto | Freeze-Dried Meal",Case of 60 x 450KCAL,meat,6780,shopify_shipping_weight,low,947.00,GBP,139.68,243.04,yes,catalog_feed,https://expeditionfoods.com/products/chicken-and-parmesan-risotto,2026-08-05,
Expedition Foods,GB,expeditionfoods.com,"Chicken, Parmesan and Basil Risotto | Freeze-Dried Meal",Case of 50 x 800KCAL,meat,9380,shopify_shipping_weight,low,961.00,GBP,102.45,178.27,yes,catalog_feed,https://expeditionfoods.com/products/chicken-and-parmesan-risotto,2026-08-05,
Expedition Foods,GB,expeditionfoods.com,"Chicken, Parmesan and Basil Risotto | Freeze-Dried Meal",Case of 40 x 1000KCAL,meat,8940,shopify_shipping_weight,low,824.00,GBP,92.17,160.38,yes,catalog_feed,https://expeditionfoods.com/products/chicken-and-parmesan-risotto,2026-08-05,
Expedition Foods,GB,expeditionfoods.com,Very Berry Muesli | Freeze-Dried Meal,800KCAL,meal,248,shopify_shipping_weight,low,17.00,GBP,68.55,119.27,yes,catalog_feed,https://expeditionfoods.com/products/very-berry-muesli,2026-08-05,
Expedition Foods,GB,expeditionfoods.com,Very Berry Muesli | Freeze-Dried Meal,450KCAL,meal,144,shopify_shipping_weight,low,14.00,GBP,97.22,169.17,yes,catalog_feed,https://expeditionfoods.com/products/very-berry-muesli,2026-08-05,
Expedition Foods,GB,expeditionfoods.com,Very Berry Muesli | Freeze-Dried Meal,1000KCAL,meal,305,shopify_shipping_weight,low,18.00,GBP,59.02,102.69,yes,catalog_feed,https://expeditionfoods.com/products/very-berry-muesli,2026-08-05,
Expedition Foods,GB,expeditionfoods.com,Very Berry Muesli | Freeze-Dried Meal,Case of 60 x 450KCAL,meal,8640,shopify_shipping_weight,low,824.00,GBP,95.37,165.94,no,catalog_feed,https://expeditionfoods.com/products/very-berry-muesli,2026-08-05,
Expedition Foods,GB,expeditionfoods.com,Very Berry Muesli | Freeze-Dried Meal,Case of 50 x 800KCAL,meal,12400,shopify_shipping_weight,low,824.00,GBP,66.45,115.63,yes,catalog_feed,https://expeditionfoods.com/products/very-berry-muesli,2026-08-05,
Expedition Foods,GB,expeditionfoods.com,Very Berry Muesli | Freeze-Dried Meal,Case of 40 x 1000KCAL,meal,12200,shopify_shipping_weight,low,714.00,GBP,58.52,101.83,yes,catalog_feed,https://expeditionfoods.com/products/very-berry-muesli,2026-08-05,
Expedition Foods,GB,expeditionfoods.com,Beef Cottage Pie | Freeze-Dried Meal,450KCAL,meat,93,shopify_shipping_weight,low,15.00,GBP,161.29,280.65,yes,catalog_feed,https://expeditionfoods.com/products/beef-cottage-pie,2026-08-05,
Expedition Foods,GB,expeditionfoods.com,Beef Cottage Pie | Freeze-Dried Meal,800KCAL,meat,158,shopify_shipping_weight,low,18.00,GBP,113.92,198.23,yes,catalog_feed,https://expeditionfoods.com/products/beef-cottage-pie,2026-08-05,
Expedition Foods,GB,expeditionfoods.com,Beef Cottage Pie | Freeze-Dried Meal,1000KCAL,meat,193,shopify_shipping_weight,low,19.00,GBP,98.45,171.30,yes,catalog_feed,https://expeditionfoods.com/products/beef-cottage-pie,2026-08-05,
Expedition Foods,GB,expeditionfoods.com,Beef Cottage Pie | Freeze-Dried Meal,Case of 60 x 450KCAL,meat,6400,shopify_shipping_weight,low,865.00,GBP,135.16,235.17,yes,catalog_feed,https://expeditionfoods.com/products/beef-cottage-pie,2026-08-05,
Expedition Foods,GB,expeditionfoods.com,Beef Cottage Pie | Freeze-Dried Meal,Case of 50 x 800KCAL,meat,8690,shopify_shipping_weight,low,858.00,GBP,98.73,171.80,yes,catalog_feed,https://expeditionfoods.com/products/beef-cottage-pie,2026-08-05,
Expedition Foods,GB,expeditionfoods.com,Beef Cottage Pie | Freeze-Dried Meal,Case of 40 x 1000KCAL,meat,8510,shopify_shipping_weight,low,742.00,GBP,87.19,151.71,yes,catalog_feed,https://expeditionfoods.com/products/beef-cottage-pie,2026-08-05,
Expedition Foods,GB,expeditionfoods.com,Mushroom Risotto | Freeze-Dried Meal,800KCAL,meal,170,shopify_shipping_weight,low,19.00,GBP,111.76,194.47,yes,catalog_feed,https://expeditionfoods.com/products/mushroom-risotto,2026-08-05,
Expedition Foods,GB,expeditionfoods.com,Mushroom Risotto | Freeze-Dried Meal,450KCAL,meal,100,shopify_shipping_weight,low,15.00,GBP,150.00,261.00,yes,catalog_feed,https://expeditionfoods.com/products/mushroom-risotto,2026-08-05,
Expedition Foods,GB,expeditionfoods.com,Mushroom Risotto | Freeze-Dried Meal,1000KCAL,meal,208,shopify_shipping_weight,low,20.00,GBP,96.15,167.31,yes,catalog_feed,https://expeditionfoods.com/products/mushroom-risotto,2026-08-05,
Expedition Foods,GB,expeditionfoods.com,Mushroom Risotto | Freeze-Dried Meal,Case of 60 x 450KCAL,meal,6000,shopify_shipping_weight,low,865.00,GBP,144.17,250.85,yes,catalog_feed,https://expeditionfoods.com/products/mushroom-risotto,2026-08-05,
Expedition Foods,GB,expeditionfoods.com,Mushroom Risotto | Freeze-Dried Meal,Case of 50 x 800KCAL,meal,8500,shopify_shipping_weight,low,927.00,GBP,109.06,189.76,yes,catalog_feed,https://expeditionfoods.com/products/mushroom-risotto,2026-08-05,
Expedition Foods,GB,expeditionfoods.com,Mushroom Risotto | Freeze-Dried Meal,Case of 40 x 1000KCAL,meal,8320,shopify_shipping_weight,low,797.00,GBP,95.79,166.68,yes,catalog_feed,https://expeditionfoods.com/products/mushroom-risotto,2026-08-05,
Expedition Foods,GB,expeditionfoods.com,Nuun Sport Hydration Tablets (Tube of 10 Tablets),Cherry Lime (caffeine),meal,120,shopify_shipping_weight,low,12.00,GBP,100.00,174.00,no,catalog_feed,https://expeditionfoods.com/products/nuun-sport-hydration-tablets-tube-of-10-tablets,2026-08-05,
Expedition Foods,GB,expeditionfoods.com,Nuun Sport Hydration Tablets (Tube of 10 Tablets),Mango Orange (caffeine),meal,120,shopify_shipping_weight,low,12.00,GBP,100.00,174.00,no,catalog_feed,https://expeditionfoods.com/products/nuun-sport-hydration-tablets-tube-of-10-tablets,2026-08-05,
Expedition Foods,GB,expeditionfoods.com,Nuun Sport Hydration Tablets (Tube of 10 Tablets),Citrus Fruit,meal,120,shopify_shipping_weight,low,12.00,GBP,100.00,174.00,no,catalog_feed,https://expeditionfoods.com/products/nuun-sport-hydration-tablets-tube-of-10-tablets,2026-08-05,
Expedition Foods,GB,expeditionfoods.com,Nuun Sport Hydration Tablets (Tube of 10 Tablets),Grape,meal,120,shopify_shipping_weight,low,12.00,GBP,100.00,174.00,no,catalog_feed,https://expeditionfoods.com/products/nuun-sport-hydration-tablets-tube-of-10-tablets,2026-08-05,
Expedition Foods,GB,expeditionfoods.com,Nuun Sport Hydration Tablets (Tube of 10 Tablets),Tri-Berry,meal,120,shopify_shipping_weight,low,12.00,GBP,100.00,174.00,yes,catalog_feed,https://expeditionfoods.com/products/nuun-sport-hydration-tablets-tube-of-10-tablets,2026-08-05,
Expedition Foods,GB,expeditionfoods.com,Nuun Sport Hydration Tablets (Tube of 10 Tablets),Lemon Lime,meal,120,shopify_shipping_weight,low,12.00,GBP,100.00,174.00,no,catalog_feed,https://expeditionfoods.com/products/nuun-sport-hydration-tablets-tube-of-10-tablets,2026-08-05,
Expedition Foods,GB,expeditionfoods.com,Nuun Sport Hydration Tablets (Tube of 10 Tablets),Orange,meal,120,shopify_shipping_weight,low,12.00,GBP,100.00,174.00,no,catalog_feed,https://expeditionfoods.com/products/nuun-sport-hydration-tablets-tube-of-10-tablets,2026-08-05,
Expedition Foods,GB,expeditionfoods.com,Nuun Sport Hydration Tablets (Tube of 10 Tablets),Tropical,meal,120,shopify_shipping_weight,low,12.00,GBP,100.00,174.00,no,catalog_feed,https://expeditionfoods.com/products/nuun-sport-hydration-tablets-tube-of-10-tablets,2026-08-05,
Expedition Foods,GB,expeditionfoods.com,Nuun Sport Hydration Tablets (Tube of 10 Tablets),Strawberry Lemonade,meal,120,shopify_shipping_weight,low,12.00,GBP,100.00,174.00,no,catalog_feed,https://expeditionfoods.com/products/nuun-sport-hydration-tablets-tube-of-10-tablets,2026-08-05,
Expedition Foods,GB,expeditionfoods.com,Nuun Sport Hydration Tablets (Tube of 10 Tablets),Fresh Lime (caffeine),meal,120,shopify_shipping_weight,low,12.00,GBP,100.00,174.00,no,catalog_feed,https://expeditionfoods.com/products/nuun-sport-hydration-tablets-tube-of-10-tablets,2026-08-05,
Expedition Foods,GB,expeditionfoods.com,Expedition Foods Hot Drinks Pack,,beverage,50,shopify_shipping_weight,low,3.00,GBP,60.00,104.40,yes,catalog_feed,https://expeditionfoods.com/products/expedition-foods-hot-drinks-pack,2026-08-05,
Expedition Foods,GB,expeditionfoods.com,RacingThePlanet Blister Kit,,other,220,shopify_shipping_weight,low,55.00,GBP,250.00,435.00,yes,catalog_feed,https://expeditionfoods.com/products/racingtheplanet-blister-kit,2026-08-05,
Expedition Foods,GB,expeditionfoods.com,RacingThePlanet Trail Running Bottle,,meal,150,shopify_shipping_weight,low,24.00,GBP,160.00,278.40,yes,catalog_feed,https://expeditionfoods.com/products/racingtheplanet-trail-running-bottle,2026-08-05,
Expedition Foods,GB,expeditionfoods.com,RacingThePlanet Essential Bottle,,meal,120,shopify_shipping_weight,low,20.00,GBP,166.67,290.00,yes,catalog_feed,https://expeditionfoods.com/products/racingtheplanet-essential-bottle,2026-08-05,
Expedition Foods,GB,expeditionfoods.com,Expedition Foods 7 Day Gluten Free Ration Pack,Single Serving,meal,2887,shopify_shipping_weight,low,390.00,GBP,135.09,235.05,yes,catalog_feed,https://expeditionfoods.com/products/expedition-foods-7-day-gluten-free-ration-pack,2026-08-05,
Expedition Foods,GB,expeditionfoods.com,Expedition Foods 7 Day Gluten Free Ration Pack,High Energy Serving,meal,4399,shopify_shipping_weight,low,447.00,GBP,101.61,176.81,yes,catalog_feed,https://expeditionfoods.com/products/expedition-foods-7-day-gluten-free-ration-pack,2026-08-05,
Expedition Foods,GB,expeditionfoods.com,Expedition Foods 7 Day Gluten Free Ration Pack,Double Serving,meal,5201,shopify_shipping_weight,low,481.00,GBP,92.48,160.92,yes,catalog_feed,https://expeditionfoods.com/products/expedition-foods-7-day-gluten-free-ration-pack,2026-08-05,
Expedition Foods,GB,expeditionfoods.com,Expedition Foods 6 Day Gluten Free Ration Pack,Single Serving,meal,2468,shopify_shipping_weight,low,335.00,GBP,135.74,236.18,yes,catalog_feed,https://expeditionfoods.com/products/expedition-foods-6-day-gluten-free-ration-pack,2026-08-05,
Expedition Foods,GB,expeditionfoods.com,Expedition Foods 6 Day Gluten Free Ration Pack,High Energy Serving,meal,3770,shopify_shipping_weight,low,383.00,GBP,101.59,176.77,yes,catalog_feed,https://expeditionfoods.com/products/expedition-foods-6-day-gluten-free-ration-pack,2026-08-05,
Expedition Foods,GB,expeditionfoods.com,Expedition Foods 6 Day Gluten Free Ration Pack,Double Serving,meal,4459,shopify_shipping_weight,low,412.00,GBP,92.40,160.77,yes,catalog_feed,https://expeditionfoods.com/products/expedition-foods-6-day-gluten-free-ration-pack,2026-08-05,
Expedition Foods,GB,expeditionfoods.com,Expedition Foods 5 Day Gluten Free Ration Pack,Single Serving,meal,2063,shopify_shipping_weight,low,280.00,GBP,135.72,236.16,yes,catalog_feed,https://expeditionfoods.com/products/expedition-foods-5-day-gluten-free-ration-pack,2026-08-05,
Expedition Foods,GB,expeditionfoods.com,Expedition Foods 5 Day Gluten Free Ration Pack,High Energy Serving,meal,3155,shopify_shipping_weight,low,320.00,GBP,101.43,176.48,yes,catalog_feed,https://expeditionfoods.com/products/expedition-foods-5-day-gluten-free-ration-pack,2026-08-05,
Expedition Foods,GB,expeditionfoods.com,Expedition Foods 5 Day Gluten Free Ration Pack,Double Serving,meal,3732,shopify_shipping_weight,low,344.00,GBP,92.18,160.39,yes,catalog_feed,https://expeditionfoods.com/products/expedition-foods-5-day-gluten-free-ration-pack,2026-08-05,
Expedition Foods,GB,expeditionfoods.com,Expedition Foods 4 Day Gluten Free Ration Pack,Single Serving,meal,1651,shopify_shipping_weight,low,223.00,GBP,135.07,235.02,yes,catalog_feed,https://expeditionfoods.com/products/expedition-foods-4-day-gluten-free-ration-pack,2026-08-05,
Expedition Foods,GB,expeditionfoods.com,Expedition Foods 4 Day Gluten Free Ration Pack,High Energy Serving,meal,2521,shopify_shipping_weight,low,256.00,GBP,101.55,176.69,yes,catalog_feed,https://expeditionfoods.com/products/expedition-foods-4-day-gluten-free-ration-pack,2026-08-05,
Expedition Foods,GB,expeditionfoods.com,Expedition Foods 4 Day Gluten Free Ration Pack,Double Serving,meal,2981,shopify_shipping_weight,low,275.00,GBP,92.25,160.52,yes,catalog_feed,https://expeditionfoods.com/products/expedition-foods-4-day-gluten-free-ration-pack,2026-08-05,
Expedition Foods,GB,expeditionfoods.com,Expedition Foods 3 Day Gluten Free Ration Pack,Single Serving,meal,1234,shopify_shipping_weight,low,167.00,GBP,135.33,235.48,yes,catalog_feed,https://expeditionfoods.com/products/expedition-foods-3-day-gluten-free-ration-pack,2026-08-05,
Expedition Foods,GB,expeditionfoods.com,Expedition Foods 3 Day Gluten Free Ration Pack,High Energy Serving,meal,1886,shopify_shipping_weight,low,192.00,GBP,101.80,177.14,yes,catalog_feed,https://expeditionfoods.com/products/expedition-foods-3-day-gluten-free-ration-pack,2026-08-05,
Expedition Foods,GB,expeditionfoods.com,Expedition Foods 3 Day Gluten Free Ration Pack,Double Serving,meal,2231,shopify_shipping_weight,low,206.00,GBP,92.34,160.66,yes,catalog_feed,https://expeditionfoods.com/products/expedition-foods-3-day-gluten-free-ration-pack,2026-08-05,
Expedition Foods,GB,expeditionfoods.com,Expedition Foods 2 Day Gluten Free Ration Pack,Single Serving,meal,806,shopify_shipping_weight,low,112.00,GBP,138.96,241.79,yes,catalog_feed,https://expeditionfoods.com/products/expedition-foods-2-day-gluten-free-ration-pack,2026-08-05,
Expedition Foods,GB,expeditionfoods.com,Expedition Foods 2 Day Gluten Free Ration Pack,High Energy Serving,meal,1227,shopify_shipping_weight,low,128.00,GBP,104.32,181.52,yes,catalog_feed,https://expeditionfoods.com/products/expedition-foods-2-day-gluten-free-ration-pack,2026-08-05,
Expedition Foods,GB,expeditionfoods.com,Expedition Foods 2 Day Gluten Free Ration Pack,Double Serving,meal,1448,shopify_shipping_weight,low,138.00,GBP,95.30,165.83,yes,catalog_feed,https://expeditionfoods.com/products/expedition-foods-2-day-gluten-free-ration-pack,2026-08-05,
Expedition Foods,GB,expeditionfoods.com,Expedition Foods 1 Day Gluten Free Ration Pack,Single Serving,meal,398,shopify_shipping_weight,low,56.00,GBP,140.70,244.82,yes,catalog_feed,https://expeditionfoods.com/products/expedition-foods-1-day-gluten-free-ration-pack,2026-08-05,
Expedition Foods,GB,expeditionfoods.com,Expedition Foods 1 Day Gluten Free Ration Pack,High Energy Serving,meal,606,shopify_shipping_weight,low,64.00,GBP,105.61,183.76,yes,catalog_feed,https://expeditionfoods.com/products/expedition-foods-1-day-gluten-free-ration-pack,2026-08-05,
Expedition Foods,GB,expeditionfoods.com,Expedition Foods 1 Day Gluten Free Ration Pack,Double Serving,meal,716,shopify_shipping_weight,low,68.00,GBP,94.97,165.25,yes,catalog_feed,https://expeditionfoods.com/products/expedition-foods-1-day-gluten-free-ration-pack,2026-08-05,
Expedition Foods,GB,expeditionfoods.com,Expedition Foods 14 Day Gluten Free Ration Pack,Single Serving,meal,5750,shopify_shipping_weight,low,783.00,GBP,136.17,236.94,yes,catalog_feed,https://expeditionfoods.com/products/expedition-foods-14-day-gluten-free-ration-pack,2026-08-05,
Expedition Foods,GB,expeditionfoods.com,Expedition Foods 14 Day Gluten Free Ration Pack,High Energy Serving,meal,8777,shopify_shipping_weight,low,898.00,GBP,102.31,178.02,yes,catalog_feed,https://expeditionfoods.com/products/expedition-foods-14-day-gluten-free-ration-pack,2026-08-05,
Expedition Foods,GB,expeditionfoods.com,Expedition Foods 14 Day Gluten Free Ration Pack,Double Serving,meal,10376,shopify_shipping_weight,low,965.00,GBP,93.00,161.83,yes,catalog_feed,https://expeditionfoods.com/products/expedition-foods-14-day-gluten-free-ration-pack,2026-08-05,
Expedition Foods,GB,expeditionfoods.com,Expedition Foods 14 Day Vegetarian Ration Pack,Single Serving,meal,6269,shopify_shipping_weight,low,754.00,GBP,120.27,209.28,yes,catalog_feed,https://expeditionfoods.com/products/expedition-foods-14-day-vegetarian-ration-pack,2026-08-05,
Expedition Foods,GB,expeditionfoods.com,Expedition Foods 14 Day Vegetarian Ration Pack,High Energy Serving,meal,9511,shopify_shipping_weight,low,871.00,GBP,91.58,159.35,yes,catalog_feed,https://expeditionfoods.com/products/expedition-foods-14-day-vegetarian-ration-pack,2026-08-05,
Expedition Foods,GB,expeditionfoods.com,Expedition Foods 14 Day Vegetarian Ration Pack,Double Serving,meal,11287,shopify_shipping_weight,low,928.00,GBP,82.22,143.06,yes,catalog_feed,https://expeditionfoods.com/products/expedition-foods-14-day-vegetarian-ration-pack,2026-08-05,
Expedition Foods,GB,expeditionfoods.com,Expedition Foods 14 Day Ration Pack,Single Serving,meal,6159,shopify_shipping_weight,low,768.00,GBP,124.70,216.97,yes,catalog_feed,https://expeditionfoods.com/products/expedition-foods-14-day-ration-pack,2026-08-05,
Expedition Foods,GB,expeditionfoods.com,Expedition Foods 14 Day Ration Pack,High Energy Serving,meal,9504,shopify_shipping_weight,low,885.00,GBP,93.12,162.03,yes,catalog_feed,https://expeditionfoods.com/products/expedition-foods-14-day-ration-pack,2026-08-05,
Expedition Foods,GB,expeditionfoods.com,Expedition Foods 14 Day Ration Pack,Double Serving,meal,11212,shopify_shipping_weight,low,943.00,GBP,84.11,146.34,yes,catalog_feed,https://expeditionfoods.com/products/expedition-foods-14-day-ration-pack,2026-08-05,
Expedition Foods,GB,expeditionfoods.com,Expedition Foods 7 Day Vegetarian Ration Pack,Single Serving,meal,3016,shopify_shipping_weight,low,364.00,GBP,120.69,210.00,yes,catalog_feed,https://expeditionfoods.com/products/expedition-foods-7-day-vegetarian-ration-pack,2026-08-05,
Expedition Foods,GB,expeditionfoods.com,Expedition Foods 7 Day Vegetarian Ration Pack,High Energy Serving,meal,4824,shopify_shipping_weight,low,437.00,GBP,90.59,157.62,yes,catalog_feed,https://expeditionfoods.com/products/expedition-foods-7-day-vegetarian-ration-pack,2026-08-05,
Expedition Foods,GB,expeditionfoods.com,Expedition Foods 7 Day Vegetarian Ration Pack,Double Serving,meal,5730,shopify_shipping_weight,low,466.00,GBP,81.33,141.51,yes,catalog_feed,https://expeditionfoods.com/products/expedition-foods-7-day-vegetarian-ration-pack,2026-08-05,
Expedition Foods,GB,expeditionfoods.com,Expedition Foods 7 Day Ration Pack,Single Serving,meal,3121,shopify_shipping_weight,low,384.00,GBP,123.04,214.09,yes,catalog_feed,https://expeditionfoods.com/products/expedition-foods-7-day-ration-pack,2026-08-05,
Expedition Foods,GB,expeditionfoods.com,Expedition Foods 7 Day Ration Pack,High Energy Serving,meal,4823,shopify_shipping_weight,low,442.00,GBP,91.64,159.46,yes,catalog_feed,https://expeditionfoods.com/products/expedition-foods-7-day-ration-pack,2026-08-05,
Expedition Foods,GB,expeditionfoods.com,Expedition Foods 7 Day Ration Pack,Double Serving,meal,5696,shopify_shipping_weight,low,471.00,GBP,82.69,143.88,yes,catalog_feed,https://expeditionfoods.com/products/expedition-foods-7-day-ration-pack,2026-08-05,
Expedition Foods,GB,expeditionfoods.com,Expedition Foods 6 Day Vegetarian Ration Pack,Single Serving,meal,2727,shopify_shipping_weight,low,324.00,GBP,118.81,206.73,yes,catalog_feed,https://expeditionfoods.com/products/expedition-foods-6-day-vegetarian-ration-pack,2026-08-05,
Expedition Foods,GB,expeditionfoods.com,Expedition Foods 6 Day Vegetarian Ration Pack,High Energy Serving,meal,4155,shopify_shipping_weight,low,374.00,GBP,90.01,156.62,yes,catalog_feed,https://expeditionfoods.com/products/expedition-foods-6-day-vegetarian-ration-pack,2026-08-05,
Expedition Foods,GB,expeditionfoods.com,Expedition Foods 6 Day Vegetarian Ration Pack,Double Serving,meal,4935,shopify_shipping_weight,low,399.00,GBP,80.85,140.68,yes,catalog_feed,https://expeditionfoods.com/products/expedition-foods-6-day-vegetarian-ration-pack,2026-08-05,
Expedition Foods,GB,expeditionfoods.com,Expedition Foods 6 Day Ration Pack,Single Serving,meal,2637,shopify_shipping_weight,low,329.00,GBP,124.76,217.09,yes,catalog_feed,https://expeditionfoods.com/products/expedition-foods-6-day-ration-pack,2026-08-05,
Expedition Foods,GB,expeditionfoods.com,Expedition Foods 6 Day Ration Pack,High Energy Serving,meal,4069,shopify_shipping_weight,low,379.00,GBP,93.14,162.07,yes,catalog_feed,https://expeditionfoods.com/products/expedition-foods-6-day-ration-pack,2026-08-05,
Expedition Foods,GB,expeditionfoods.com,Expedition Foods 6 Day Ration Pack,Double Serving,meal,4829,shopify_shipping_weight,low,405.00,GBP,83.87,145.93,yes,catalog_feed,https://expeditionfoods.com/products/expedition-foods-6-day-ration-pack,2026-08-05,
Expedition Foods,GB,expeditionfoods.com,Expedition Foods 5 Day Vegetarian Ration Pack,Single Serving,meal,2258,shopify_shipping_weight,low,270.00,GBP,119.57,208.06,yes,catalog_feed,https://expeditionfoods.com/products/expedition-foods-5-day-vegetarian-ration-pack,2026-08-05,
Expedition Foods,GB,expeditionfoods.com,Expedition Foods 5 Day Vegetarian Ration Pack,High Energy Serving,meal,3400,shopify_shipping_weight,low,311.00,GBP,91.47,159.16,yes,catalog_feed,https://expeditionfoods.com/products/expedition-foods-5-day-vegetarian-ration-pack,2026-08-05,
Expedition Foods,GB,expeditionfoods.com,Expedition Foods 5 Day Vegetarian Ration Pack,Double Serving,meal,4033,shopify_shipping_weight,low,331.00,GBP,82.07,142.81,yes,catalog_feed,https://expeditionfoods.com/products/expedition-foods-5-day-vegetarian-ration-pack,2026-08-05,
Expedition Foods,GB,expeditionfoods.com,Expedition Foods 5 Day Ration Pack,Single Serving,meal,2187,shopify_shipping_weight,low,276.00,GBP,126.20,219.59,yes,catalog_feed,https://expeditionfoods.com/products/expedition-foods-5-day-ration-pack,2026-08-05,
Expedition Foods,GB,expeditionfoods.com,Expedition Foods 5 Day Ration Pack,High Energy Serving,meal,3385,shopify_shipping_weight,low,318.00,GBP,93.94,163.46,yes,catalog_feed,https://expeditionfoods.com/products/expedition-foods-5-day-ration-pack,2026-08-05,
Expedition Foods,GB,expeditionfoods.com,Expedition Foods 5 Day Ration Pack,Double Serving,meal,3986,shopify_shipping_weight,low,338.00,GBP,84.80,147.55,yes,catalog_feed,https://expeditionfoods.com/products/expedition-foods-5-day-ration-pack,2026-08-05,
Expedition Foods,GB,expeditionfoods.com,Expedition Foods 4 Day Vegetarian Ration Pack,Single Serving,meal,1770,shopify_shipping_weight,low,217.00,GBP,122.60,213.32,yes,catalog_feed,https://expeditionfoods.com/products/expedition-foods-4-day-vegetarian-ration-pack,2026-08-05,
Expedition Foods,GB,expeditionfoods.com,Expedition Foods 4 Day Vegetarian Ration Pack,High Energy Serving,meal,2723,shopify_shipping_weight,low,250.00,GBP,91.81,159.75,yes,catalog_feed,https://expeditionfoods.com/products/expedition-foods-4-day-vegetarian-ration-pack,2026-08-05,
Expedition Foods,GB,expeditionfoods.com,Expedition Foods 4 Day Vegetarian Ration Pack,Double Serving,meal,3233,shopify_shipping_weight,low,266.00,GBP,82.28,143.16,yes,catalog_feed,https://expeditionfoods.com/products/expedition-foods-4-day-vegetarian-ration-pack,2026-08-05,
Expedition Foods,GB,expeditionfoods.com,Expedition Foods 4 Day Ration Pack,Single Serving,meal,1736,shopify_shipping_weight,low,219.00,GBP,126.15,219.50,yes,catalog_feed,https://expeditionfoods.com/products/expedition-foods-4-day-ration-pack,2026-08-05,
Expedition Foods,GB,expeditionfoods.com,Expedition Foods 4 Day Ration Pack,High Energy Serving,meal,2664,shopify_shipping_weight,low,254.00,GBP,95.35,165.90,yes,catalog_feed,https://expeditionfoods.com/products/expedition-foods-4-day-ration-pack,2026-08-05,
Expedition Foods,GB,expeditionfoods.com,Expedition Foods 4 Day Ration Pack,Double Serving,meal,3155,shopify_shipping_weight,low,270.00,GBP,85.58,148.91,yes,catalog_feed,https://expeditionfoods.com/products/expedition-foods-4-day-ration-pack,2026-08-05,
Expedition Foods,GB,expeditionfoods.com,Expedition Foods 3 Day Vegetarian Ration Pack,Single Serving,meal,1335,shopify_shipping_weight,low,162.00,GBP,121.35,211.15,yes,catalog_feed,https://expeditionfoods.com/products/expedition-foods-3-day-vegetarian-ration-pack,2026-08-05,
Expedition Foods,GB,expeditionfoods.com,Expedition Foods 3 Day Vegetarian Ration Pack,High Energy Serving,meal,2001,shopify_shipping_weight,low,185.00,GBP,92.45,160.87,yes,catalog_feed,https://expeditionfoods.com/products/expedition-foods-3-day-vegetarian-ration-pack,2026-08-05,
Expedition Foods,GB,expeditionfoods.com,Expedition Foods 3 Day Vegetarian Ration Pack,Double Serving,meal,2372,shopify_shipping_weight,low,197.00,GBP,83.05,144.51,yes,catalog_feed,https://expeditionfoods.com/products/expedition-foods-3-day-vegetarian-ration-pack,2026-08-05,
Expedition Foods,GB,expeditionfoods.com,Expedition Foods 3 Day Ration Pack,Single Serving,meal,1327,shopify_shipping_weight,low,164.00,GBP,123.59,215.04,yes,catalog_feed,https://expeditionfoods.com/products/expedition-foods-3-day-ration-pack,2026-08-05,
Expedition Foods,GB,expeditionfoods.com,Expedition Foods 3 Day Ration Pack,High Energy Serving,meal,2037,shopify_shipping_weight,low,191.00,GBP,93.77,163.15,yes,catalog_feed,https://expeditionfoods.com/products/expedition-foods-3-day-ration-pack,2026-08-05,
Expedition Foods,GB,expeditionfoods.com,Expedition Foods 3 Day Ration Pack,Double Serving,meal,2414,shopify_shipping_weight,low,203.00,GBP,84.09,146.32,yes,catalog_feed,https://expeditionfoods.com/products/expedition-foods-3-day-ration-pack,2026-08-05,
Expedition Foods,GB,expeditionfoods.com,Expedition Foods 2 Day Vegetarian Ration Pack,Single Serving,meal,991,shopify_shipping_weight,low,121.00,GBP,122.10,212.45,yes,catalog_feed,https://expeditionfoods.com/products/expedition-foods-2-day-vegetarian-ration-pack,2026-08-05,
Expedition Foods,GB,expeditionfoods.com,Expedition Foods 2 Day Vegetarian Ration Pack,High Energy Serving,meal,1534,shopify_shipping_weight,low,140.00,GBP,91.26,158.80,yes,catalog_feed,https://expeditionfoods.com/products/expedition-foods-2-day-vegetarian-ration-pack,2026-08-05,
Expedition Foods,GB,expeditionfoods.com,Expedition Foods 2 Day Vegetarian Ration Pack,Double Serving,meal,1825,shopify_shipping_weight,low,149.00,GBP,81.64,142.06,yes,catalog_feed,https://expeditionfoods.com/products/expedition-foods-2-day-vegetarian-ration-pack,2026-08-05,
Expedition Foods,GB,expeditionfoods.com,Expedition Foods 2 Day Ration Pack,Single Serving,meal,864,shopify_shipping_weight,low,110.00,GBP,127.31,221.53,yes,catalog_feed,https://expeditionfoods.com/products/expedition-foods-2-day-ration-pack,2026-08-05,
Expedition Foods,GB,expeditionfoods.com,Expedition Foods 2 Day Ration Pack,High Energy Serving,meal,1331,shopify_shipping_weight,low,127.00,GBP,95.42,166.03,yes,catalog_feed,https://expeditionfoods.com/products/expedition-foods-2-day-ration-pack,2026-08-05,
Expedition Foods,GB,expeditionfoods.com,Expedition Foods 2 Day Ration Pack,Double Serving,meal,1578,shopify_shipping_weight,low,136.00,GBP,86.19,149.96,yes,catalog_feed,https://expeditionfoods.com/products/expedition-foods-2-day-ration-pack,2026-08-05,
Expedition Foods,GB,expeditionfoods.com,Expedition Foods 1 Day Ration Pack,Single Serving,meal,435,shopify_shipping_weight,low,55.00,GBP,126.44,220.00,yes,catalog_feed,https://expeditionfoods.com/products/expedition-foods-1-day-ration-pack,2026-08-05,
Expedition Foods,GB,expeditionfoods.com,Expedition Foods 1 Day Ration Pack,High Energy Serving,meal,668,shopify_shipping_weight,low,64.00,GBP,95.81,166.71,yes,catalog_feed,https://expeditionfoods.com/products/expedition-foods-1-day-ration-pack,2026-08-05,
Expedition Foods,GB,expeditionfoods.com,Expedition Foods 1 Day Ration Pack,Double Serving,meal,792,shopify_shipping_weight,low,68.00,GBP,85.86,149.39,yes,catalog_feed,https://expeditionfoods.com/products/expedition-foods-1-day-ration-pack,2026-08-05,
Expedition Foods,GB,expeditionfoods.com,RacingThePlanet Unbreakable Spoon,,meal,60,shopify_shipping_weight,low,3.00,GBP,50.00,87.00,yes,catalog_feed,https://expeditionfoods.com/products/racingtheplanet-unbreakable-spoon,2026-08-05,
Expedition Foods,GB,expeditionfoods.com,Nairn's Biscuits Brown,,meal,110,shopify_shipping_weight,low,3.00,GBP,27.27,47.45,yes,catalog_feed,https://expeditionfoods.com/products/nairns-biscuits-brown,2026-08-05,
Expedition Foods,GB,expeditionfoods.com,Kid's One-Day Ration Pack,Regular,meal,470,shopify_shipping_weight,low,58.00,GBP,123.40,214.72,yes,catalog_feed,https://expeditionfoods.com/products/kids-one-day-ration-pack,2026-08-05,
Expedition Foods,GB,expeditionfoods.com,Kid's One-Day Ration Pack,Vegetarian,meal,489,shopify_shipping_weight,low,56.00,GBP,114.52,199.26,yes,catalog_feed,https://expeditionfoods.com/products/kids-one-day-ration-pack,2026-08-05,
Expedition Foods,GB,expeditionfoods.com,The Getaway Pack (Regular),Beef,meal,388,shopify_shipping_weight,low,45.00,GBP,115.98,201.80,yes,catalog_feed,https://expeditionfoods.com/products/the-getaway-pack-regular,2026-08-05,
Expedition Foods,GB,expeditionfoods.com,The Getaway Pack (Regular),Chicken,meal,391,shopify_shipping_weight,low,45.00,GBP,115.09,200.26,yes,catalog_feed,https://expeditionfoods.com/products/the-getaway-pack-regular,2026-08-05,
Expedition Foods,GB,expeditionfoods.com,The Getaway Pack (Regular),Vegetarian,meal,377,shopify_shipping_weight,low,43.00,GBP,114.06,198.46,yes,catalog_feed,https://expeditionfoods.com/products/the-getaway-pack-regular,2026-08-05,
Expedition Foods,GB,expeditionfoods.com,The Getaway Pack (Regular),Gluten Free,meal,364,shopify_shipping_weight,low,45.00,GBP,123.63,215.11,yes,catalog_feed,https://expeditionfoods.com/products/the-getaway-pack-regular,2026-08-05,
Expedition Foods,GB,expeditionfoods.com,The Getaway Pack (Regular),Vegan,meal,429,shopify_shipping_weight,low,45.00,GBP,104.90,182.52,yes,catalog_feed,https://expeditionfoods.com/products/the-getaway-pack-regular,2026-08-05,
Expedition Foods,GB,expeditionfoods.com,The Getaway Pack (Large),Beef,meal,535,shopify_shipping_weight,low,52.00,GBP,97.20,169.12,yes,catalog_feed,https://expeditionfoods.com/products/the-getaway-pack-large,2026-08-05,
Expedition Foods,GB,expeditionfoods.com,The Getaway Pack (Large),Chicken,meal,550,shopify_shipping_weight,low,50.00,GBP,90.91,158.18,yes,catalog_feed,https://expeditionfoods.com/products/the-getaway-pack-large,2026-08-05,
Expedition Foods,GB,expeditionfoods.com,The Getaway Pack (Large),Vegetarian,meal,525,shopify_shipping_weight,low,49.00,GBP,93.33,162.40,yes,catalog_feed,https://expeditionfoods.com/products/the-getaway-pack-large,2026-08-05,
Expedition Foods,GB,expeditionfoods.com,The Getaway Pack (Large),Gluten Free,meal,508,shopify_shipping_weight,low,51.00,GBP,100.39,174.69,yes,catalog_feed,https://expeditionfoods.com/products/the-getaway-pack-large,2026-08-05,
Expedition Foods,GB,expeditionfoods.com,The Getaway Pack (Large),Vegan,meal,589,shopify_shipping_weight,low,53.00,GBP,89.98,156.57,yes,catalog_feed,https://expeditionfoods.com/products/the-getaway-pack-large,2026-08-05,
Expedition Foods,GB,expeditionfoods.com,1-Day Food Pack D (Fish),Single Serving,meat,494,shopify_shipping_weight,low,57.00,GBP,115.38,200.77,yes,catalog_feed,https://expeditionfoods.com/products/one-day-food-pack-d-fish,2026-08-05,
Expedition Foods,GB,expeditionfoods.com,1-Day Food Pack D (Fish),High Energy Serving,meat,641,shopify_shipping_weight,low,63.00,GBP,98.28,171.01,yes,catalog_feed,https://expeditionfoods.com/products/one-day-food-pack-d-fish,2026-08-05,
Expedition Foods,GB,expeditionfoods.com,1-Day Food Pack D (Fish),Double Serving,meat,718,shopify_shipping_weight,low,66.00,GBP,91.92,159.94,yes,catalog_feed,https://expeditionfoods.com/products/one-day-food-pack-d-fish,2026-08-05,
Expedition Foods,GB,expeditionfoods.com,1-Day Food Pack C (Chicken),Single Serving,meat,505,shopify_shipping_weight,low,59.00,GBP,116.83,203.29,yes,catalog_feed,https://expeditionfoods.com/products/one-day-food-pack-c-chicken,2026-08-05,
Expedition Foods,GB,expeditionfoods.com,1-Day Food Pack C (Chicken),High Energy Serving,meat,659,shopify_shipping_weight,low,64.00,GBP,97.12,168.98,yes,catalog_feed,https://expeditionfoods.com/products/one-day-food-pack-c-chicken,2026-08-05,
Expedition Foods,GB,expeditionfoods.com,1-Day Food Pack C (Chicken),Double Serving,meat,741,shopify_shipping_weight,low,66.00,GBP,89.07,154.98,yes,catalog_feed,https://expeditionfoods.com/products/one-day-food-pack-c-chicken,2026-08-05,
Expedition Foods,GB,expeditionfoods.com,1-Day Food Pack B (Beef),Single Serving,meat,504,shopify_shipping_weight,low,58.00,GBP,115.08,200.24,yes,catalog_feed,https://expeditionfoods.com/products/one-day-food-pack-b-beef,2026-08-05,
Expedition Foods,GB,expeditionfoods.com,1-Day Food Pack B (Beef),High Energy Serving,meat,657,shopify_shipping_weight,low,64.00,GBP,97.41,169.50,yes,catalog_feed,https://expeditionfoods.com/products/one-day-food-pack-b-beef,2026-08-05,
Expedition Foods,GB,expeditionfoods.com,1-Day Food Pack B (Beef),Double Serving,meat,739,shopify_shipping_weight,low,67.00,GBP,90.66,157.75,yes,catalog_feed,https://expeditionfoods.com/products/one-day-food-pack-b-beef,2026-08-05,
Expedition Foods,GB,expeditionfoods.com,1-Day Food Pack A (Vegetarian),Single Serving,meal,515,shopify_shipping_weight,low,57.00,GBP,110.68,192.58,yes,catalog_feed,https://expeditionfoods.com/products/one-day-food-pack-a-vegetarian,2026-08-05,
Expedition Foods,GB,expeditionfoods.com,1-Day Food Pack A (Vegetarian),High Energy Serving,meal,677,shopify_shipping_weight,low,63.00,GBP,93.06,161.92,yes,catalog_feed,https://expeditionfoods.com/products/one-day-food-pack-a-vegetarian,2026-08-05,
Expedition Foods,GB,expeditionfoods.com,1-Day Food Pack A (Vegetarian),Double Serving,meal,764,shopify_shipping_weight,low,66.00,GBP,86.39,150.31,yes,catalog_feed,https://expeditionfoods.com/products/one-day-food-pack-a-vegetarian,2026-08-05,
Expedition Foods,GB,expeditionfoods.com,Expedition Foods Dairy Free Sample Pack,Single Serving,meal,331,shopify_shipping_weight,low,42.00,GBP,126.89,220.79,yes,catalog_feed,https://expeditionfoods.com/products/expedition-foods-dairy-free-sample-pack,2026-08-05,
Expedition Foods,GB,expeditionfoods.com,Expedition Foods Dairy Free Sample Pack,High Energy Serving,meal,589,shopify_shipping_weight,low,51.00,GBP,86.59,150.66,yes,catalog_feed,https://expeditionfoods.com/products/expedition-foods-dairy-free-sample-pack,2026-08-05,
Expedition Foods,GB,expeditionfoods.com,Expedition Foods Dairy Free Sample Pack,Double Serving,meal,693,shopify_shipping_weight,low,55.00,GBP,79.37,138.10,yes,catalog_feed,https://expeditionfoods.com/products/expedition-foods-dairy-free-sample-pack,2026-08-05,
Expedition Foods,GB,expeditionfoods.com,Expedition Foods Gluten Free Sample Pack,Single Serving,meal,303,shopify_shipping_weight,low,44.00,GBP,145.21,252.67,yes,catalog_feed,https://expeditionfoods.com/products/expedition-foods-gluten-free-sample-pack,2026-08-05,
Expedition Foods,GB,expeditionfoods.com,Expedition Foods Gluten Free Sample Pack,High Energy Serving,meal,518,shopify_shipping_weight,low,52.00,GBP,100.39,174.67,yes,catalog_feed,https://expeditionfoods.com/products/expedition-foods-gluten-free-sample-pack,2026-08-05,
Expedition Foods,GB,expeditionfoods.com,Expedition Foods Gluten Free Sample Pack,Double Serving,meal,631,shopify_shipping_weight,low,56.00,GBP,88.75,154.42,yes,catalog_feed,https://expeditionfoods.com/products/expedition-foods-gluten-free-sample-pack,2026-08-05,
Expedition Foods,GB,expeditionfoods.com,Expedition Foods Dinner Sample Pack,Single Serving,meal,333,shopify_shipping_weight,low,42.00,GBP,126.13,219.46,yes,catalog_feed,https://expeditionfoods.com/products/expedition-foods-dinner-sample-pack,2026-08-05,
Expedition Foods,GB,expeditionfoods.com,Expedition Foods Dinner Sample Pack,High Energy Serving,meal,592,shopify_shipping_weight,low,51.00,GBP,86.15,149.90,yes,catalog_feed,https://expeditionfoods.com/products/expedition-foods-dinner-sample-pack,2026-08-05,
Expedition Foods,GB,expeditionfoods.com,Expedition Foods Dinner Sample Pack,Double Serving,meal,697,shopify_shipping_weight,low,55.00,GBP,78.91,137.30,yes,catalog_feed,https://expeditionfoods.com/products/expedition-foods-dinner-sample-pack,2026-08-05,
Expedition Foods,GB,expeditionfoods.com,Expedition Foods Breakfast Sample Pack,Single Serving,meal,359,shopify_shipping_weight,low,40.00,GBP,111.42,193.87,yes,catalog_feed,https://expeditionfoods.com/products/expedition-foods-breakfast-sample-pack,2026-08-05,
Expedition Foods,GB,expeditionfoods.com,Expedition Foods Breakfast Sample Pack,High Energy Serving,meal,619,shopify_shipping_weight,low,48.00,GBP,77.54,134.93,yes,catalog_feed,https://expeditionfoods.com/products/expedition-foods-breakfast-sample-pack,2026-08-05,
Expedition Foods,GB,expeditionfoods.com,Expedition Foods Breakfast Sample Pack,Double Serving,meal,757,shopify_shipping_weight,low,52.00,GBP,68.69,119.52,yes,catalog_feed,https://expeditionfoods.com/products/expedition-foods-breakfast-sample-pack,2026-08-05,
Expedition Foods,GB,expeditionfoods.com,Expedition Foods Vegetarian Sample Pack,Single Serving,meal,305,shopify_shipping_weight,low,41.00,GBP,134.43,233.90,yes,catalog_feed,https://expeditionfoods.com/products/expedition-foods-vegetarian-sample-pack,2026-08-05,
Expedition Foods,GB,expeditionfoods.com,Expedition Foods Vegetarian Sample Pack,High Energy Serving,meal,522,shopify_shipping_weight,low,49.00,GBP,93.87,163.33,yes,catalog_feed,https://expeditionfoods.com/products/expedition-foods-vegetarian-sample-pack,2026-08-05,
Expedition Foods,GB,expeditionfoods.com,Expedition Foods Vegetarian Sample Pack,Double Serving,meal,638,shopify_shipping_weight,low,53.00,GBP,83.07,144.55,yes,catalog_feed,https://expeditionfoods.com/products/expedition-foods-vegetarian-sample-pack,2026-08-05,
Expedition Foods,GB,expeditionfoods.com,1-Day Food Pack D / Multi-Day Stage Race - Fish,Single Serving,meat,754,shopify_shipping_weight,low,50.00,GBP,66.31,115.38,yes,catalog_feed,https://expeditionfoods.com/products/one-day-food-pack-d-multi-day-stage-race-fish,2026-08-05,
Expedition Foods,GB,expeditionfoods.com,1-Day Food Pack D / Multi-Day Stage Race - Fish,High Energy Serving,meat,901,shopify_shipping_weight,low,55.00,GBP,61.04,106.22,yes,catalog_feed,https://expeditionfoods.com/products/one-day-food-pack-d-multi-day-stage-race-fish,2026-08-05,
Expedition Foods,GB,expeditionfoods.com,1-Day Food Pack D / Multi-Day Stage Race - Fish,Double Serving,meat,977,shopify_shipping_weight,low,58.00,GBP,59.37,103.30,yes,catalog_feed,https://expeditionfoods.com/products/one-day-food-pack-d-multi-day-stage-race-fish,2026-08-05,
Expedition Foods,GB,expeditionfoods.com,1-Day Food Pack C / Multi-Day Stage Race - Chicken,Single Serving,meat,771,shopify_shipping_weight,low,50.00,GBP,64.85,112.84,yes,catalog_feed,https://expeditionfoods.com/products/one-day-food-pack-c-multi-day-stage-race-chicken,2026-08-05,
Expedition Foods,GB,expeditionfoods.com,1-Day Food Pack C / Multi-Day Stage Race - Chicken,High Energy Serving,meat,952,shopify_shipping_weight,low,55.00,GBP,57.77,100.53,yes,catalog_feed,https://expeditionfoods.com/products/one-day-food-pack-c-multi-day-stage-race-chicken,2026-08-05,
Expedition Foods,GB,expeditionfoods.com,1-Day Food Pack C / Multi-Day Stage Race - Chicken,Double Serving,meat,1013,shopify_shipping_weight,low,58.00,GBP,57.26,99.62,yes,catalog_feed,https://expeditionfoods.com/products/one-day-food-pack-c-multi-day-stage-race-chicken,2026-08-05,
Expedition Foods,GB,expeditionfoods.com,1-Day Food Pack B / Multi-Day Stage Race - Beef,Single Serving,meat,764,shopify_shipping_weight,low,50.00,GBP,65.45,113.87,yes,catalog_feed,https://expeditionfoods.com/products/one-day-food-pack-b-multi-day-stage-race-beef,2026-08-05,
Expedition Foods,GB,expeditionfoods.com,1-Day Food Pack B / Multi-Day Stage Race - Beef,High Energy Serving,meat,917,shopify_shipping_weight,low,57.00,GBP,62.16,108.16,yes,catalog_feed,https://expeditionfoods.com/products/one-day-food-pack-b-multi-day-stage-race-beef,2026-08-05,
Expedition Foods,GB,expeditionfoods.com,1-Day Food Pack B / Multi-Day Stage Race - Beef,Double Serving,meat,998,shopify_shipping_weight,low,59.00,GBP,59.12,102.87,yes,catalog_feed,https://expeditionfoods.com/products/one-day-food-pack-b-multi-day-stage-race-beef,2026-08-05,
Expedition Foods,GB,expeditionfoods.com,1-Day Food Pack A / Multi-Day Stage Race - Vegetarian,Single Serving,meal,775,shopify_shipping_weight,low,50.00,GBP,64.52,112.26,yes,catalog_feed,https://expeditionfoods.com/products/one-day-food-pack-a-multi-day-stage-race-vegetarian,2026-08-05,
Expedition Foods,GB,expeditionfoods.com,1-Day Food Pack A / Multi-Day Stage Race - Vegetarian,High Energy Serving,meal,937,shopify_shipping_weight,low,55.00,GBP,58.70,102.13,yes,catalog_feed,https://expeditionfoods.com/products/one-day-food-pack-a-multi-day-stage-race-vegetarian,2026-08-05,
Expedition Foods,GB,expeditionfoods.com,1-Day Food Pack A / Multi-Day Stage Race - Vegetarian,Double Serving,meal,1023,shopify_shipping_weight,low,58.00,GBP,56.70,98.65,yes,catalog_feed,https://expeditionfoods.com/products/one-day-food-pack-a-multi-day-stage-race-vegetarian,2026-08-05,
Expedition Foods,GB,expeditionfoods.com,Vegetable Tikka with Rice | Freeze-Dried Meal,800KCAL,meal,166,shopify_shipping_weight,low,16.00,GBP,96.39,167.71,yes,catalog_feed,https://expeditionfoods.com/products/vegetable-tikka-with-rice,2026-08-05,
Expedition Foods,GB,expeditionfoods.com,Vegetable Tikka with Rice | Freeze-Dried Meal,450KCAL,meal,97,shopify_shipping_weight,low,14.00,GBP,144.33,251.13,yes,catalog_feed,https://expeditionfoods.com/products/vegetable-tikka-with-rice,2026-08-05,
Expedition Foods,GB,expeditionfoods.com,Vegetable Tikka with Rice | Freeze-Dried Meal,1000KCAL,meal,203,shopify_shipping_weight,low,18.00,GBP,88.67,154.29,yes,catalog_feed,https://expeditionfoods.com/products/vegetable-tikka-with-rice,2026-08-05,
Expedition Foods,GB,expeditionfoods.com,Vegetable Tikka with Rice | Freeze-Dried Meal,Case of 60 x 450KCAL,meal,6540,shopify_shipping_weight,low,824.00,GBP,125.99,219.23,yes,catalog_feed,https://expeditionfoods.com/products/vegetable-tikka-with-rice,2026-08-05,
Expedition Foods,GB,expeditionfoods.com,Vegetable Tikka with Rice | Freeze-Dried Meal,Case of 50 x 800KCAL,meal,8950,shopify_shipping_weight,low,790.00,GBP,88.27,153.59,yes,catalog_feed,https://expeditionfoods.com/products/vegetable-tikka-with-rice,2026-08-05,
Expedition Foods,GB,expeditionfoods.com,Vegetable Tikka with Rice | Freeze-Dried Meal,Case of 40 x 1000KCAL,meal,8860,shopify_shipping_weight,low,687.00,GBP,77.54,134.92,yes,catalog_feed,https://expeditionfoods.com/products/vegetable-tikka-with-rice,2026-08-05,
Expedition Foods,GB,expeditionfoods.com,Couscous with Cajun Spices and Vegetables | Freeze-Dried Meal,800KCAL,meal,215,shopify_shipping_weight,low,18.00,GBP,83.72,145.67,yes,catalog_feed,https://expeditionfoods.com/products/couscous-with-cajun-spices-and-vegetables,2026-08-05,
Expedition Foods,GB,expeditionfoods.com,Couscous with Cajun Spices and Vegetables | Freeze-Dried Meal,450KCAL,meal,125,shopify_shipping_weight,low,14.00,GBP,112.00,194.88,yes,catalog_feed,https://expeditionfoods.com/products/couscous-with-cajun-spices-and-vegetables,2026-08-05,
Expedition Foods,GB,expeditionfoods.com,Couscous with Cajun Spices and Vegetables | Freeze-Dried Meal,1000KCAL,meal,264,shopify_shipping_weight,low,19.00,GBP,71.97,125.23,yes,catalog_feed,https://expeditionfoods.com/products/couscous-with-cajun-spices-and-vegetables,2026-08-05,
Expedition Foods,GB,expeditionfoods.com,Couscous with Cajun Spices and Vegetables | Freeze-Dried Meal,Case of 60 x 450KCAL,meal,7500,shopify_shipping_weight,low,824.00,GBP,109.87,191.17,yes,catalog_feed,https://expeditionfoods.com/products/couscous-with-cajun-spices-and-vegetables,2026-08-05,
Expedition Foods,GB,expeditionfoods.com,Couscous with Cajun Spices and Vegetables | Freeze-Dried Meal,Case of 50 x 800KCAL,meal,10750,shopify_shipping_weight,low,858.00,GBP,79.81,138.88,yes,catalog_feed,https://expeditionfoods.com/products/couscous-with-cajun-spices-and-vegetables,2026-08-05,
Expedition Foods,GB,expeditionfoods.com,Couscous with Cajun Spices and Vegetables | Freeze-Dried Meal,Case of 40 x 1000KCAL,meal,10560,shopify_shipping_weight,low,742.00,GBP,70.27,122.26,yes,catalog_feed,https://expeditionfoods.com/products/couscous-with-cajun-spices-and-vegetables,2026-08-05,
Expedition Foods,GB,expeditionfoods.com,Thai Green Chicken Curry with Rice | Freeze-Dried Meal,800KCAL,meat,181,shopify_shipping_weight,low,18.00,GBP,99.45,173.04,yes,catalog_feed,https://expeditionfoods.com/products/thai-green-chicken-curry-with-rice,2026-08-05,
Expedition Foods,GB,expeditionfoods.com,Thai Green Chicken Curry with Rice | Freeze-Dried Meal,450KCAL,meat,106,shopify_shipping_weight,low,16.00,GBP,150.94,262.64,yes,catalog_feed,https://expeditionfoods.com/products/thai-green-chicken-curry-with-rice,2026-08-05,
Expedition Foods,GB,expeditionfoods.com,Thai Green Chicken Curry with Rice | Freeze-Dried Meal,1000KCAL,meat,221,shopify_shipping_weight,low,19.00,GBP,85.97,149.59,yes,catalog_feed,https://expeditionfoods.com/products/thai-green-chicken-curry-with-rice,2026-08-05,
Expedition Foods,GB,expeditionfoods.com,Thai Green Chicken Curry with Rice | Freeze-Dried Meal,Case of 60 x 450KCAL,meat,7120,shopify_shipping_weight,low,906.00,GBP,127.25,221.41,yes,catalog_feed,https://expeditionfoods.com/products/thai-green-chicken-curry-with-rice,2026-08-05,
Expedition Foods,GB,expeditionfoods.com,Thai Green Chicken Curry with Rice | Freeze-Dried Meal,Case of 50 x 800KCAL,meat,9680,shopify_shipping_weight,low,858.00,GBP,88.64,154.23,yes,catalog_feed,https://expeditionfoods.com/products/thai-green-chicken-curry-with-rice,2026-08-05,
Expedition Foods,GB,expeditionfoods.com,Thai Green Chicken Curry with Rice | Freeze-Dried Meal,Case of 40 x 1000KCAL,meat,9630,shopify_shipping_weight,low,742.00,GBP,77.05,134.07,yes,catalog_feed,https://expeditionfoods.com/products/thai-green-chicken-curry-with-rice,2026-08-05,
Expedition Foods,GB,expeditionfoods.com,Sweet and Sour Chicken with Rice | Freeze-Dried Meal,800KCAL,candy,196,shopify_shipping_weight,low,17.00,GBP,86.73,150.92,yes,catalog_feed,https://expeditionfoods.com/products/sweet-and-sour-chicken-with-rice,2026-08-05,
Expedition Foods,GB,expeditionfoods.com,Sweet and Sour Chicken with Rice | Freeze-Dried Meal,450KCAL,candy,114,shopify_shipping_weight,low,14.00,GBP,122.81,213.68,yes,catalog_feed,https://expeditionfoods.com/products/sweet-and-sour-chicken-with-rice,2026-08-05,
Expedition Foods,GB,expeditionfoods.com,Sweet and Sour Chicken with Rice | Freeze-Dried Meal,1000KCAL,candy,240,shopify_shipping_weight,low,18.00,GBP,75.00,130.50,yes,catalog_feed,https://expeditionfoods.com/products/sweet-and-sour-chicken-with-rice,2026-08-05,
Expedition Foods,GB,expeditionfoods.com,Sweet and Sour Chicken with Rice | Freeze-Dried Meal,Case of 60 x 450KCAL,candy,7630,shopify_shipping_weight,low,824.00,GBP,107.99,187.91,yes,catalog_feed,https://expeditionfoods.com/products/sweet-and-sour-chicken-with-rice,2026-08-05,
Expedition Foods,GB,expeditionfoods.com,Sweet and Sour Chicken with Rice | Freeze-Dried Meal,Case of 50 x 800KCAL,candy,10480,shopify_shipping_weight,low,824.00,GBP,78.63,136.81,yes,catalog_feed,https://expeditionfoods.com/products/sweet-and-sour-chicken-with-rice,2026-08-05,
Expedition Foods,GB,expeditionfoods.com,Sweet and Sour Chicken with Rice | Freeze-Dried Meal,Case of 40 x 1000KCAL,candy,10400,shopify_shipping_weight,low,714.00,GBP,68.65,119.46,yes,catalog_feed,https://expeditionfoods.com/products/sweet-and-sour-chicken-with-rice,2026-08-05,
Expedition Foods,GB,expeditionfoods.com,Spaghetti Carbonara | Freeze-Dried Meal,800KCAL,meal,175,shopify_shipping_weight,low,17.00,GBP,97.14,169.03,yes,catalog_feed,https://expeditionfoods.com/products/spaghetti-carbonara,2026-08-05,
Expedition Foods,GB,expeditionfoods.com,Spaghetti Carbonara | Freeze-Dried Meal,450KCAL,meal,102,shopify_shipping_weight,low,14.00,GBP,137.25,238.82,yes,catalog_feed,https://expeditionfoods.com/products/spaghetti-carbonara,2026-08-05,
Expedition Foods,GB,expeditionfoods.com,Spaghetti Carbonara | Freeze-Dried Meal,1000KCAL,meal,213,shopify_shipping_weight,low,18.00,GBP,84.51,147.04,yes,catalog_feed,https://expeditionfoods.com/products/spaghetti-carbonara,2026-08-05,
Expedition Foods,GB,expeditionfoods.com,Spaghetti Carbonara | Freeze-Dried Meal,Case of 60 x 450KCAL,meal,6860,shopify_shipping_weight,low,824.00,GBP,120.12,209.00,no,catalog_feed,https://expeditionfoods.com/products/spaghetti-carbonara,2026-08-05,
Expedition Foods,GB,expeditionfoods.com,Spaghetti Carbonara | Freeze-Dried Meal,Case of 50 x 800KCAL,meal,9370,shopify_shipping_weight,low,824.00,GBP,87.94,153.02,yes,catalog_feed,https://expeditionfoods.com/products/spaghetti-carbonara,2026-08-05,
Expedition Foods,GB,expeditionfoods.com,Spaghetti Carbonara | Freeze-Dried Meal,Case of 40 x 1000KCAL,meal,9300,shopify_shipping_weight,low,714.00,GBP,76.77,133.59,yes,catalog_feed,https://expeditionfoods.com/products/spaghetti-carbonara,2026-08-05,
Expedition Foods,GB,expeditionfoods.com,Spaghetti Bolognese | Freeze-Dried Meal,800KCAL,meal,179,shopify_shipping_weight,low,18.00,GBP,100.56,174.97,yes,catalog_feed,https://expeditionfoods.com/products/spaghetti-bolognese,2026-08-05,
Expedition Foods,GB,expeditionfoods.com,Spaghetti Bolognese | Freeze-Dried Meal,450KCAL,meal,105,shopify_shipping_weight,low,15.00,GBP,142.86,248.57,yes,catalog_feed,https://expeditionfoods.com/products/spaghetti-bolognese,2026-08-05,
Expedition Foods,GB,expeditionfoods.com,Spaghetti Bolognese | Freeze-Dried Meal,1000KCAL,meal,219,shopify_shipping_weight,low,20.00,GBP,91.32,158.90,yes,catalog_feed,https://expeditionfoods.com/products/spaghetti-bolognese,2026-08-05,
Expedition Foods,GB,expeditionfoods.com,Spaghetti Bolognese | Freeze-Dried Meal,Case of 60 x 450KCAL,meal,7270,shopify_shipping_weight,low,865.00,GBP,118.98,207.03,yes,catalog_feed,https://expeditionfoods.com/products/spaghetti-bolognese,2026-08-05,
Expedition Foods,GB,expeditionfoods.com,Spaghetti Bolognese | Freeze-Dried Meal,Case of 50 x 800KCAL,meal,9610,shopify_shipping_weight,low,893.00,GBP,92.92,161.69,yes,catalog_feed,https://expeditionfoods.com/products/spaghetti-bolognese,2026-08-05,
Expedition Foods,GB,expeditionfoods.com,Spaghetti Bolognese | Freeze-Dried Meal,Case of 40 x 1000KCAL,meal,9400,shopify_shipping_weight,low,769.00,GBP,81.81,142.35,yes,catalog_feed,https://expeditionfoods.com/products/spaghetti-bolognese,2026-08-05,
Expedition Foods,GB,expeditionfoods.com,Porridge with Strawberries | Freeze-Dried Meal,800KCAL,meal,188,shopify_shipping_weight,low,16.00,GBP,85.11,148.09,yes,catalog_feed,https://expeditionfoods.com/products/porridge-with-strawberries,2026-08-05,
Expedition Foods,GB,expeditionfoods.com,Porridge with Strawberries | Freeze-Dried Meal,450KCAL,meal,109,shopify_shipping_weight,low,14.00,GBP,128.44,223.49,yes,catalog_feed,https://expeditionfoods.com/products/porridge-with-strawberries,2026-08-05,
Expedition Foods,GB,expeditionfoods.com,Porridge with Strawberries | Freeze-Dried Meal,1000KCAL,meal,229,shopify_shipping_weight,low,18.00,GBP,78.60,136.77,yes,catalog_feed,https://expeditionfoods.com/products/porridge-with-strawberries,2026-08-05,
Expedition Foods,GB,expeditionfoods.com,Porridge with Strawberries | Freeze-Dried Meal,Case of 60 x 450KCAL,meal,7280,shopify_shipping_weight,low,783.00,GBP,107.55,187.15,yes,catalog_feed,https://expeditionfoods.com/products/porridge-with-strawberries,2026-08-05,
Expedition Foods,GB,expeditionfoods.com,Porridge with Strawberries | Freeze-Dried Meal,Case of 50 x 800KCAL,meal,10210,shopify_shipping_weight,low,790.00,GBP,77.38,134.63,yes,catalog_feed,https://expeditionfoods.com/products/porridge-with-strawberries,2026-08-05,
Expedition Foods,GB,expeditionfoods.com,Porridge with Strawberries | Freeze-Dried Meal,Case of 40 x 1000KCAL,meal,9820,shopify_shipping_weight,low,687.00,GBP,69.96,121.73,yes,catalog_feed,https://expeditionfoods.com/products/porridge-with-strawberries,2026-08-05,
Expedition Foods,GB,expeditionfoods.com,Porridge with Blueberries | Freeze-Dried Meal,800KCAL,meal,189,shopify_shipping_weight,low,16.00,GBP,84.66,147.30,yes,catalog_feed,https://expeditionfoods.com/products/porridge-with-blueberries,2026-08-05,
Expedition Foods,GB,expeditionfoods.com,Porridge with Blueberries | Freeze-Dried Meal,450KCAL,meal,110,shopify_shipping_weight,low,14.00,GBP,127.27,221.45,yes,catalog_feed,https://expeditionfoods.com/products/porridge-with-blueberries,2026-08-05,
Expedition Foods,GB,expeditionfoods.com,Porridge with Blueberries | Freeze-Dried Meal,1000KCAL,meal,231,shopify_shipping_weight,low,18.00,GBP,77.92,135.58,yes,catalog_feed,https://expeditionfoods.com/products/porridge-with-blueberries,2026-08-05,
Expedition Foods,GB,expeditionfoods.com,Porridge with Blueberries | Freeze-Dried Meal,Case of 60 x 450KCAL,meal,7400,shopify_shipping_weight,low,783.00,GBP,105.81,184.11,yes,catalog_feed,https://expeditionfoods.com/products/porridge-with-blueberries,2026-08-05,
Expedition Foods,GB,expeditionfoods.com,Porridge with Blueberries | Freeze-Dried Meal,Case of 50 x 800KCAL,meal,10250,shopify_shipping_weight,low,790.00,GBP,77.07,134.11,yes,catalog_feed,https://expeditionfoods.com/products/porridge-with-blueberries,2026-08-05,
Expedition Foods,GB,expeditionfoods.com,Porridge with Blueberries | Freeze-Dried Meal,Case of 40 x 1000KCAL,meal,10020,shopify_shipping_weight,low,687.00,GBP,68.56,119.30,yes,catalog_feed,https://expeditionfoods.com/products/porridge-with-blueberries,2026-08-05,
Expedition Foods,GB,expeditionfoods.com,Mediterranean Vegetable Pasta | Freeze-Dried Meal,800KCAL,meal,157,shopify_shipping_weight,low,16.00,GBP,101.91,177.32,yes,catalog_feed,https://expeditionfoods.com/products/mediterranean-vegetable-pasta,2026-08-05,
Expedition Foods,GB,expeditionfoods.com,Mediterranean Vegetable Pasta | Freeze-Dried Meal,450KCAL,meal,92,shopify_shipping_weight,low,14.00,GBP,152.17,264.78,yes,catalog_feed,https://expeditionfoods.com/products/mediterranean-vegetable-pasta,2026-08-05,
Expedition Foods,GB,expeditionfoods.com,Mediterranean Vegetable Pasta | Freeze-Dried Meal,1000KCAL,meal,191,shopify_shipping_weight,low,18.00,GBP,94.24,163.98,yes,catalog_feed,https://expeditionfoods.com/products/mediterranean-vegetable-pasta,2026-08-05,
Expedition Foods,GB,expeditionfoods.com,Mediterranean Vegetable Pasta | Freeze-Dried Meal,Case of 60 x 450KCAL,meal,6300,shopify_shipping_weight,low,783.00,GBP,124.29,216.26,yes,catalog_feed,https://expeditionfoods.com/products/mediterranean-vegetable-pasta,2026-08-05,
Expedition Foods,GB,expeditionfoods.com,Mediterranean Vegetable Pasta | Freeze-Dried Meal,Case of 50 x 800KCAL,meal,8500,shopify_shipping_weight,low,790.00,GBP,92.94,161.72,yes,catalog_feed,https://expeditionfoods.com/products/mediterranean-vegetable-pasta,2026-08-05,
Expedition Foods,GB,expeditionfoods.com,Mediterranean Vegetable Pasta | Freeze-Dried Meal,Case of 40 x 1000KCAL,meal,8260,shopify_shipping_weight,low,687.00,GBP,83.17,144.72,yes,catalog_feed,https://expeditionfoods.com/products/mediterranean-vegetable-pasta,2026-08-05,
Expedition Foods,GB,expeditionfoods.com,Macaroni and Cheese | Freeze-Dried Meal,800KCAL,dairy,199,shopify_shipping_weight,low,17.00,GBP,85.43,148.64,yes,catalog_feed,https://expeditionfoods.com/products/macaroni-and-cheese,2026-08-05,
Expedition Foods,GB,expeditionfoods.com,Macaroni and Cheese | Freeze-Dried Meal,450KCAL,dairy,116,shopify_shipping_weight,low,14.00,GBP,120.69,210.00,yes,catalog_feed,https://expeditionfoods.com/products/macaroni-and-cheese,2026-08-05,
Expedition Foods,GB,expeditionfoods.com,Macaroni and Cheese | Freeze-Dried Meal,1000KCAL,dairy,244,shopify_shipping_weight,low,18.00,GBP,73.77,128.36,yes,catalog_feed,https://expeditionfoods.com/products/macaroni-and-cheese,2026-08-05,
Expedition Foods,GB,expeditionfoods.com,Macaroni and Cheese | Freeze-Dried Meal,Case of 60 x 450KCAL,dairy,7960,shopify_shipping_weight,low,824.00,GBP,103.52,180.12,yes,catalog_feed,https://expeditionfoods.com/products/macaroni-and-cheese,2026-08-05,
Expedition Foods,GB,expeditionfoods.com,Macaroni and Cheese | Freeze-Dried Meal,Case of 50 x 800KCAL,dairy,10590,shopify_shipping_weight,low,824.00,GBP,77.81,135.39,yes,catalog_feed,https://expeditionfoods.com/products/macaroni-and-cheese,2026-08-05,
Expedition Foods,GB,expeditionfoods.com,Macaroni and Cheese | Freeze-Dried Meal,Case of 40 x 1000KCAL,dairy,10640,shopify_shipping_weight,low,714.00,GBP,67.11,116.76,yes,catalog_feed,https://expeditionfoods.com/products/macaroni-and-cheese,2026-08-05,
Expedition Foods,GB,expeditionfoods.com,Granola with Raspberries | Freeze-Dried Meal,800KCAL,meal,209,shopify_shipping_weight,low,16.00,GBP,76.56,133.21,yes,catalog_feed,https://expeditionfoods.com/products/granola-with-raspberries,2026-08-05,
Expedition Foods,GB,expeditionfoods.com,Granola with Raspberries | Freeze-Dried Meal,450KCAL,meal,121,shopify_shipping_weight,low,14.00,GBP,115.70,201.32,yes,catalog_feed,https://expeditionfoods.com/products/granola-with-raspberries,2026-08-05,
Expedition Foods,GB,expeditionfoods.com,Granola with Raspberries | Freeze-Dried Meal,1000KCAL,meal,256,shopify_shipping_weight,low,18.00,GBP,70.31,122.34,yes,catalog_feed,https://expeditionfoods.com/products/granola-with-raspberries,2026-08-05,
Expedition Foods,GB,expeditionfoods.com,Granola with Raspberries | Freeze-Dried Meal,Case of 60 x 450KCAL,meal,8180,shopify_shipping_weight,low,783.00,GBP,95.72,166.56,yes,catalog_feed,https://expeditionfoods.com/products/granola-with-raspberries,2026-08-05,
Expedition Foods,GB,expeditionfoods.com,Granola with Raspberries | Freeze-Dried Meal,Case of 50 x 800KCAL,meal,11200,shopify_shipping_weight,low,790.00,GBP,70.54,122.73,yes,catalog_feed,https://expeditionfoods.com/products/granola-with-raspberries,2026-08-05,
Expedition Foods,GB,expeditionfoods.com,Granola with Raspberries | Freeze-Dried Meal,Case of 40 x 1000KCAL,meal,11180,shopify_shipping_weight,low,687.00,GBP,61.45,106.92,yes,catalog_feed,https://expeditionfoods.com/products/granola-with-raspberries,2026-08-05,
Expedition Foods,GB,expeditionfoods.com,Fish and Potato with Parsley Sauce | Freeze-Dried Meal,800KCAL,meat,163,shopify_shipping_weight,low,17.00,GBP,104.29,181.47,yes,catalog_feed,https://expeditionfoods.com/products/fish-and-potato-with-parsley-sauce,2026-08-05,
Expedition Foods,GB,expeditionfoods.com,Fish and Potato with Parsley Sauce | Freeze-Dried Meal,450KCAL,meat,95,shopify_shipping_weight,low,14.00,GBP,147.37,256.42,yes,catalog_feed,https://expeditionfoods.com/products/fish-and-potato-with-parsley-sauce,2026-08-05,
Expedition Foods,GB,expeditionfoods.com,Fish and Potato with Parsley Sauce | Freeze-Dried Meal,1000KCAL,meat,198,shopify_shipping_weight,low,18.00,GBP,90.91,158.18,yes,catalog_feed,https://expeditionfoods.com/products/fish-and-potato-with-parsley-sauce,2026-08-05,
Expedition Foods,GB,expeditionfoods.com,Fish and Potato with Parsley Sauce | Freeze-Dried Meal,Case of 60 x 450KCAL,meat,6460,shopify_shipping_weight,low,824.00,GBP,127.55,221.94,yes,catalog_feed,https://expeditionfoods.com/products/fish-and-potato-with-parsley-sauce,2026-08-05,
Expedition Foods,GB,expeditionfoods.com,Fish and Potato with Parsley Sauce | Freeze-Dried Meal,Case of 50 x 800KCAL,meat,9200,shopify_shipping_weight,low,824.00,GBP,89.57,155.84,yes,catalog_feed,https://expeditionfoods.com/products/fish-and-potato-with-parsley-sauce,2026-08-05,
Expedition Foods,GB,expeditionfoods.com,Fish and Potato with Parsley Sauce | Freeze-Dried Meal,Case of 40 x 1000KCAL,meat,8680,shopify_shipping_weight,low,714.00,GBP,82.26,143.13,yes,catalog_feed,https://expeditionfoods.com/products/fish-and-potato-with-parsley-sauce,2026-08-05,
Expedition Foods,GB,expeditionfoods.com,Chilli Con Carne with Rice | Freeze-Dried Meal,800KCAL,meal,185,shopify_shipping_weight,low,17.00,GBP,91.89,159.89,yes,catalog_feed,https://expeditionfoods.com/products/chilli-con-carne-with-rice,2026-08-05,
Expedition Foods,GB,expeditionfoods.com,Chilli Con Carne with Rice | Freeze-Dried Meal,450KCAL,meal,108,shopify_shipping_weight,low,14.00,GBP,129.63,225.56,yes,catalog_feed,https://expeditionfoods.com/products/chilli-con-carne-with-rice,2026-08-05,
Expedition Foods,GB,expeditionfoods.com,Chilli Con Carne with Rice | Freeze-Dried Meal,1000KCAL,meal,227,shopify_shipping_weight,low,18.00,GBP,79.30,137.97,yes,catalog_feed,https://expeditionfoods.com/products/chilli-con-carne-with-rice,2026-08-05,
Expedition Foods,GB,expeditionfoods.com,Chilli Con Carne with Rice | Freeze-Dried Meal,Case of 60 x 450KCAL,meal,7310,shopify_shipping_weight,low,824.00,GBP,112.72,196.14,yes,catalog_feed,https://expeditionfoods.com/products/chilli-con-carne-with-rice,2026-08-05,
Expedition Foods,GB,expeditionfoods.com,Chilli Con Carne with Rice | Freeze-Dried Meal,Case of 50 x 800KCAL,meal,10050,shopify_shipping_weight,low,824.00,GBP,81.99,142.66,yes,catalog_feed,https://expeditionfoods.com/products/chilli-con-carne-with-rice,2026-08-05,
Expedition Foods,GB,expeditionfoods.com,Chilli Con Carne with Rice | Freeze-Dried Meal,Case of 40 x 1000KCAL,meal,9710,shopify_shipping_weight,low,714.00,GBP,73.53,127.95,yes,catalog_feed,https://expeditionfoods.com/products/chilli-con-carne-with-rice,2026-08-05,
Expedition Foods,GB,expeditionfoods.com,Chicken Tikka with Rice | Freeze-Dried Meal,800KCAL,meat,171,shopify_shipping_weight,low,17.00,GBP,99.42,172.98,yes,catalog_feed,https://expeditionfoods.com/products/chicken-tikka-with-rice,2026-08-05,
Expedition Foods,GB,expeditionfoods.com,Chicken Tikka with Rice | Freeze-Dried Meal,450KCAL,meat,100,shopify_shipping_weight,low,14.00,GBP,140.00,243.60,yes,catalog_feed,https://expeditionfoods.com/products/chicken-tikka-with-rice,2026-08-05,
Expedition Foods,GB,expeditionfoods.com,Chicken Tikka with Rice | Freeze-Dried Meal,1000KCAL,meat,208,shopify_shipping_weight,low,18.00,GBP,86.54,150.58,yes,catalog_feed,https://expeditionfoods.com/products/chicken-tikka-with-rice,2026-08-05,
Expedition Foods,GB,expeditionfoods.com,Chicken Tikka with Rice | Freeze-Dried Meal,Case of 60 x 450KCAL,meat,6770,shopify_shipping_weight,low,824.00,GBP,121.71,211.78,yes,catalog_feed,https://expeditionfoods.com/products/chicken-tikka-with-rice,2026-08-05,
Expedition Foods,GB,expeditionfoods.com,Chicken Tikka with Rice | Freeze-Dried Meal,Case of 50 x 800KCAL,meat,9190,shopify_shipping_weight,low,824.00,GBP,89.66,156.01,yes,catalog_feed,https://expeditionfoods.com/products/chicken-tikka-with-rice,2026-08-05,
Expedition Foods,GB,expeditionfoods.com,Chicken Tikka with Rice | Freeze-Dried Meal,Case of 40 x 1000KCAL,meat,8930,shopify_shipping_weight,low,714.00,GBP,79.96,139.12,yes,catalog_feed,https://expeditionfoods.com/products/chicken-tikka-with-rice,2026-08-05,
Expedition Foods,GB,expeditionfoods.com,Chicken Rice with Vegetables | Freeze-Dried Meal,800KCAL,meat,200,shopify_shipping_weight,low,17.00,GBP,85.00,147.90,yes,catalog_feed,https://expeditionfoods.com/products/chicken-rice-with-vegetables,2026-08-05,
Expedition Foods,GB,expeditionfoods.com,Chicken Rice with Vegetables | Freeze-Dried Meal,450KCAL,meat,116,shopify_shipping_weight,low,14.00,GBP,120.69,210.00,yes,catalog_feed,https://expeditionfoods.com/products/chicken-rice-with-vegetables,2026-08-05,
Expedition Foods,GB,expeditionfoods.com,Chicken Rice with Vegetables | Freeze-Dried Meal,1000KCAL,meat,245,shopify_shipping_weight,low,18.00,GBP,73.47,127.84,yes,catalog_feed,https://expeditionfoods.com/products/chicken-rice-with-vegetables,2026-08-05,
Expedition Foods,GB,expeditionfoods.com,Chicken Rice with Vegetables | Freeze-Dried Meal,Case of 60 x 450KCAL,meat,7960,shopify_shipping_weight,low,824.00,GBP,103.52,180.12,yes,catalog_feed,https://expeditionfoods.com/products/chicken-rice-with-vegetables,2026-08-05,
Expedition Foods,GB,expeditionfoods.com,Chicken Rice with Vegetables | Freeze-Dried Meal,Case of 50 x 800KCAL,meat,10650,shopify_shipping_weight,low,824.00,GBP,77.37,134.63,yes,catalog_feed,https://expeditionfoods.com/products/chicken-rice-with-vegetables,2026-08-05,
Expedition Foods,GB,expeditionfoods.com,Chicken Rice with Vegetables | Freeze-Dried Meal,Case of 40 x 1000KCAL,meat,10730,shopify_shipping_weight,low,714.00,GBP,66.54,115.78,yes,catalog_feed,https://expeditionfoods.com/products/chicken-rice-with-vegetables,2026-08-05,
Expedition Foods,GB,expeditionfoods.com,Chicken Korma with Rice | Freeze-Dried Meal,800KCAL,meat,171,shopify_shipping_weight,low,17.00,GBP,99.42,172.98,yes,catalog_feed,https://expeditionfoods.com/products/chicken-korma-with-rice,2026-08-05,
Expedition Foods,GB,expeditionfoods.com,Chicken Korma with Rice | Freeze-Dried Meal,450KCAL,meat,100,shopify_shipping_weight,low,14.00,GBP,140.00,243.60,yes,catalog_feed,https://expeditionfoods.com/products/chicken-korma-with-rice,2026-08-05,
Expedition Foods,GB,expeditionfoods.com,Chicken Korma with Rice | Freeze-Dried Meal,1000KCAL,meat,208,shopify_shipping_weight,low,18.00,GBP,86.54,150.58,yes,catalog_feed,https://expeditionfoods.com/products/chicken-korma-with-rice,2026-08-05,
Expedition Foods,GB,expeditionfoods.com,Chicken Korma with Rice | Freeze-Dried Meal,Case of 60 x 450KCAL,meat,6790,shopify_shipping_weight,low,824.00,GBP,121.35,211.16,yes,catalog_feed,https://expeditionfoods.com/products/chicken-korma-with-rice,2026-08-05,
Expedition Foods,GB,expeditionfoods.com,Chicken Korma with Rice | Freeze-Dried Meal,Case of 50 x 800KCAL,meat,9560,shopify_shipping_weight,low,824.00,GBP,86.19,149.97,yes,catalog_feed,https://expeditionfoods.com/products/chicken-korma-with-rice,2026-08-05,
Expedition Foods,GB,expeditionfoods.com,Chicken Korma with Rice | Freeze-Dried Meal,Case of 40 x 1000KCAL,meat,9120,shopify_shipping_weight,low,714.00,GBP,78.29,136.22,yes,catalog_feed,https://expeditionfoods.com/products/chicken-korma-with-rice,2026-08-05,
Expedition Foods,GB,expeditionfoods.com,Beef Stroganoff with Rice | Freeze-Dried Meal,800KCAL,meat,155,shopify_shipping_weight,low,20.00,GBP,129.03,224.52,yes,catalog_feed,https://expeditionfoods.com/products/beef-stroganoff-with-rice,2026-08-05,
Expedition Foods,GB,expeditionfoods.com,Beef Stroganoff with Rice | Freeze-Dried Meal,450KCAL,meat,91,shopify_shipping_weight,low,16.00,GBP,175.82,305.93,yes,catalog_feed,https://expeditionfoods.com/products/beef-stroganoff-with-rice,2026-08-05,
Expedition Foods,GB,expeditionfoods.com,Beef Stroganoff with Rice | Freeze-Dried Meal,1000KCAL,meat,189,shopify_shipping_weight,low,21.00,GBP,111.11,193.33,yes,catalog_feed,https://expeditionfoods.com/products/beef-stroganoff-with-rice,2026-08-05,
Expedition Foods,GB,expeditionfoods.com,Beef Stroganoff with Rice | Freeze-Dried Meal,Case of 60 x 450KCAL,meat,5460,shopify_shipping_weight,low,947.00,GBP,173.44,301.79,yes,catalog_feed,https://expeditionfoods.com/products/beef-stroganoff-with-rice,2026-08-05,
Expedition Foods,GB,expeditionfoods.com,Beef Stroganoff with Rice | Freeze-Dried Meal,Case of 50 x 800KCAL,meat,7750,shopify_shipping_weight,low,961.00,GBP,124.00,215.76,yes,catalog_feed,https://expeditionfoods.com/products/beef-stroganoff-with-rice,2026-08-05,
Expedition Foods,GB,expeditionfoods.com,Beef Stroganoff with Rice | Freeze-Dried Meal,Case of 40 x 1000KCAL,meat,7560,shopify_shipping_weight,low,824.00,GBP,108.99,189.65,yes,catalog_feed,https://expeditionfoods.com/products/beef-stroganoff-with-rice,2026-08-05,
Expedition Foods,GB,expeditionfoods.com,Beef and Potato Hotpot | Freeze-Dried Meal,800KCAL,meat,175,shopify_shipping_weight,low,18.00,GBP,102.86,178.97,yes,catalog_feed,https://expeditionfoods.com/products/beef-and-potato-hotpot,2026-08-05,
Expedition Foods,GB,expeditionfoods.com,Beef and Potato Hotpot | Freeze-Dried Meal,450KCAL,meat,102,shopify_shipping_weight,low,15.00,GBP,147.06,255.88,yes,catalog_feed,https://expeditionfoods.com/products/beef-and-potato-hotpot,2026-08-05,
Expedition Foods,GB,expeditionfoods.com,Beef and Potato Hotpot | Freeze-Dried Meal,1000KCAL,meat,213,shopify_shipping_weight,low,20.00,GBP,93.90,163.38,yes,catalog_feed,https://expeditionfoods.com/products/beef-and-potato-hotpot,2026-08-05,
Expedition Foods,GB,expeditionfoods.com,Beef and Potato Hotpot | Freeze-Dried Meal,Case of 60 x 450KCAL,meat,6120,shopify_shipping_weight,low,865.00,GBP,141.34,245.93,yes,catalog_feed,https://expeditionfoods.com/products/beef-and-potato-hotpot,2026-08-05,
Expedition Foods,GB,expeditionfoods.com,Beef and Potato Hotpot | Freeze-Dried Meal,Case of 50 x 800KCAL,meat,8750,shopify_shipping_weight,low,893.00,GBP,102.06,177.58,yes,catalog_feed,https://expeditionfoods.com/products/beef-and-potato-hotpot,2026-08-05,
Expedition Foods,GB,expeditionfoods.com,Beef and Potato Hotpot | Freeze-Dried Meal,Case of 40 x 1000KCAL,meat,8520,shopify_shipping_weight,low,769.00,GBP,90.26,157.05,yes,catalog_feed,https://expeditionfoods.com/products/beef-and-potato-hotpot,2026-08-05,
Expedition Foods,GB,expeditionfoods.com,3-Day / 125km Vegetarian Nutrition Pack,Single Serving,meal,1661,shopify_shipping_weight,low,150.00,GBP,90.31,157.13,yes,catalog_feed,https://expeditionfoods.com/products/3-day-125km-vegetarian-nutrition-pack,2026-08-05,
Expedition Foods,GB,expeditionfoods.com,3-Day / 125km Vegetarian Nutrition Pack,High Energy Serving,meal,2207,shopify_shipping_weight,low,169.00,GBP,76.57,133.24,yes,catalog_feed,https://expeditionfoods.com/products/3-day-125km-vegetarian-nutrition-pack,2026-08-05,
Expedition Foods,GB,expeditionfoods.com,3-Day / 125km Vegetarian Nutrition Pack,Double Serving,meal,2498,shopify_shipping_weight,low,178.00,GBP,71.26,123.99,yes,catalog_feed,https://expeditionfoods.com/products/3-day-125km-vegetarian-nutrition-pack,2026-08-05,
Expedition Foods,GB,expeditionfoods.com,3-Day / 125km Nutrition Pack,Single Serving,meal,1696,shopify_shipping_weight,low,153.00,GBP,90.21,156.97,yes,catalog_feed,https://expeditionfoods.com/products/3-day-125km-nutrition-pack,2026-08-05,
Expedition Foods,GB,expeditionfoods.com,3-Day / 125km Nutrition Pack,High Energy Serving,meal,2289,shopify_shipping_weight,low,172.00,GBP,75.14,130.75,yes,catalog_feed,https://expeditionfoods.com/products/3-day-125km-nutrition-pack,2026-08-05,
Expedition Foods,GB,expeditionfoods.com,3-Day / 125km Nutrition Pack,Double Serving,meal,2571,shopify_shipping_weight,low,182.00,GBP,70.79,123.17,yes,catalog_feed,https://expeditionfoods.com/products/3-day-125km-nutrition-pack,2026-08-05,
Expedition Foods,GB,expeditionfoods.com,Asian Noodles with Chicken and Mixed Vegetables | Freeze-Dried Meal,800KCAL,meat,214,shopify_shipping_weight,low,17.00,GBP,79.44,138.22,yes,catalog_feed,https://expeditionfoods.com/products/asian-noodles-with-chicken-and-mixed-vegetables,2026-08-05,
Expedition Foods,GB,expeditionfoods.com,Asian Noodles with Chicken and Mixed Vegetables | Freeze-Dried Meal,450KCAL,meat,112,shopify_shipping_weight,low,14.00,GBP,125.00,217.50,yes,catalog_feed,https://expeditionfoods.com/products/asian-noodles-with-chicken-and-mixed-vegetables,2026-08-05,
Expedition Foods,GB,expeditionfoods.com,Asian Noodles with Chicken and Mixed Vegetables | Freeze-Dried Meal,1000KCAL,meat,234,shopify_shipping_weight,low,18.00,GBP,76.92,133.85,yes,catalog_feed,https://expeditionfoods.com/products/asian-noodles-with-chicken-and-mixed-vegetables,2026-08-05,
Expedition Foods,GB,expeditionfoods.com,Asian Noodles with Chicken and Mixed Vegetables | Freeze-Dried Meal,Case of 60 x 450KCAL,meat,7480,shopify_shipping_weight,low,824.00,GBP,110.16,191.68,yes,catalog_feed,https://expeditionfoods.com/products/asian-noodles-with-chicken-and-mixed-vegetables,2026-08-05,
Expedition Foods,GB,expeditionfoods.com,Asian Noodles with Chicken and Mixed Vegetables | Freeze-Dried Meal,Case of 50 x 800KCAL,meat,10700,shopify_shipping_weight,low,824.00,GBP,77.01,134.00,yes,catalog_feed,https://expeditionfoods.com/products/asian-noodles-with-chicken-and-mixed-vegetables,2026-08-05,
Expedition Foods,GB,expeditionfoods.com,Asian Noodles with Chicken and Mixed Vegetables | Freeze-Dried Meal,Case of 40 x 1000KCAL,meat,10350,shopify_shipping_weight,low,714.00,GBP,68.99,120.03,yes,catalog_feed,https://expeditionfoods.com/products/asian-noodles-with-chicken-and-mixed-vegetables,2026-08-05,
Expedition Foods,GB,expeditionfoods.com,The Rough Country Trail Running Gaiters (Black),S,other,190,shopify_shipping_weight,low,35.00,GBP,184.21,320.53,no,catalog_feed,https://expeditionfoods.com/products/the-rough-country-trail-running-gaiters-black,2026-08-05,
Expedition Foods,GB,expeditionfoods.com,The Rough Country Trail Running Gaiters (Black),L,other,190,shopify_shipping_weight,low,35.00,GBP,184.21,320.53,yes,catalog_feed,https://expeditionfoods.com/products/the-rough-country-trail-running-gaiters-black,2026-08-05,
Expedition Foods,GB,expeditionfoods.com,Expedition Foods Emergency Rations for 2 Weeks,,meal,6953,shopify_shipping_weight,low,648.00,GBP,93.20,162.16,yes,catalog_feed,https://expeditionfoods.com/products/expedition-foods-emergency-rations-for-2-weeks,2026-08-05,
Expedition Foods,GB,expeditionfoods.com,250km Desert Race Vegetarian Nutrition Pack (1000kcal),,meal,5223,shopify_shipping_weight,low,358.00,GBP,68.54,119.26,yes,catalog_feed,https://expeditionfoods.com/products/250km-desert-race-vegetarian-nutrition-pack-1000kcal,2026-08-05,
Expedition Foods,GB,expeditionfoods.com,RacingThePlanet Ultramarathon 250km Vegetarian Nutrition Pack (1000kcal),,meal,5223,shopify_shipping_weight,low,358.00,GBP,68.54,119.26,yes,catalog_feed,https://expeditionfoods.com/products/racingtheplanet-ultramarathon-250km-vegetarian-nutrition-pack-1000kcal,2026-08-05,
Expedition Foods,GB,expeditionfoods.com,250km Desert Race Nutrition Pack (1000kcal),,meal,5314,shopify_shipping_weight,low,360.00,GBP,67.75,117.88,yes,catalog_feed,https://expeditionfoods.com/products/250km-desert-race-nutrition-pack-1000kcal,2026-08-05,
Expedition Foods,GB,expeditionfoods.com,RacingThePlanet Ultramarathon 250km Nutrition Pack (1000kcal),,meal,5314,shopify_shipping_weight,low,360.00,GBP,67.75,117.88,yes,catalog_feed,https://expeditionfoods.com/products/racingtheplanet-ultramarathon-250km-nutrition-pack-1000kcal,2026-08-05,
Expedition Foods,GB,expeditionfoods.com,RacingThePlanet Ultramarathon 250km Nutrition Pack,,meal,4641,shopify_shipping_weight,low,352.00,GBP,75.85,131.97,yes,catalog_feed,https://expeditionfoods.com/products/racingtheplanet-ultramarathon-250km-nutrition-pack,2026-08-05,
Expedition Foods,GB,expeditionfoods.com,GU Energy Gel,Strawberry Banana,meal,50,shopify_shipping_weight,low,4.00,GBP,80.00,139.20,no,catalog_feed,https://expeditionfoods.com/products/gu-energy-gel,2026-08-05,
Expedition Foods,GB,expeditionfoods.com,GU Energy Gel,Salted Caramel,meal,50,shopify_shipping_weight,low,4.00,GBP,80.00,139.20,no,catalog_feed,https://expeditionfoods.com/products/gu-energy-gel,2026-08-05,
Expedition Foods,GB,expeditionfoods.com,GU Energy Gel,Tri-Berry,meal,50,shopify_shipping_weight,low,4.00,GBP,80.00,139.20,no,catalog_feed,https://expeditionfoods.com/products/gu-energy-gel,2026-08-05,
Expedition Foods,GB,expeditionfoods.com,GU Energy Gel,Vanilla Bean,meal,50,shopify_shipping_weight,low,4.00,GBP,80.00,139.20,no,catalog_feed,https://expeditionfoods.com/products/gu-energy-gel,2026-08-05,
Expedition Foods,GB,expeditionfoods.com,GU Energy Gel,Lemon Sublime,meal,50,shopify_shipping_weight,low,4.00,GBP,80.00,139.20,no,catalog_feed,https://expeditionfoods.com/products/gu-energy-gel,2026-08-05,
Expedition Foods,GB,expeditionfoods.com,GU Energy Gel,Mandarin-Orange,meal,50,shopify_shipping_weight,low,4.00,GBP,80.00,139.20,yes,catalog_feed,https://expeditionfoods.com/products/gu-energy-gel,2026-08-05,
Expedition Foods,GB,expeditionfoods.com,GU Energy Gel,Chocolate Outrage,meal,50,shopify_shipping_weight,low,4.00,GBP,80.00,139.20,no,catalog_feed,https://expeditionfoods.com/products/gu-energy-gel,2026-08-05,
Expedition Foods,GB,expeditionfoods.com,GU Energy Gel,Espresso Love,meal,50,shopify_shipping_weight,low,4.00,GBP,80.00,139.20,no,catalog_feed,https://expeditionfoods.com/products/gu-energy-gel,2026-08-05,
Expedition Foods,GB,expeditionfoods.com,GU Energy Gel,Mint Chocolate,meal,50,shopify_shipping_weight,low,4.00,GBP,80.00,139.20,no,catalog_feed,https://expeditionfoods.com/products/gu-energy-gel,2026-08-05,
Expedition Foods,GB,expeditionfoods.com,GU Energy Gel,Jet Blackberry,meal,50,shopify_shipping_weight,low,4.00,GBP,80.00,139.20,no,catalog_feed,https://expeditionfoods.com/products/gu-energy-gel,2026-08-05,
Expedition Foods,GB,expeditionfoods.com,GU Energy Gel,Salted Watermelon,meal,50,shopify_shipping_weight,low,4.00,GBP,80.00,139.20,no,catalog_feed,https://expeditionfoods.com/products/gu-energy-gel,2026-08-05,
Expedition Foods,GB,expeditionfoods.com,GU Energy Gel,Caramel Macchiato,meal,50,shopify_shipping_weight,low,4.00,GBP,80.00,139.20,no,catalog_feed,https://expeditionfoods.com/products/gu-energy-gel,2026-08-05,
Expedition Foods,GB,expeditionfoods.com,Expedition Foods Emergency Rations for 12 Months,,meal,,none,none,16972.00,GBP,,,yes,catalog_feed,https://expeditionfoods.com/products/expedition-foods-emergency-rations-for-12-months,2026-08-05,
Expedition Foods,GB,expeditionfoods.com,Expedition Foods Emergency Rations for 6 Months,,meal,,none,none,8356.00,GBP,,,yes,catalog_feed,https://expeditionfoods.com/products/expedition-foods-emergency-rations-for-6-month-s,2026-08-05,
Expedition Foods,GB,expeditionfoods.com,Expedition Foods Emergency Rations for 3 Months,,meal,,none,none,4174.00,GBP,,,yes,catalog_feed,https://expeditionfoods.com/products/expedition-foods-emergency-rations-for-3-month,2026-08-05,
Expedition Foods,GB,expeditionfoods.com,Expedition Foods Emergency Rations for 1 Month,,meal,14964,shopify_shipping_weight,low,1393.00,GBP,93.09,161.98,yes,catalog_feed,https://expeditionfoods.com/products/expedition-foods-emergency-rations-for-1-month,2026-08-05,
Expedition Foods,GB,expeditionfoods.com,Expedition Foods Emergency Rations for 1 Week,,meal,3506,shopify_shipping_weight,low,324.00,GBP,92.41,160.80,yes,catalog_feed,https://expeditionfoods.com/products/expedition-foods-emergency-rations-for-1-week,2026-08-05,
Expedition Foods,GB,expeditionfoods.com,SaltStick Caps,100 Capsules,meal,100,shopify_shipping_weight,low,42.00,GBP,,,yes,catalog_feed,https://expeditionfoods.com/products/saltstick-caps,2026-08-05,implausible_from_shipping_weight_cad(731)
Expedition Foods,GB,expeditionfoods.com,SaltStick Caps,30 Capsules,meal,100,shopify_shipping_weight,low,18.00,GBP,180.00,313.20,no,catalog_feed,https://expeditionfoods.com/products/saltstick-caps,2026-08-05,
Expedition Foods,GB,expeditionfoods.com,Switzerland Patches (set of 8),,other,60,shopify_shipping_weight,low,14.00,GBP,233.33,406.00,yes,catalog_feed,https://expeditionfoods.com/products/switzerland-patches-set-of-8,2026-08-05,
Expedition Foods,GB,expeditionfoods.com,Norway Patches (set of 8),,other,60,shopify_shipping_weight,low,14.00,GBP,233.33,406.00,yes,catalog_feed,https://expeditionfoods.com/products/norway-patches-set-of-8,2026-08-05,
Expedition Foods,GB,expeditionfoods.com,Italy Patches (set of 8),,other,60,shopify_shipping_weight,low,14.00,GBP,233.33,406.00,yes,catalog_feed,https://expeditionfoods.com/products/italy-patches-set-of-8,2026-08-05,
Expedition Foods,GB,expeditionfoods.com,England Patches (set of 8),,other,60,shopify_shipping_weight,low,14.00,GBP,233.33,406.00,yes,catalog_feed,https://expeditionfoods.com/products/england-patches-set-of-8,2026-08-05,
Expedition Foods,GB,expeditionfoods.com,Serbia Patches (set of 8),,other,60,shopify_shipping_weight,low,14.00,GBP,233.33,406.00,yes,catalog_feed,https://expeditionfoods.com/products/serbia-patches-set-of-8,2026-08-05,
Expedition Foods,GB,expeditionfoods.com,Netherlands Patches (set of 8),,other,60,shopify_shipping_weight,low,14.00,GBP,233.33,406.00,yes,catalog_feed,https://expeditionfoods.com/products/netherlands-patches-set-of-8,2026-08-05,
Expedition Foods,GB,expeditionfoods.com,France Patches (set of 8),,other,60,shopify_shipping_weight,low,14.00,GBP,233.33,406.00,yes,catalog_feed,https://expeditionfoods.com/products/france-patches-set-of-8,2026-08-05,
Expedition Foods,GB,expeditionfoods.com,Scotland Patches (set of 8),,other,60,shopify_shipping_weight,low,14.00,GBP,233.33,406.00,yes,catalog_feed,https://expeditionfoods.com/products/scotland-patches-set-of-8,2026-08-05,
Expedition Foods,GB,expeditionfoods.com,Spain Patches (set of 8),,other,60,shopify_shipping_weight,low,14.00,GBP,233.33,406.00,yes,catalog_feed,https://expeditionfoods.com/products/spain-patches-set-of-8,2026-08-05,
Expedition Foods,GB,expeditionfoods.com,Wales Patches (set of 8),,other,60,shopify_shipping_weight,low,14.00,GBP,233.33,406.00,yes,catalog_feed,https://expeditionfoods.com/products/wales-patches-set-of-8,2026-08-05,
Expedition Foods,GB,expeditionfoods.com,Poland Patches (set of 8),,other,60,shopify_shipping_weight,low,14.00,GBP,233.33,406.00,yes,catalog_feed,https://expeditionfoods.com/products/poland-patches-set-of-8,2026-08-05,
Expedition Foods,GB,expeditionfoods.com,Denmark Patches (set of 8),,other,60,shopify_shipping_weight,low,14.00,GBP,233.33,406.00,yes,catalog_feed,https://expeditionfoods.com/products/denmark-patches-set-of-8,2026-08-05,
Expedition Foods,GB,expeditionfoods.com,Ireland Patches (set of 8),,other,60,shopify_shipping_weight,low,14.00,GBP,233.33,406.00,yes,catalog_feed,https://expeditionfoods.com/products/ireland-patches-set-of-8,2026-08-05,
Expedition Foods,GB,expeditionfoods.com,Slovak Republic Patches (set of 8),,other,60,shopify_shipping_weight,low,14.00,GBP,233.33,406.00,yes,catalog_feed,https://expeditionfoods.com/products/slovak-republic-patches-set-of-8,2026-08-05,
Expedition Foods,GB,expeditionfoods.com,United Kingdom Patches (set of 8),,other,60,shopify_shipping_weight,low,14.00,GBP,233.33,406.00,yes,catalog_feed,https://expeditionfoods.com/products/united-kingdom-patches-set-of-8,2026-08-05,
Expedition Foods,GB,expeditionfoods.com,Germany Patches (set of 8),,other,60,shopify_shipping_weight,low,14.00,GBP,233.33,406.00,yes,catalog_feed,https://expeditionfoods.com/products/germany-patches-set-of-8,2026-08-05,
Expedition Foods,GB,expeditionfoods.com,Hungary Patches (set of 8),,other,60,shopify_shipping_weight,low,14.00,GBP,233.33,406.00,yes,catalog_feed,https://expeditionfoods.com/products/hungary-patches-set-of-8,2026-08-05,
Expedition Foods,GB,expeditionfoods.com,Luxembourg Patches (set of 8),,other,60,shopify_shipping_weight,low,14.00,GBP,233.33,406.00,yes,catalog_feed,https://expeditionfoods.com/products/luxembourg-patches-set-of-8,2026-08-05,
Expedition Foods,GB,expeditionfoods.com,Sweden Patches (set of 8),,other,60,shopify_shipping_weight,low,14.00,GBP,233.33,406.00,yes,catalog_feed,https://expeditionfoods.com/products/sweden-patches-set-of-8,2026-08-05,
Expedition Foods,GB,expeditionfoods.com,Belgium Patches (set of 8),,other,60,shopify_shipping_weight,low,14.00,GBP,233.33,406.00,yes,catalog_feed,https://expeditionfoods.com/products/belgium-patches-set-of-8,2026-08-05,
Expedition Foods,GB,expeditionfoods.com,250km Desert Race Nutrition Pack,,meal,4641,shopify_shipping_weight,low,352.00,GBP,75.85,131.97,yes,catalog_feed,https://expeditionfoods.com/products/250km-desert-race-nutrition-pack,2026-08-05,
Expedition Foods,GB,expeditionfoods.com,250km Desert Race Vegetarian Nutrition Pack,,meal,4633,shopify_shipping_weight,low,350.00,GBP,75.55,131.45,yes,catalog_feed,https://expeditionfoods.com/products/250km-desert-race-vegetarian-nutrition-pack,2026-08-05,
Expedition Foods,GB,expeditionfoods.com,The Rough Country Emergency Blanket,,other,100,shopify_shipping_weight,low,2.00,GBP,20.00,34.80,yes,catalog_feed,https://expeditionfoods.com/products/the-rough-country-emergency-blanket,2026-08-05,
Expedition Foods,GB,expeditionfoods.com,RacingThePlanet Safety Pins (set of 20 pcs),,other,50,shopify_shipping_weight,low,5.00,GBP,100.00,174.00,yes,catalog_feed,https://expeditionfoods.com/products/racingtheplanet-safety-pins-set-of-20-pcs,2026-08-05,
Expedition Foods,GB,expeditionfoods.com,Expedition Foods Unbreakable Spoon,,meal,60,shopify_shipping_weight,low,3.00,GBP,50.00,87.00,yes,catalog_feed,https://expeditionfoods.com/products/expedition-foods-unbreakable-spoon,2026-08-05,
Expedition Foods,GB,expeditionfoods.com,The Rough Country Lite Towels (Tube of 8),,meal,60,shopify_shipping_weight,low,4.00,GBP,66.67,116.00,yes,catalog_feed,https://expeditionfoods.com/products/the-rough-country-lite-towels-tube-of-8,2026-08-05,
Expedition Foods,GB,expeditionfoods.com,RacingThePlanet Ultramarathon 250km Vegetarian Nutrition Pack,,meal,4633,shopify_shipping_weight,low,350.00,GBP,75.55,131.45,yes,catalog_feed,https://expeditionfoods.com/products/racingtheplanet-ultramarathon-250km-vegetarian-nutrition-pack,2026-08-05,
Expedition Foods,GB,expeditionfoods.com,Expedition Foods Dessert Sample Pack (Dessert Range),,meal,337,shopify_shipping_weight,low,42.00,GBP,124.63,216.85,yes,catalog_feed,https://expeditionfoods.com/products/expedition-foods-dessert-sample-pack-dessert-range,2026-08-05,
Expedition Foods,GB,expeditionfoods.com,Clif Shot Bloks,Strawberry,meal,60,net_weight_declared,high,5.00,GBP,83.33,145.00,yes,catalog_feed,https://expeditionfoods.com/products/clif-shot-bloks,2026-08-05,
Expedition Foods,GB,expeditionfoods.com,Clif Shot Bloks,Margarita Citrus,meal,60,net_weight_declared,high,5.00,GBP,83.33,145.00,yes,catalog_feed,https://expeditionfoods.com/products/clif-shot-bloks,2026-08-05,
Expedition Foods,GB,expeditionfoods.com,Clif Shot Bloks,Mountain Berry,meal,60,net_weight_declared,high,5.00,GBP,83.33,145.00,no,catalog_feed,https://expeditionfoods.com/products/clif-shot-bloks,2026-08-05,
Expedition Foods,GB,expeditionfoods.com,Clif Shot Bloks,Black Cherry,meal,60,net_weight_declared,high,5.00,GBP,83.33,145.00,no,catalog_feed,https://expeditionfoods.com/products/clif-shot-bloks,2026-08-05,
Expedition Foods,GB,expeditionfoods.com,Clif Shot Bloks,Tropical Punch,meal,60,net_weight_declared,high,5.00,GBP,83.33,145.00,no,catalog_feed,https://expeditionfoods.com/products/clif-shot-bloks,2026-08-05,
Expedition Foods,GB,expeditionfoods.com,Rice Pudding with Cinnamon (Breakfast/Dessert Range) | Freeze-Dried Meal,450KCAL,meal,109,shopify_shipping_weight,low,14.00,GBP,128.44,223.49,yes,catalog_feed,https://expeditionfoods.com/products/rice-pudding-with-cinnamon-dessert-range,2026-08-05,
Expedition Foods,GB,expeditionfoods.com,Rice Pudding with Cinnamon (Breakfast/Dessert Range) | Freeze-Dried Meal,Case of 60,meal,6540,shopify_shipping_weight,low,824.00,GBP,125.99,219.23,yes,catalog_feed,https://expeditionfoods.com/products/rice-pudding-with-cinnamon-dessert-range,2026-08-05,
Expedition Foods,GB,expeditionfoods.com,Custard with Mixed Berries (Breakfast/Dessert Range) | Freeze-Dried Meal,450KCAL,meal,104,shopify_shipping_weight,low,15.00,GBP,144.23,250.96,yes,catalog_feed,https://expeditionfoods.com/products/custard-with-mixed-berries-dessert-range,2026-08-05,
Expedition Foods,GB,expeditionfoods.com,Custard with Mixed Berries (Breakfast/Dessert Range) | Freeze-Dried Meal,Case of 60,meal,7030,shopify_shipping_weight,low,865.00,GBP,123.04,214.10,yes,catalog_feed,https://expeditionfoods.com/products/custard-with-mixed-berries-dessert-range,2026-08-05,
Expedition Foods,GB,expeditionfoods.com,Custard with Apple (Breakfast/Dessert Range) | Freeze-Dried Meal,450KCAL,meal,104,shopify_shipping_weight,low,15.00,GBP,144.23,250.96,yes,catalog_feed,https://expeditionfoods.com/products/custard-with-apple-dessert-range,2026-08-05,
Expedition Foods,GB,expeditionfoods.com,Custard with Apple (Breakfast/Dessert Range) | Freeze-Dried Meal,Case of 60,meal,6970,shopify_shipping_weight,low,865.00,GBP,124.10,215.94,yes,catalog_feed,https://expeditionfoods.com/products/custard-with-apple-dessert-range,2026-08-05,
Expedition Foods,GB,expeditionfoods.com,Chocolate Chip Biscuit Pudding (Breakfast/Dessert Range) | Freeze-Dried Meal,450KCAL,candy,124,shopify_shipping_weight,low,14.00,GBP,112.90,196.45,yes,catalog_feed,https://expeditionfoods.com/products/chocolate-chip-biscuit-pudding-dessert-range,2026-08-05,
Expedition Foods,GB,expeditionfoods.com,Chocolate Chip Biscuit Pudding (Breakfast/Dessert Range) | Freeze-Dried Meal,Case of 60,candy,8400,shopify_shipping_weight,low,783.00,GBP,93.21,162.19,yes,catalog_feed,https://expeditionfoods.com/products/chocolate-chip-biscuit-pudding-dessert-range,2026-08-05,
Freeze Dried Depot,US,freezedrieddepot.com,Halloween Treats Pack - Best Value - FREE Shipping,,candy,680,shopify_shipping_weight,low,35.00,USD,51.47,70.51,no,catalog_feed,https://freezedrieddepot.com/products/halloween-value-pack,2026-08-05,
Freeze Dried Depot,US,freezedrieddepot.com,Freeze Dried Caramel Apple Fries,Net WT 1.0 OZ,candy,28,variant_title,high,9.50,USD,339.29,464.82,no,catalog_feed,https://freezedrieddepot.com/products/freeze-dried-caramel-apple-fries,2026-08-05,
Freeze Dried Depot,US,freezedrieddepot.com,Freeze Dried Caramel Apple Taffy,,candy,28,shopify_shipping_weight,low,9.00,USD,321.43,440.36,no,catalog_feed,https://freezedrieddepot.com/products/freeze-dried-caramel-apple-taffy,2026-08-05,
Freeze Dried Depot,US,freezedrieddepot.com,Freeze Dried Candy Corn Taffy,,candy,28,shopify_shipping_weight,low,9.00,USD,321.43,440.36,no,catalog_feed,https://freezedrieddepot.com/products/freeze-dried-candy-corn-taffy,2026-08-05,
Freeze Dried Depot,US,freezedrieddepot.com,Freeze Dried Orange Vanilla Cream Ice Cream,2.75 NET OZ,ice_cream,64,shopify_shipping_weight,low,12.00,USD,187.50,256.88,no,catalog_feed,https://freezedrieddepot.com/products/freeze-dried-orange-vanilla-cream-ice-cream,2026-08-05,
Freeze Dried Depot,US,freezedrieddepot.com,Freeze Dried White Chocolate Raspberry Ice Cream,2.25 NET OZ,ice_cream,64,shopify_shipping_weight,low,12.00,USD,187.50,256.88,no,catalog_feed,https://freezedrieddepot.com/products/copy-of-freeze-dried-white-chocolate-raspberry-ice-cream,2026-08-05,
Freeze Dried Depot,US,freezedrieddepot.com,Freeze Dried Huckleberry Ice Cream,2.75 NET OZ,ice_cream,64,shopify_shipping_weight,low,12.00,USD,187.50,256.88,no,catalog_feed,https://freezedrieddepot.com/products/freeze-dried-huckleberry-ice-cream,2026-08-05,
Freeze Dried Depot,US,freezedrieddepot.com,Freeze Dried Honey Bits,2.5 NET OZ,other,71,shopify_shipping_weight,low,10.00,USD,140.85,192.96,no,catalog_feed,https://freezedrieddepot.com/products/freeze-dried-honey-bits,2026-08-05,
Freeze Dried Depot,US,freezedrieddepot.com,Freeze Dried Cocoa Vanilla Puffs,,candy,85,shopify_shipping_weight,low,10.00,USD,117.65,161.18,no,catalog_feed,https://freezedrieddepot.com/products/freeze-dried-cocoa-vanilla-puffs,2026-08-05,
Freeze Dried Depot,US,freezedrieddepot.com,Freeze Dried Rocky Road Ice Cream,2.75 NET OZ,ice_cream,64,shopify_shipping_weight,low,12.00,USD,187.50,256.88,no,catalog_feed,https://freezedrieddepot.com/products/freeze-dried-rocky-road-ice-cream,2026-08-05,
Freeze Dried Depot,US,freezedrieddepot.com,Freeze Dried Shriekers,Standard Bag - 4.25 net oz,other,142,shopify_shipping_weight,low,10.00,USD,70.42,96.48,no,catalog_feed,https://freezedrieddepot.com/products/freeze-dried-shriekers,2026-08-05,
Freeze Dried Depot,US,freezedrieddepot.com,Freeze Dried Taffy - Banana Strawberry,,candy,85,shopify_shipping_weight,low,8.00,USD,94.12,128.94,no,catalog_feed,https://freezedrieddepot.com/products/freeze-dried-taffy-banana-strawberry,2026-08-05,
Freeze Dried Depot,US,freezedrieddepot.com,Wild Berry Freeze Dried Candies,4.50 NET OZ,fruit,120,shopify_shipping_weight,low,10.00,USD,83.33,114.17,no,catalog_feed,https://freezedrieddepot.com/products/wild-berry-freeze-dried-skittles™,2026-08-05,
Freeze Dried Depot,US,freezedrieddepot.com,Wild Berry Freeze Dried Candies,Large Bag,fruit,425,shopify_shipping_weight,low,23.00,USD,54.12,74.14,no,catalog_feed,https://freezedrieddepot.com/products/wild-berry-freeze-dried-skittles™,2026-08-05,
Freeze Dried Depot,US,freezedrieddepot.com,Freeze Dried Taffy - Huckleberry,,candy,28,shopify_shipping_weight,low,9.00,USD,321.43,440.36,no,catalog_feed,https://freezedrieddepot.com/products/freeze-dried-taffy-huckleberry,2026-08-05,
Freeze Dried Depot,US,freezedrieddepot.com,Freeze Dried Original Crunchy Candies,4.50 NET OZ,candy,120,shopify_shipping_weight,low,10.00,USD,83.33,114.17,no,catalog_feed,https://freezedrieddepot.com/products/freeze-dried-skittles,2026-08-05,
Freeze Dried Depot,US,freezedrieddepot.com,Freeze Dried Original Crunchy Candies,15.0 NET OZ,candy,425,shopify_shipping_weight,low,25.00,USD,58.82,80.59,no,catalog_feed,https://freezedrieddepot.com/products/freeze-dried-skittles,2026-08-05,
Freeze Dried Depot,US,freezedrieddepot.com,Freeze Dried Original Crunchy Candies,1.0 NET OZ,candy,120,shopify_shipping_weight,low,3.50,USD,29.17,39.96,no,catalog_feed,https://freezedrieddepot.com/products/freeze-dried-skittles,2026-08-05,
Freeze Dried Depot,US,freezedrieddepot.com,Freeze Dried Caramel Crunch,2.5 NET OZ,candy,71,shopify_shipping_weight,low,10.00,USD,140.85,192.96,no,catalog_feed,https://freezedrieddepot.com/products/freeze-dried-caramel-crunch,2026-08-05,
Freeze Dried Depot,US,freezedrieddepot.com,Freeze Dried Puff Balls,Small,other,28,shopify_shipping_weight,low,8.00,USD,285.71,391.43,no,catalog_feed,https://freezedrieddepot.com/products/jolly-puffs,2026-08-05,
Freeze Dried Depot,US,freezedrieddepot.com,Freeze Dried Puff Balls,Large,other,28,shopify_shipping_weight,low,12.00,USD,428.57,587.14,no,catalog_feed,https://freezedrieddepot.com/products/jolly-puffs,2026-08-05,
Freeze Dried Depot,US,freezedrieddepot.com,Freeze Dried Fruit Puffs,Small bag - 4.0 net oz,fruit,227,shopify_shipping_weight,low,10.00,USD,44.05,60.35,no,catalog_feed,https://freezedrieddepot.com/products/freeze-dried-fruit-puffs,2026-08-05,
Freeze Dried Depot,US,freezedrieddepot.com,Freeze Dried Blueberries,1.25 NET OZ,fruit,,none,none,9.50,USD,,,no,catalog_feed,https://freezedrieddepot.com/products/freeze-dried-blueberries,2026-08-05,
Freeze Dried Depot,US,freezedrieddepot.com,Freeze Dried Blueberries,0.30 NET OZ,fruit,,none,none,3.50,USD,,,no,catalog_feed,https://freezedrieddepot.com/products/freeze-dried-blueberries,2026-08-05,
Freeze Dried Depot,US,freezedrieddepot.com,Freeze Dried Apples,Net WT 1.0 OZ,fruit,28,variant_title,high,9.00,USD,321.43,440.36,no,catalog_feed,https://freezedrieddepot.com/products/freeze-dried-apples,2026-08-05,
Freeze Dried Depot,US,freezedrieddepot.com,Freeze Dried Raspberries,0.70 NET OZ,fruit,,none,none,9.50,USD,,,no,catalog_feed,https://freezedrieddepot.com/products/freeze-dried-raspberries,2026-08-05,
Freeze Dried Depot,US,freezedrieddepot.com,Freeze Dried Strawberries,0.70 NET OZ,fruit,,none,none,9.50,USD,,,no,catalog_feed,https://freezedrieddepot.com/products/freeze-dried-strawberries,2026-08-05,
Freeze Dried Depot,US,freezedrieddepot.com,Freeze Dried Strawberry Ice Cream,2.75 NET OZ,ice_cream,57,shopify_shipping_weight,low,12.00,USD,210.53,288.42,no,catalog_feed,https://freezedrieddepot.com/products/freeze-dried-strawberry-ice-cream,2026-08-05,
Freeze Dried Depot,US,freezedrieddepot.com,Freeze Dried Ice Cream Sandwich Bites,2.75 NET OZ,ice_cream,71,shopify_shipping_weight,low,10.00,USD,140.85,192.96,no,catalog_feed,https://freezedrieddepot.com/products/freeze-dried-ice-cream-sandwich-bites,2026-08-05,
Freeze Dried Depot,US,freezedrieddepot.com,Freeze Dried Ice Cream Sandwich Bites,.75 NET OZ,ice_cream,71,shopify_shipping_weight,low,4.00,USD,56.34,77.18,no,catalog_feed,https://freezedrieddepot.com/products/freeze-dried-ice-cream-sandwich-bites,2026-08-05,
Freeze Dried Depot,US,freezedrieddepot.com,Freeze Dried Cookies & Cream Ice Cream,2.75 NET OZ,ice_cream,78,shopify_shipping_weight,low,12.00,USD,153.85,210.77,no,catalog_feed,https://freezedrieddepot.com/products/freeze-dried-cookies-cream-ice-cream,2026-08-05,
Freeze Dried Depot,US,freezedrieddepot.com,Freeze Dried Chocolate Peanut Butter Ice Cream,2.25 NET OZ,ice_cream,64,shopify_shipping_weight,low,12.00,USD,187.50,256.88,no,catalog_feed,https://freezedrieddepot.com/products/freeze-dried-chocolate-peanut-butter-ice-cream,2026-08-05,
Freeze Dry Wholesalers,US,freezedrywholesalers.com,[PRE-SALE] Freeze Dried Gourmet American-Chinese Inspired Fully Prepared Fried Rice,,meal,510,shopify_shipping_weight,low,42.62,USD,83.57,114.49,no,catalog_feed,https://freezedrywholesalers.com/products/pre-sale-freeze-dried-gourmet-american-chinese-inspired-fully-prepared-fried-rice-side-dish,2026-08-05,
Freeze Dry Wholesalers,US,freezedrywholesalers.com,Premium Freeze-Dried Boneless Pork Chops,3 Packages,meat,936,net_weight_declared_x3,high,184.18,USD,196.77,269.58,yes,catalog_feed,https://freezedrywholesalers.com/products/premium-freeze-dried-boneless-pork-chops,2026-08-05,
Freeze Dry Wholesalers,US,freezedrywholesalers.com,Premium Freeze-Dried Boneless Pork Chops,6 Packages,meat,1872,net_weight_declared_x6,high,342.65,USD,183.04,250.76,yes,catalog_feed,https://freezedrywholesalers.com/products/premium-freeze-dried-boneless-pork-chops,2026-08-05,
Freeze Dry Wholesalers,US,freezedrywholesalers.com,Premium Freeze-Dried Boneless Pork Chops,12 Packages,meat,3744,net_weight_declared_x12,high,599.64,USD,160.16,219.42,yes,catalog_feed,https://freezedrywholesalers.com/products/premium-freeze-dried-boneless-pork-chops,2026-08-05,
Freeze Dry Wholesalers,US,freezedrywholesalers.com,Freeze Dried Fully Cooked Seasoned Chicken Strips,3 Packages,meat,214,shopify_shipping_weight,low,513.98,USD,,,yes,catalog_feed,https://freezedrywholesalers.com/products/ready-cooked-freeze-dried-chicken-strips,2026-08-05,implausible_from_shipping_weight(2402)
Freeze Dry Wholesalers,US,freezedrywholesalers.com,Freeze Dried Fully Cooked Seasoned Chicken Strips,6 Packages,meat,214,shopify_shipping_weight,low,1027.96,USD,,,yes,catalog_feed,https://freezedrywholesalers.com/products/ready-cooked-freeze-dried-chicken-strips,2026-08-05,implausible_from_shipping_weight(4804)
Freeze Dry Wholesalers,US,freezedrywholesalers.com,Freeze Dried Fully Cooked Seasoned Chicken Strips,12 Packages,meat,214,shopify_shipping_weight,low,2055.92,USD,,,yes,catalog_feed,https://freezedrywholesalers.com/products/ready-cooked-freeze-dried-chicken-strips,2026-08-05,implausible_from_shipping_weight(9607)
Freeze Dry Wholesalers,US,freezedrywholesalers.com,"Freeze Dried Roasted Potato, Onion and Vegetable “All Day Hash”",,vegetable,340,shopify_shipping_weight,low,53.97,USD,158.74,217.47,yes,catalog_feed,https://freezedrywholesalers.com/products/freeze-roasted-potato-and-vegetable-all-day-hash,2026-08-05,
Freeze Dry Wholesalers,US,freezedrywholesalers.com,Freeze Dried Fully Cooked European-Style Potato Pancake,,vegetable,326,shopify_shipping_weight,low,43.90,USD,134.66,184.49,yes,catalog_feed,https://freezedrywholesalers.com/products/freeze-dried-fully-cooked-european-potato-pancake,2026-08-05,
Freeze Dry Wholesalers,US,freezedrywholesalers.com,Freeze Dried Fully Cooked Organic “Aussie Bites” - Baked Multi-Grain Muffins,,meal,198,net_weight_declared,high,34.62,USD,174.85,239.54,no,catalog_feed,https://freezedrywholesalers.com/products/freeze-dried-fully-cooked-organic-aussie-bites-baked-multi-grain-muffins,2026-08-05,
Freeze Dry Wholesalers,US,freezedrywholesalers.com,Freeze Dried Fully Cooked Shelled Edamame,,vegetable,255,shopify_shipping_weight,low,42.33,USD,166.00,227.42,yes,catalog_feed,https://freezedrywholesalers.com/products/freeze-dried-fully-cooked-edamame,2026-08-05,
Freeze Dry Wholesalers,US,freezedrywholesalers.com,Freeze Dried Uncooked Garden Veggie Burger Patties,,vegetable,405,shopify_shipping_weight,low,49.18,USD,121.43,166.36,no,catalog_feed,https://freezedrywholesalers.com/products/freeze-dried-uncooked-garden-veggie-burgers,2026-08-05,
Freeze Dry Wholesalers,US,freezedrywholesalers.com,Freeze Dried Fully Cooked Hash Brown Potato Patties,,vegetable,326,shopify_shipping_weight,low,41.83,USD,128.31,175.79,yes,catalog_feed,https://freezedrywholesalers.com/products/freeze-dried-hash-brown-potato-patties,2026-08-05,
Freeze Dry Wholesalers,US,freezedrywholesalers.com,Freeze Dried Strawberry Shortcake Combo,,fruit,950,shopify_shipping_weight,low,93.52,USD,98.44,134.87,yes,catalog_feed,https://freezedrywholesalers.com/products/freeze-dried-strawberry-shortcake-combo,2026-08-05,
Freeze Dry Wholesalers,US,freezedrywholesalers.com,Freeze Dried Tomato Powder,,vegetable,936,shopify_shipping_weight,low,68.17,USD,72.83,99.78,yes,catalog_feed,https://freezedrywholesalers.com/products/freeze-dried-tomato-powder,2026-08-05,
Freeze Dry Wholesalers,US,freezedrywholesalers.com,"[LIMITED PRODUCTION] Freeze Dried Fully Cooked Hash Brown, Bacon, Egg, Cheese and Bell Pepper Bites",,dairy,262,shopify_shipping_weight,low,51.75,USD,197.52,270.60,no,catalog_feed,https://freezedrywholesalers.com/products/pre-sale-freeze-dried-fully-cooked-french-toast-sticks-copy,2026-08-05,
Freeze Dry Wholesalers,US,freezedrywholesalers.com,"Freeze Dried Surf and Turf Filet Mignon Meal Deal Bundle/Combo - Six Packs Total; Freeze Dried Uncooked Filet Mignon, Wild Caught Shrimp, Roasted Redskin Potatoes and Veggies, Asparagus Tips and Triple Layer Chocolate Fudge Cake with Fresh Strawberries!",,candy,1451,shopify_shipping_weight,low,311.31,USD,214.55,293.93,no,catalog_feed,https://freezedrywholesalers.com/products/freeze-dried-surf-and-turf-filet-mignon-meal-deal-bundle-combo-five-packs-total-freeze-dried-uncooked-filet-mignon-wild-caught-shrimp-roasted-redskin-potatoes-and-veggies-asparagus-tips-and-triple-layer-chocolate-fudge-cake-with-fresh-strawberries-1,2026-08-05,
Freeze Dry Wholesalers,US,freezedrywholesalers.com,"Freeze Dried Cheeseburger Meal Deal Bundle/Combo - Four Packs Total; Freeze Dried Beef patties, Hamburger Buns, Cheddar Cheese and Lattice Cut Sweet Potato Fries!",,dairy,1225,shopify_shipping_weight,low,221.80,USD,181.06,248.05,yes,catalog_feed,https://freezedrywholesalers.com/products/freeze-dried-cheeseburger-meal-deal-bundle-combo-four-packs-total-freeze-dried-beef-patties-hamburger-buns-cheddar-cheese-and-lattice-cut-sweet-potato-fries-1,2026-08-05,
Freeze Dry Wholesalers,US,freezedrywholesalers.com,"Freeze Dried Fully Cooked Cheese Omelet Breakfast Meal Deal Bundle/Combo - Four Packs Total; Freeze Dried Cheese Omelets, Diced Potatoes, Chicken Breakfast Sausages and Buttermilk Biscuits!",,dairy,1089,shopify_shipping_weight,low,157.12,USD,144.28,197.66,no,catalog_feed,https://freezedrywholesalers.com/products/omelet-bundle-1,2026-08-05,
Freeze Dry Wholesalers,US,freezedrywholesalers.com,"Freeze Dried Fully Cooked Chicken Nugget Happy Meal Deal Bundle/Combo - Four Packs Total; Freeze Dried Panko Breaded Chicken Nuggets, Mac-n-Cheese Wedges, Broccoli Florets and Classic Pound Cake for Dessert!",,dairy,1179,shopify_shipping_weight,low,203.95,USD,172.99,236.99,yes,catalog_feed,https://freezedrywholesalers.com/products/freeze-dried-fully-cooked-chicken-nugget-happy-meal-deal-bundle-combo-four-packs-total-freeze-dried-panko-breaded-chicken-nuggets-mac-n-cheese-wedges-broccoli-florets-and-chocolate-chip-cookie-dough-for-dessert-1,2026-08-05,
Freeze Dry Wholesalers,US,freezedrywholesalers.com,Freeze Dried Strawberries and Chocolate Cake Combo Box,,candy,567,shopify_shipping_weight,low,81.17,USD,143.16,196.13,no,catalog_feed,https://freezedrywholesalers.com/products/freeze-dried-strawberries-and-chocolate-cake-combo-box,2026-08-05,
Freeze Dry Wholesalers,US,freezedrywholesalers.com,"Freeze Dried Fully Cooked Italian Meatball Dinner Meal Deal Bundle/Combo - Four Packs Total; Freeze Dried Fully Cooked Italian-Style Meatballs, Elbow Pasta, Diced Tomatoes and even the Parmesan Cheese!",,dairy,1361,shopify_shipping_weight,low,238.64,USD,175.34,240.22,yes,catalog_feed,https://freezedrywholesalers.com/products/italian-meatball-dinner-bundle,2026-08-05,
Freeze Dry Wholesalers,US,freezedrywholesalers.com,"Freeze Dried Classic Beef Stew Meal Deal Bundle/Combo - Four Packs Total; Freeze Dried Beef Stew Cubes, Diced Potatoes, Classic Vegetable Blend and even Chocolate Cupcakes for Dessert!",,candy,1361,shopify_shipping_weight,low,177.18,USD,130.18,178.35,yes,catalog_feed,https://freezedrywholesalers.com/products/freeze-dried-classic-beef-stew-meal-deal-bundle-combo-four-packs-total-freeze-dried-beef-stew-cubes-diced-potatoes-classic-vegetable-blend-and-even-chocolate-cupcakes-for-dessert-1,2026-08-05,
Freeze Dry Wholesalers,US,freezedrywholesalers.com,"Freeze Dried Chicken Stir Fry Meal Deal Bundle/Combo - Four Packs Total; Freeze Dried Chicken Breast Strips, Stir Fry Veggies, White Rice and Vegetable Egg Rolls!",,egg,1225,shopify_shipping_weight,low,191.97,USD,156.71,214.69,yes,catalog_feed,https://freezedrywholesalers.com/products/freeze-dried-fully-cooked-chicken-stir-fry-meal-deal-bundle-combo-four-packs-total-freeze-dried-chicken-breast-strips-stir-fry-veggies-fried-rice-and-vegetable-egg-rolls-1,2026-08-05,
Freeze Dry Wholesalers,US,freezedrywholesalers.com,"Freeze Dried Fully Cooked Scrambled Egg Breakfast Meal Deal Bundle/Combo - Four Packs Total; Freeze Dried Scrambled Eggs, Hash Brown Potatoes, Turkey Breakfast Sausages and Buttermilk Biscuits!",,dairy,1134,shopify_shipping_weight,low,183.96,USD,162.22,222.24,yes,catalog_feed,https://freezedrywholesalers.com/products/freeze-dried-fully-cooked-scrambled-egg-breakfast-meal-deal-bundle-combo-four-packs-total-freeze-dried-scrambled-eggs-hash-brown-potatoes-turkey-breakfast-sausages-and-french-toast-sticks,2026-08-05,
Freeze Dry Wholesalers,US,freezedrywholesalers.com,"Freeze Dried Fully Cooked Beef Fajita Fiesta Supreme Meal Deal Bundle/Combo - Six Packs Total; Freeze Dried Fully Cooked Beef Fajita Strips, Pepper and Onion Fajita, Black Bean and Roasted Corn, Chili Lime Rice, Salsa and Shredded Cheddar Jack Cheese!",,dairy,,none,none,309.67,USD,,,yes,catalog_feed,https://freezedrywholesalers.com/products/beef-fajita-fiesta-supreme-meal-deal-bundle,2026-08-05,
Freeze Dry Wholesalers,US,freezedrywholesalers.com,"Freeze Dried Holiday Turkey Dinner Bundle/Combo - Five Packs Total; Freeze Dried Fully Cooked Turkey Breast, Mashed Idahoan Potatoes, Cut Corn, Green Beans and Fresh Sliced Pumpkin Pie for Dessert!",,meat,,none,none,207.88,USD,,,yes,catalog_feed,https://freezedrywholesalers.com/products/holiday-dinner-bundle-1,2026-08-05,
Freeze Dry Wholesalers,US,freezedrywholesalers.com,"Freeze Dried Sirloin Steak Dinner Bundle/Combo - Four Packs Total; Freeze Dried Sirloin Steaks, Herb and Garlic Roasted Russet Potatoes and Fresh Sliced Yellow Summer Squash with NY Cheesecake for Dessert!",,dairy,1179,shopify_shipping_weight,low,220.51,USD,187.03,256.23,yes,catalog_feed,https://freezedrywholesalers.com/products/sirloin-steak-menu,2026-08-05,
Freeze Dry Wholesalers,US,freezedrywholesalers.com,LIMITED PRODUCTION Freeze Dried Fully Cooked New England Style Crab Cakes,,meat,357,shopify_shipping_weight,low,78.24,USD,219.16,300.25,no,catalog_feed,https://freezedrywholesalers.com/products/freeze-dried-fully-cooked-new-england-style-crabcakes,2026-08-05,
Freeze Dry Wholesalers,US,freezedrywholesalers.com,LIMITED PRODUCTION Freeze Dried Fully Cooked Plain Cream Cheese Stuffed Bagel Bites,,dairy,425,shopify_shipping_weight,low,49.61,USD,116.73,159.92,no,catalog_feed,https://freezedrywholesalers.com/products/freeze-dried-fully-cooked-plain-cream-cheese-stuffed-bagel-bites,2026-08-05,
Freeze Dry Wholesalers,US,freezedrywholesalers.com,LIMITED PRODUCTION Freeze Dried Fully Cooked Cream Cheese Stuffed Everything Bagel Bites,,dairy,425,shopify_shipping_weight,low,49.61,USD,116.73,159.92,no,catalog_feed,https://freezedrywholesalers.com/products/limited-production-freeze-dried-fully-cooked-plain-cream-cheese-stuffed-bagel-bites-copy,2026-08-05,
Freeze Dry Wholesalers,US,freezedrywholesalers.com,LIMITED PRODUCTION Freeze Dried Fully Cooked Cream Cheese Stuffed Cinnamon Bagel Bites,,dairy,425,shopify_shipping_weight,low,49.61,USD,116.73,159.92,no,catalog_feed,https://freezedrywholesalers.com/products/limited-production-freeze-dried-fully-cooked-cream-cheese-stuffed-cinnamon-bagel-bites,2026-08-05,
Freeze Dry Wholesalers,US,freezedrywholesalers.com,LIMITED PRODUCTION Freeze Dried Fully Cooked Cheddar and Jalapeño Cream Cheese Stuffed Bagel Bites,,dairy,425,shopify_shipping_weight,low,49.61,USD,116.73,159.92,no,catalog_feed,https://freezedrywholesalers.com/products/limited-production-freeze-dried-fully-cooked-cheddar-and-jalapeno-cream-cheese-stuffed-bagel-bites,2026-08-05,
Freeze Dry Wholesalers,US,freezedrywholesalers.com,Freeze Dried Fully Cooked Roasted Corn and Black Bean Fiesta Blend,,vegetable,399,shopify_shipping_weight,low,51.97,USD,130.25,178.44,yes,catalog_feed,https://freezedrywholesalers.com/products/freeze-dried-fully-cooked-roasted-corn-and-black-bean-fiesta-blend,2026-08-05,
Freeze Dry Wholesalers,US,freezedrywholesalers.com,Freeze Dried Gourmet Fully Prepared Chicken and Cilantro Wontons,,meat,283,shopify_shipping_weight,low,48.11,USD,170.00,232.90,no,catalog_feed,https://freezedrywholesalers.com/products/limited-production-freeze-dried-gourmet-fully-prepared-chicken-and-cilantro-wontons,2026-08-05,
Freeze Dry Wholesalers,US,freezedrywholesalers.com,[LIMITED PRODUCTION] Freeze Dried Authentic Sushi Grade Ahi Tuna Poke,,meat,198,shopify_shipping_weight,low,48.19,USD,243.38,333.44,no,catalog_feed,https://freezedrywholesalers.com/products/pre-sale-freeze-dried-authentic-freshly-made-fully-prepared-tuna-roll-sushi-copy,2026-08-05,
Freeze Dry Wholesalers,US,freezedrywholesalers.com,LIMITED PRODUCTION RUN Freeze Dried Black Angus USDA Prime Flat Iron Steaks,,meat,269,shopify_shipping_weight,low,83.74,USD,311.30,426.48,no,catalog_feed,https://freezedrywholesalers.com/products/limited-production-run-freeze-dried-black-angus-usda-prime-flat-iron-steaks,2026-08-05,
Freeze Dry Wholesalers,US,freezedrywholesalers.com,Freeze Dried Ready To Bake Chocolate Chip Scones,,candy,615,shopify_shipping_weight,low,40.26,USD,65.46,89.68,no,catalog_feed,https://freezedrywholesalers.com/products/freeze-dried-ready-to-bake-chocolate-chip-scones,2026-08-05,
Freeze Dry Wholesalers,US,freezedrywholesalers.com,Freeze Dried Ready To Bake Blueberry Scones,,fruit,624,net_weight_declared,high,55.54,USD,89.01,121.94,no,catalog_feed,https://freezedrywholesalers.com/products/freeze-dried-ready-to-bake-blueberry-scones,2026-08-05,
Freeze Dry Wholesalers,US,freezedrywholesalers.com,Freeze Dried Ready To Bake Cranberry Orange Scones,,fruit,737,shopify_shipping_weight,low,37.48,USD,50.85,69.67,no,catalog_feed,https://freezedrywholesalers.com/products/freeze-dried-ready-to-bake-cranberry-orange-scones,2026-08-05,
Freeze Dry Wholesalers,US,freezedrywholesalers.com,Freeze Dried Ready To Bake Raisin Scones,,meal,737,shopify_shipping_weight,low,40.90,USD,55.50,76.03,no,catalog_feed,https://freezedrywholesalers.com/products/freeze-dried-ready-to-bake-raisin-scones,2026-08-05,
Freeze Dry Wholesalers,US,freezedrywholesalers.com,Freeze Dried Ready To Bake Cinnamon Chip Scones,,meal,737,shopify_shipping_weight,low,44.19,USD,59.96,82.14,no,catalog_feed,https://freezedrywholesalers.com/products/freeze-dried-ready-to-bake-cinnamon-chip-scones,2026-08-05,
Freeze Dry Wholesalers,US,freezedrywholesalers.com,"[LIMITED PRODUCTION] Freeze Dried Authentic Freshly Made, Fully Prepared California Roll (SUSHI)",,meal,340,shopify_shipping_weight,low,48.69,USD,143.21,196.19,no,catalog_feed,https://freezedrywholesalers.com/products/pre-sale-freeze-dried-authentic-freshly-made-fully-prepared-california-roll-sushi,2026-08-05,
Freeze Dry Wholesalers,US,freezedrywholesalers.com,"[LIMITED PRODUCTION] Freeze Dried Authentic Freshly Made, Fully Prepared California Crunch Roll (SUSHI)",,meal,340,shopify_shipping_weight,low,54.04,USD,158.94,217.75,yes,catalog_feed,https://freezedrywholesalers.com/products/pre-sale-freeze-dried-authentic-freshly-made-fully-prepared-california-crunch-roll-sushi,2026-08-05,
Freeze Dry Wholesalers,US,freezedrywholesalers.com,"[LIMITED PRODUCTION] Freeze Dried Authentic Freshly Made, Fully Prepared Shrimp Tempura Roll (SUSHI)",,meat,340,shopify_shipping_weight,low,60.46,USD,177.82,243.62,no,catalog_feed,https://freezedrywholesalers.com/products/pre-sale-freeze-dried-authentic-freshly-made-fully-prepared-shrimp-tempura-roll-sushi,2026-08-05,
Freeze Dry Wholesalers,US,freezedrywholesalers.com,"[LIMITED PRODUCTION] Freeze Dried Authentic Freshly Made, Fully Prepared Classic Shrimp Roll (SUSHI)",,meat,340,shopify_shipping_weight,low,64.89,USD,190.85,261.47,yes,catalog_feed,https://freezedrywholesalers.com/products/pre-sale-freeze-dried-authentic-freshly-made-fully-prepared-classic-shrimp-roll-sushi,2026-08-05,
Freeze Dry Wholesalers,US,freezedrywholesalers.com,"[LIMITED PRODUCTION] Freeze Dried Authentic Freshly Made, Fully Prepared Dynamite Roll (SUSHI)",,meat,340,shopify_shipping_weight,low,64.39,USD,189.38,259.45,no,catalog_feed,https://freezedrywholesalers.com/products/pre-sale-freeze-dried-authentic-freshly-made-fully-prepared-dynamite-roll-sushi,2026-08-05,
Freeze Dry Wholesalers,US,freezedrywholesalers.com,"[LIMITED PRODUCTION] Freeze Dried Authentic Freshly Made, Fully Prepared Tuna Roll (SUSHI)",,meat,340,shopify_shipping_weight,low,64.46,USD,189.59,259.74,no,catalog_feed,https://freezedrywholesalers.com/products/pre-sale-freeze-dried-authentic-freshly-made-fully-prepared-tuna-roll-sushi,2026-08-05,
Freeze Dry Wholesalers,US,freezedrywholesalers.com,"[LIMITED PRODUCTION] Freeze Dried Authentic Freshly Made, Fully Prepared Wasabi Powder and Soy Sauce Powder",,powder,170,shopify_shipping_weight,low,71.39,USD,419.94,575.32,no,catalog_feed,https://freezedrywholesalers.com/products/pre-sale-freeze-dried-authentic-freshly-made-fully-prepared-wasabi-powder-and-soy-sauce-poder,2026-08-05,
Freeze Dry Wholesalers,US,freezedrywholesalers.com,[PRE-SALE] Freeze Dried Gourmet American-Chinese Inspired Fully Prepared Broccoli Beef Entree,,meat,156,shopify_shipping_weight,low,52.61,USD,337.24,462.02,no,catalog_feed,https://freezedrywholesalers.com/products/pre-sale-freeze-dried-fully-prepared-broccoli-beef-american-chinese-cuisine,2026-08-05,
Freeze Dry Wholesalers,US,freezedrywholesalers.com,[PRE-SALE] Freeze Dried Gourmet American-Chinese Inspired Fully Prepared Black Pepper Sirloin Steak Entree,,meat,156,shopify_shipping_weight,low,62.96,USD,403.59,552.92,no,catalog_feed,https://freezedrywholesalers.com/products/pre-sale-freeze-dried-gourmet-american-chinese-inspired-fully-prepared-black-pepper-steak-entree,2026-08-05,
Freeze Dry Wholesalers,US,freezedrywholesalers.com,[PRE-SALE] Freeze Dried Gourmet American-Chinese Inspired Fully Prepared String Bean Chicken Entree,,meat,142,shopify_shipping_weight,low,52.04,USD,366.48,502.08,no,catalog_feed,https://freezedrywholesalers.com/products/pre-sale-freeze-dried-gourmet-american-chinese-inspired-fully-prepared-black-pepper-sirloin-steak-entree-copy,2026-08-05,
Freeze Dry Wholesalers,US,freezedrywholesalers.com,[PRE-SALE] Freeze Dried Gourmet American-Chinese Inspired Fully Prepared Chow Mein,,meal,227,shopify_shipping_weight,low,42.69,USD,188.06,257.64,no,catalog_feed,https://freezedrywholesalers.com/products/pre-sale-freeze-dried-gourmet-american-chinese-inspired-fully-prepared-chow-mien,2026-08-05,
Freeze Dry Wholesalers,US,freezedrywholesalers.com,Freeze Dried Fully Cooked Caramelized Onions,,candy,936,shopify_shipping_weight,low,45.12,USD,48.21,66.04,yes,catalog_feed,https://freezedrywholesalers.com/products/freeze-dried-fully-cooked-carmalized-onions,2026-08-05,
Freeze Dry Wholesalers,US,freezedrywholesalers.com,Freeze Dried Lattice-Cut Sweet Potato Fries,,vegetable,227,shopify_shipping_weight,low,49.76,USD,219.21,300.31,yes,catalog_feed,https://freezedrywholesalers.com/products/freeze-dried-roasted-sweet-potatoes-copy,2026-08-05,
Freeze Dry Wholesalers,US,freezedrywholesalers.com,Freeze Dried Macaroni and Cheese,,dairy,425,shopify_shipping_weight,low,49.18,USD,115.72,158.53,yes,catalog_feed,https://freezedrywholesalers.com/products/freeze-dried-macaroni-and-cheese,2026-08-05,
Freeze Dry Wholesalers,US,freezedrywholesalers.com,Freeze Dried Fully Cooked Sliced Smoked Beef Brisket,,meat,356,shopify_shipping_weight,low,79.60,USD,223.60,306.33,no,catalog_feed,https://freezedrywholesalers.com/products/freeze-dried-fully-cooked-sliced-smoked-beef-brisket,2026-08-05,
Freeze Dry Wholesalers,US,freezedrywholesalers.com,Freeze Dried Fully Cooked Real Chopped Bacon,,meat,454,shopify_shipping_weight,low,55.32,USD,121.85,166.93,yes,catalog_feed,https://freezedrywholesalers.com/products/freeze-dried-cooked-canadian-bacon-copy,2026-08-05,
Freeze Dry Wholesalers,US,freezedrywholesalers.com,"Freeze Dried Multi-Grain Orzo, Red Quinoa and Vegetable Blend",,vegetable,439,shopify_shipping_weight,low,51.75,USD,117.88,161.50,yes,catalog_feed,https://freezedrywholesalers.com/products/freeze-dried-multi-grain-orzo-garbanzo-and-kale-copy,2026-08-05,
Freeze Dry Wholesalers,US,freezedrywholesalers.com,Freeze Dried Uncooked Wild Caught Alaskan Pollock Fish Sticks,,meat,213,shopify_shipping_weight,low,58.32,USD,273.80,375.11,yes,catalog_feed,https://freezedrywholesalers.com/products/freeze-dried-pollock-loins-copy,2026-08-05,
Freeze Dry Wholesalers,US,freezedrywholesalers.com,[LIMITED PRODUCTION] Freeze Dried Fully Cooked Scrambled Egg Patties,,egg,133,shopify_shipping_weight,low,46.76,USD,351.58,481.66,no,catalog_feed,https://freezedrywholesalers.com/products/pre-sale-freeze-dried-fully-cooked-scrambled-egg-patties,2026-08-05,
Freeze Dry Wholesalers,US,freezedrywholesalers.com,[LIMITED PRODUCTION]  Freeze Dried Fully Cooked Fried Whole Eggs with Cracked Pepper,,egg,166,shopify_shipping_weight,low,46.97,USD,282.95,387.64,no,catalog_feed,https://freezedrywholesalers.com/products/pre-sale-freeze-dried-fully-cooked-fried-whole-eggs-with-cracked-pepper,2026-08-05,
Freeze Dry Wholesalers,US,freezedrywholesalers.com,[LIMITED PRODUCTION] Freeze Dried Fully Cooked Fried Egg White Patties,,egg,61,shopify_shipping_weight,low,46.97,USD,,,no,catalog_feed,https://freezedrywholesalers.com/products/pre-sale-freeze-dried-fully-cooked-fried-egg-white-patties,2026-08-05,implausible_from_shipping_weight(770)
Freeze Dry Wholesalers,US,freezedrywholesalers.com,[LIMITED PRODUCTION]  Freeze Dried Fully Cooked French Toast Sticks,,meal,259,shopify_shipping_weight,low,49.68,USD,191.81,262.79,no,catalog_feed,https://freezedrywholesalers.com/products/pre-sale-freeze-dried-fully-cooked-belgian-waffle-sticks-copy,2026-08-05,
Freeze Dry Wholesalers,US,freezedrywholesalers.com,[LIMITED PRODUCTION] Freeze Dried Fully Cooked Cheddar Cheese Omelettes,,dairy,135,shopify_shipping_weight,low,48.04,USD,355.85,487.52,no,catalog_feed,https://freezedrywholesalers.com/products/pre-sale-freeze-dried-fully-cooked-hash-brown-bacon-egg-cheese-and-bell-pepper-bites-copy,2026-08-05,
Freeze Dry Wholesalers,US,freezedrywholesalers.com,[LIMITED PRODUCTION] Freeze Dried Fully Cooked Belgian Waffle Sticks,,meal,288,shopify_shipping_weight,low,45.40,USD,157.64,215.97,no,catalog_feed,https://freezedrywholesalers.com/products/pre-sale-freeze-dried-bacon-egg-and-cheese-biscuit-sandwich-copy,2026-08-05,
Freeze Dry Wholesalers,US,freezedrywholesalers.com,[Pre-Sale] Freeze Dried Spicy Chicken Sandwich,,meat,238,shopify_shipping_weight,low,59.04,USD,248.07,339.85,no,catalog_feed,https://freezedrywholesalers.com/products/freeze-dried-spicy-chicken-sandwich,2026-08-05,
Freeze Dry Wholesalers,US,freezedrywholesalers.com,[Pre-Sale] Freeze Dried Hamburger,,meal,170,shopify_shipping_weight,low,51.26,USD,301.53,413.10,no,catalog_feed,https://freezedrywholesalers.com/products/freeze-dried-hamburger,2026-08-05,
Freeze Dry Wholesalers,US,freezedrywholesalers.com,[Pre-Sale] Freeze Dried French Fried Potatoes,,vegetable,198,shopify_shipping_weight,low,46.33,USD,233.99,320.57,no,catalog_feed,https://freezedrywholesalers.com/products/freeze-dried-french-fried-potatoes,2026-08-05,
Freeze Dry Wholesalers,US,freezedrywholesalers.com,[Pre-Sale] Freeze Dried Filet of Fish Sandwich,,meat,235,shopify_shipping_weight,low,68.46,USD,291.32,399.11,no,catalog_feed,https://freezedrywholesalers.com/products/freeze-dried-filet-of-fish-sandwich,2026-08-05,
Freeze Dry Wholesalers,US,freezedrywholesalers.com,"[Pre-Sale] Freeze Dried Egg, Sausage and Cheese Muffin Sandwich",,dairy,251,shopify_shipping_weight,low,62.68,USD,249.72,342.12,no,catalog_feed,https://freezedrywholesalers.com/products/freeze-dried-egg-sausage-and-cheese-muffin-sandwich,2026-08-05,
Freeze Dry Wholesalers,US,freezedrywholesalers.com,"[Pre-Sale] Freeze Dried Egg, Canadian Bacon and Cheese Muffin Sandwich",,dairy,251,shopify_shipping_weight,low,62.68,USD,249.72,342.12,no,catalog_feed,https://freezedrywholesalers.com/products/freeze-dried-egg-canadian-bacon-and-cheese-muffin-sandwich,2026-08-05,
Freeze Dry Wholesalers,US,freezedrywholesalers.com,[Pre-Sale] Freeze Dried Cheese Burger,,dairy,204,shopify_shipping_weight,low,57.32,USD,280.98,384.94,no,catalog_feed,https://freezedrywholesalers.com/products/freeze-dried-cheese-burger,2026-08-05,
Freeze Dry Wholesalers,US,freezedrywholesalers.com,"[Pre-Sale] Freeze Dried Bacon, Egg and Cheese Griddle Sandwich",,dairy,241,shopify_shipping_weight,low,68.03,USD,282.28,386.73,no,catalog_feed,https://freezedrywholesalers.com/products/freeze-dried-bacon-egg-and-cheese-griddle-sandwich,2026-08-05,
Freeze Dry Wholesalers,US,freezedrywholesalers.com,"[Pre-Sale] Freeze Dried Bacon, Egg and Cheese Biscuit Sandwich",,dairy,241,shopify_shipping_weight,low,62.68,USD,260.08,356.31,no,catalog_feed,https://freezedrywholesalers.com/products/freeze-dried-bacon-egg-and-cheese-biscuit-sandwich,2026-08-05,
Freeze Dry Wholesalers,US,freezedrywholesalers.com,Freeze Dried Fully Cooked Beef and Lamb Gyros,,meat,268,shopify_shipping_weight,low,83.88,USD,312.99,428.79,yes,catalog_feed,https://freezedrywholesalers.com/products/freeze-dried-fully-cooked-beef-and-lamb-gyros,2026-08-05,
Freeze Dry Wholesalers,US,freezedrywholesalers.com,Freeze Dried Fully Cooked Chicken Gyros,,meat,269,shopify_shipping_weight,low,56.68,USD,210.71,288.67,yes,catalog_feed,https://freezedrywholesalers.com/products/freeze-dried-cooked-chicken-breakfast-sausage-copy,2026-08-05,
Freeze Dry Wholesalers,US,freezedrywholesalers.com,Freeze Dried Chocolate Cupcakes with Creamy Filling,,candy,330,shopify_shipping_weight,low,43.47,USD,131.73,180.47,yes,catalog_feed,https://freezedrywholesalers.com/products/freeze-dried-chocolate-cupcakes-with-creamy-filling-copy,2026-08-05,
Freeze Dry Wholesalers,US,freezedrywholesalers.com,Freeze Dried Golden Sponge Cake with Creamy Filling,,meal,367,shopify_shipping_weight,low,42.55,USD,115.94,158.84,yes,catalog_feed,https://freezedrywholesalers.com/products/freeze-dried-classic-sponge-cake-with-vanilla-filling-draft,2026-08-05,
Freeze Dry Wholesalers,US,freezedrywholesalers.com,Freeze Dried Halved and Whole Strawberries,,fruit,99,shopify_shipping_weight,low,43.19,USD,436.26,597.68,yes,catalog_feed,https://freezedrywholesalers.com/products/freeze-dried-strawberry-shortcake-combo-copy,2026-08-05,
Freeze Dry Wholesalers,US,freezedrywholesalers.com,Freeze Dried Fully Cooked Mini Vegetable Egg Rolls,,egg,255,net_weight_declared,high,59.68,USD,234.04,320.63,yes,catalog_feed,https://freezedrywholesalers.com/products/freeze-dried-fully-cooked-vegetable-egg-rolls,2026-08-05,
Freeze Dry Wholesalers,US,freezedrywholesalers.com,Freeze Dried Fully Cooked Gourmet Rocky Road Brownies,,meal,628,shopify_shipping_weight,low,48.47,USD,77.18,105.74,yes,catalog_feed,https://freezedrywholesalers.com/products/freeze-dried-gourmet-rocky-road-brownies,2026-08-05,
Freeze Dry Wholesalers,US,freezedrywholesalers.com,Freeze Dried Fully Cooked Gourmet Cheesecake Brownies,,dairy,561,shopify_shipping_weight,low,47.47,USD,84.62,115.92,yes,catalog_feed,https://freezedrywholesalers.com/products/freeze-dried-gourmet-cheesecake-brownies,2026-08-05,
Freeze Dry Wholesalers,US,freezedrywholesalers.com,Freeze Dried Freshly Wild Caught Uncooked Chilean Sea Bass,,meat,312,shopify_shipping_weight,low,139.13,USD,,,no,catalog_feed,https://freezedrywholesalers.com/products/freeze-dried-uncooked-chilean-sea-bass,2026-08-05,implausible_from_shipping_weight_cad(611)
Freeze Dry Wholesalers,US,freezedrywholesalers.com,Freeze Dried Fully Cooked Shredded Chicken Taquitos,,meat,383,shopify_shipping_weight,low,68.32,USD,178.38,244.38,yes,catalog_feed,https://freezedrywholesalers.com/products/freeze-dried-fully-cooked-shredded-chicken-taquitos,2026-08-05,
Freeze Dry Wholesalers,US,freezedrywholesalers.com,Freeze Dried Fully Cooked Beef Taquitos,,meat,369,shopify_shipping_weight,low,82.74,USD,224.23,307.19,yes,catalog_feed,https://freezedrywholesalers.com/products/freeze-dried-taquitos-beef,2026-08-05,
Freeze Dry Wholesalers,US,freezedrywholesalers.com,[Pre-Sale] Freeze Dried Parmesan Bread Bites,,meal,361,shopify_shipping_weight,low,52.54,USD,145.54,199.39,no,catalog_feed,https://freezedrywholesalers.com/products/pre-sale-freeze-dried-parmesan-bread-bites,2026-08-05,
Freeze Dry Wholesalers,US,freezedrywholesalers.com,[Pre-Sale] Freeze Dried Stuffed Cheese Bread,,dairy,283,shopify_shipping_weight,low,59.32,USD,209.61,287.17,no,catalog_feed,https://freezedrywholesalers.com/products/pre-sale-freeze-dried-stuffed-cheese-bread,2026-08-05,
Freeze Dry Wholesalers,US,freezedrywholesalers.com,Freeze Dried Pumpkin Seed and Flax Granola,,meal,666,shopify_shipping_weight,low,50.97,USD,76.53,104.85,yes,catalog_feed,https://freezedrywholesalers.com/products/freeze-dried-pumpkin-seed-flax-granola,2026-08-05,
Freeze Dry Wholesalers,US,freezedrywholesalers.com,Freeze Dried Crumbled Local Goat Cheese,,dairy,428,shopify_shipping_weight,low,68.89,USD,160.96,220.51,yes,catalog_feed,https://freezedrywholesalers.com/products/freeze-dried-crumbled-goat-cheese,2026-08-05,
Freeze Dry Wholesalers,US,freezedrywholesalers.com,Freeze Dried Shredded Pepper Jack Cheese,,dairy,489,shopify_shipping_weight,low,60.89,USD,124.52,170.59,yes,catalog_feed,https://freezedrywholesalers.com/products/freeze-dried-shredded-pepper-jack-cheese,2026-08-05,
Freeze Dry Wholesalers,US,freezedrywholesalers.com,Freeze Dried Wild Caught Alaskan Halibut,,meat,129,shopify_shipping_weight,low,76.24,USD,,,no,catalog_feed,https://freezedrywholesalers.com/products/freeze-dried-alaskan-halibut-filets,2026-08-05,implausible_from_shipping_weight_cad(810)
Freeze Dry Wholesalers,US,freezedrywholesalers.com,Freeze Dried Uncooked Pounded Veal Cutlets,,meat,184,shopify_shipping_weight,low,68.46,USD,372.07,509.73,no,catalog_feed,https://freezedrywholesalers.com/products/freeze-dried-uncooked-pounded-veal-cutlets,2026-08-05,
Freeze Dry Wholesalers,US,freezedrywholesalers.com,Freeze Dried Grilled Eggplant,,meal,57,shopify_shipping_weight,low,52.54,USD,,,yes,catalog_feed,https://freezedrywholesalers.com/products/freeze-dried-grilled-eggplant,2026-08-05,implausible_from_shipping_weight(922)
Freeze Dry Wholesalers,US,freezedrywholesalers.com,Freeze Dried Macaroni and Cheese Wedges,,dairy,425,shopify_shipping_weight,low,53.04,USD,124.80,170.98,yes,catalog_feed,https://freezedrywholesalers.com/products/freeze-dried-macaroni-and-cheese-wedges,2026-08-05,
Freeze Dry Wholesalers,US,freezedrywholesalers.com,Freeze Dried Mini Cornbread Loaves,,vegetable,454,shopify_shipping_weight,low,45.12,USD,99.38,136.16,yes,catalog_feed,https://freezedrywholesalers.com/products/freeze-dried-mini-cornbread-loaves,2026-08-05,
Freeze Dry Wholesalers,US,freezedrywholesalers.com,Freeze Dried Chopped Sea Clams,,meat,85,shopify_shipping_weight,low,60.96,USD,,,no,catalog_feed,https://freezedrywholesalers.com/products/freeze-dried-chopped-sea-clams,2026-08-05,implausible_from_shipping_weight(717)
Freeze Dry Wholesalers,US,freezedrywholesalers.com,Freeze Dried Uncooked Diced Chicken Thighs,,meat,142,net_weight_declared,high,60.18,USD,423.80,580.61,yes,catalog_feed,https://freezedrywholesalers.com/products/freeze-dried-diced-chicken-thighs,2026-08-05,
Freeze Dry Wholesalers,US,freezedrywholesalers.com,Freeze Dried Uncooked Chicken Breast Strips,,meat,142,shopify_shipping_weight,low,60.68,USD,427.32,585.43,yes,catalog_feed,https://freezedrywholesalers.com/products/freeze-dried-chicken-breast-strips,2026-08-05,
Freeze Dry Wholesalers,US,freezedrywholesalers.com,Pre-Sale Freeze Dried Chicken Breast Slider,,meat,235,shopify_shipping_weight,low,81.17,USD,345.40,473.20,no,catalog_feed,https://freezedrywholesalers.com/products/pre-sale-freeze-dried-chicken-breast-slider,2026-08-05,
Freeze Dry Wholesalers,US,freezedrywholesalers.com,Freeze Dried White Castle Hamburger Sliders,,meal,174,shopify_shipping_weight,low,73.46,USD,422.18,578.39,yes,catalog_feed,https://freezedrywholesalers.com/products/pre-sale-freeze-dried-hamburger-slider,2026-08-05,
Freeze Dry Wholesalers,US,freezedrywholesalers.com,Freeze Dried White Castle Cheeseburger Sliders,,dairy,220,shopify_shipping_weight,low,74.67,USD,339.41,464.99,no,catalog_feed,https://freezedrywholesalers.com/products/pre-sale-freeze-dried-cheeseburger-slider,2026-08-05,
Freeze Dry Wholesalers,US,freezedrywholesalers.com,Dried Uncooked Boneless Country-Style Pork Ribs,,meat,237,shopify_shipping_weight,low,88.45,USD,373.21,511.29,yes,catalog_feed,https://freezedrywholesalers.com/products/pre-sale-freeze-dried-uncooked-boneless-country-style-pork-ribs,2026-08-05,
Freeze Dry Wholesalers,US,freezedrywholesalers.com,Dried Uncooked Boneless Beef Short Ribs,,meat,291,shopify_shipping_weight,low,99.65,USD,342.44,469.14,yes,catalog_feed,https://freezedrywholesalers.com/products/pre-sale-freeze-dried-uncooked-boneless-beef-short-ribs,2026-08-05,
Freeze Dry Wholesalers,US,freezedrywholesalers.com,Freeze Dried Classic Mixed Vegetables,,vegetable,198,net_weight_declared,high,51.75,USD,261.36,358.07,yes,catalog_feed,https://freezedrywholesalers.com/products/freeze-dried-classic-mixed-vegetables,2026-08-05,
Freeze Dry Wholesalers,US,freezedrywholesalers.com,Freeze Dried Fully Cooked Seasoned Chicken Strips,,meat,213,shopify_shipping_weight,low,69.60,USD,326.76,447.66,yes,catalog_feed,https://freezedrywholesalers.com/products/freeze-dried-fully-cooked-chicken-strips,2026-08-05,
Freeze Dry Wholesalers,US,freezedrywholesalers.com,Freeze Dried Sugar Snap Peas,,vegetable,113,shopify_shipping_weight,low,48.19,USD,426.46,584.25,no,catalog_feed,https://freezedrywholesalers.com/products/freeze-dried-sugar-snap-peas,2026-08-05,
Freeze Dry Wholesalers,US,freezedrywholesalers.com,Freeze Dried Uncooked Carne Asada,,meat,191,shopify_shipping_weight,low,79.88,USD,418.22,572.96,yes,catalog_feed,https://freezedrywholesalers.com/products/freeze-dried-uncooked-carne-asada,2026-08-05,
Freeze Dry Wholesalers,US,freezedrywholesalers.com,Freeze Dried Fully Cooked Hamburger Buns,,meal,198,shopify_shipping_weight,low,42.55,USD,214.90,294.41,yes,catalog_feed,https://freezedrywholesalers.com/products/copy-of-freeze-dried-dinner-rolls,2026-08-05,
Freeze Dry Wholesalers,US,freezedrywholesalers.com,Freeze Dried Fully Cooked Green Chile Chicken Firecrackers,,meat,241,shopify_shipping_weight,low,69.03,USD,286.43,392.41,yes,catalog_feed,https://freezedrywholesalers.com/products/freeze-dried-fully-cooked-chicken-firecrackers,2026-08-05,
Freeze Dry Wholesalers,US,freezedrywholesalers.com,Freeze Dried Diced Green Bell Peppers,,vegetable,71,shopify_shipping_weight,low,45.26,USD,,,yes,catalog_feed,https://freezedrywholesalers.com/products/freeze-dried-diced-green-bell-peppers,2026-08-05,implausible_from_shipping_weight(637)
Freeze Dry Wholesalers,US,freezedrywholesalers.com,Freeze Dried Fully Cooked King Crab Legs,,meat,113,shopify_shipping_weight,low,209.16,USD,,,no,catalog_feed,https://freezedrywholesalers.com/products/freeze-dried-fully-cooked-king-crab-legs,2026-08-05,implausible_from_shipping_weight(1851)
Freeze Dry Wholesalers,US,freezedrywholesalers.com,Pre-Sale Freeze Dried Grass Fed Black Angus USDA Prime New York Strip Steaks,,meat,312,shopify_shipping_weight,low,101.01,USD,323.75,443.54,no,catalog_feed,https://freezedrywholesalers.com/products/freeze-dried-black-angus-usda-prime-new-york-strip-steaks,2026-08-05,
Freeze Dry Wholesalers,US,freezedrywholesalers.com,Pre-Sale Freeze Dried Fully Cooked Wild Caught Maine Lobster,,meat,149,shopify_shipping_weight,low,174.82,USD,,,no,catalog_feed,https://freezedrywholesalers.com/products/freeze-dried-cooked-maine-lobster,2026-08-05,implausible_from_shipping_weight(1173)
Freeze Dry Wholesalers,US,freezedrywholesalers.com,Freeze Dried Cut Leaf Spinach,,vegetable,74,shopify_shipping_weight,low,51.18,USD,,,yes,catalog_feed,https://freezedrywholesalers.com/products/freeze-dried-cut-leaf-spinach,2026-08-05,implausible_from_shipping_weight(692)
Freeze Dry Wholesalers,US,freezedrywholesalers.com,Freeze Dried Italian Green Beans,,vegetable,,none,none,46.90,USD,,,no,catalog_feed,https://freezedrywholesalers.com/products/freeze-dried-italian-green-beans,2026-08-05,
Freeze Dry Wholesalers,US,freezedrywholesalers.com,Freeze Dried Monterey Vegetable Blend,,vegetable,,none,none,49.26,USD,,,yes,catalog_feed,https://freezedrywholesalers.com/products/freeze-dried-monterey-vegetable-blend,2026-08-05,
Freeze Dry Wholesalers,US,freezedrywholesalers.com,Freeze Dried Exotic Grains and Fire Roasted Vegetables,,vegetable,354,shopify_shipping_weight,low,51.26,USD,144.80,198.38,yes,catalog_feed,https://freezedrywholesalers.com/products/freeze-dried-exotic-grains-and-fire-roasted-vegetables,2026-08-05,
Freeze Dry Wholesalers,US,freezedrywholesalers.com,Freeze Dried Fully Cooked Diced Onions,,vegetable,601,shopify_shipping_weight,low,42.76,USD,71.15,97.47,yes,catalog_feed,https://freezedrywholesalers.com/products/freeze-dried-fully-cooked-diced-onions,2026-08-05,
Freeze Dry Wholesalers,US,freezedrywholesalers.com,Freeze Dried Fully Cooked Pasta Shells,,meal,312,shopify_shipping_weight,low,46.76,USD,149.87,205.32,yes,catalog_feed,https://freezedrywholesalers.com/products/freeze-dried-fully-cooked-pasta-shells,2026-08-05,
Freeze Dry Wholesalers,US,freezedrywholesalers.com,Freeze Dried Asparagus,,vegetable,64,shopify_shipping_weight,low,49.54,USD,,,yes,catalog_feed,https://freezedrywholesalers.com/products/freeze-dried-asparagus-cuts-and-tips,2026-08-05,implausible_from_shipping_weight(774)
Freeze Dry Wholesalers,US,freezedrywholesalers.com,Freeze Dried Fully Cooked Rotini Pasta,,meal,326,shopify_shipping_weight,low,46.90,USD,143.87,197.10,yes,catalog_feed,https://freezedrywholesalers.com/products/freeze-dried-fully-cooked-rotini-pasta,2026-08-05,
Freeze Dry Wholesalers,US,freezedrywholesalers.com,Freeze Dried Fully Cooked Beef Fajita Strips,,meat,213,shopify_shipping_weight,low,74.96,USD,351.92,482.14,yes,catalog_feed,https://freezedrywholesalers.com/products/freeze-dried-fully-cooked-beef-fajita-strips,2026-08-05,
Freeze Dry Wholesalers,US,freezedrywholesalers.com,Freeze Dried Fully Cooked Beef Barbacoa,,meat,241,shopify_shipping_weight,low,66.75,USD,276.97,379.45,no,catalog_feed,https://freezedrywholesalers.com/products/freeze-dried-fully-cooked-beef-barbacoa,2026-08-05,
Freeze Dry Wholesalers,US,freezedrywholesalers.com,[Pre-Sale] Freeze Dried Deluxe Pizza,,meal,237,shopify_shipping_weight,low,65.60,USD,276.79,379.21,no,catalog_feed,https://freezedrywholesalers.com/products/pre-sale-freeze-dried-deluxe-pizza,2026-08-05,
Freeze Dry Wholesalers,US,freezedrywholesalers.com,[Pre-Sale] Freeze Dried Meat Lovers Pizza,,meat,230,shopify_shipping_weight,low,66.89,USD,290.83,398.43,no,catalog_feed,https://freezedrywholesalers.com/products/pre-sale-freeze-dried-meat-lovers-pizza,2026-08-05,
Freeze Dry Wholesalers,US,freezedrywholesalers.com,[Pre-Sale]  Freeze Dried Vegetable Pizza,,vegetable,268,shopify_shipping_weight,low,66.32,USD,247.46,339.02,no,catalog_feed,https://freezedrywholesalers.com/products/pre-sale-freeze-dried-veggie-pizza,2026-08-05,
Freeze Dry Wholesalers,US,freezedrywholesalers.com,[Pre-Sale] Freeze Dried Cheese Pizza,,dairy,238,shopify_shipping_weight,low,60.68,USD,254.96,349.29,no,catalog_feed,https://freezedrywholesalers.com/products/pre-sale-freeze-dried-cheese-pizza,2026-08-05,
Freeze Dry Wholesalers,US,freezedrywholesalers.com,[Pre-Sale] Freeze Dried Buffalo Chicken Pizza,,meat,264,shopify_shipping_weight,low,67.46,USD,255.53,350.08,no,catalog_feed,https://freezedrywholesalers.com/products/pre-sale-freeze-dried-buffalo-chicken-pizza,2026-08-05,
Freeze Dry Wholesalers,US,freezedrywholesalers.com,[Pre-Sale] Freeze Dried BBQ Chicken Pizza,,meat,274,shopify_shipping_weight,low,67.89,USD,247.77,339.45,no,catalog_feed,https://freezedrywholesalers.com/products/copy-of-pre-sale-freeze-dried-bbq-chicken-pizza,2026-08-05,
Freeze Dry Wholesalers,US,freezedrywholesalers.com,[Pre-Sale] Freeze Dried Pepperoni Pizza,,vegetable,259,shopify_shipping_weight,low,62.25,USD,240.35,329.28,no,catalog_feed,https://freezedrywholesalers.com/products/pre-sale-freeze-dried-pepperoni-pizza,2026-08-05,
Freeze Dry Wholesalers,US,freezedrywholesalers.com,Freeze Dried Fully Cooked and Lightly Seasoned Shredded Beef,,meat,186,shopify_shipping_weight,low,85.23,USD,,,yes,catalog_feed,https://freezedrywholesalers.com/products/freeze-dried-shredded-beef,2026-08-05,implausible_from_shipping_weight_cad(628)
Freeze Dry Wholesalers,US,freezedrywholesalers.com,Freeze Dried Fresh Salsa,,fruit,73,shopify_shipping_weight,low,58.04,USD,,,yes,catalog_feed,https://freezedrywholesalers.com/products/freeze-dried-salsa,2026-08-05,implausible_from_shipping_weight(795)
Freeze Dry Wholesalers,US,freezedrywholesalers.com,Freeze Roasted Redskin Potatoes and Jalapeños,,vegetable,229,shopify_shipping_weight,low,47.90,USD,209.17,286.56,yes,catalog_feed,https://freezedrywholesalers.com/products/freeze-roasted-redskin-potatoes-and-jalapeno,2026-08-05,
Freeze Dry Wholesalers,US,freezedrywholesalers.com,Freeze Roasted Herb and Garlic Russet Potatoes,,vegetable,255,shopify_shipping_weight,low,53.97,USD,211.65,289.96,yes,catalog_feed,https://freezedrywholesalers.com/products/freeze-roasted-herb-and-garlic-russet-potatoes,2026-08-05,
Freeze Dry Wholesalers,US,freezedrywholesalers.com,Freeze Dried Cauliflower,,vegetable,71,shopify_shipping_weight,low,46.96,USD,,,yes,catalog_feed,https://freezedrywholesalers.com/products/freeze-dried-cauliflower,2026-08-05,implausible_from_shipping_weight(661)
Freeze Dry Wholesalers,US,freezedrywholesalers.com,Freeze Dried Roasted Sweet Potatoes,,vegetable,191,shopify_shipping_weight,low,62.25,USD,325.92,446.51,yes,catalog_feed,https://freezedrywholesalers.com/products/freeze-dried-roasted-sweet-potatoes,2026-08-05,
Freeze Dry Wholesalers,US,freezedrywholesalers.com,Freeze Dried Roasted Root Vegetables,,vegetable,174,shopify_shipping_weight,low,66.39,USD,381.55,522.73,no,catalog_feed,https://freezedrywholesalers.com/products/freeze-dried-roasted-root-vegetables,2026-08-05,
Freeze Dry Wholesalers,US,freezedrywholesalers.com,PRE-SALE/PRE-ORDER Pack of Freeze Dried Black Angus USDA Prime Uncooked Whole Rib Eye Steaks,,meat,354,shopify_shipping_weight,low,103.15,USD,291.38,399.20,no,catalog_feed,https://freezedrywholesalers.com/products/freeze-dried-black-angus-usda-prime-ribeye-group-buy-pre-sale,2026-08-05,
Freeze Dry Wholesalers,US,freezedrywholesalers.com,Freeze Dried Diced Red Peppers,,vegetable,85,shopify_shipping_weight,low,41.40,USD,,,yes,catalog_feed,https://freezedrywholesalers.com/products/freeze-dried-diced-red-peppers,2026-08-05,implausible_from_shipping_weight_cad(667)
Freeze Dry Wholesalers,US,freezedrywholesalers.com,Freeze Dried Mirepoix,,fruit,71,shopify_shipping_weight,low,42.33,USD,,,yes,catalog_feed,https://freezedrywholesalers.com/products/freeze-dried-mirepoix,2026-08-05,implausible_from_shipping_weight_cad(817)
Freeze Dry Wholesalers,US,freezedrywholesalers.com,Freeze Dried Stir Fry Vegetable Mix,,vegetable,85,shopify_shipping_weight,low,50.33,USD,,,yes,catalog_feed,https://freezedrywholesalers.com/products/freeze-dried-stir-fry-vegetable-mix,2026-08-05,implausible_from_shipping_weight_cad(811)
Freeze Dry Wholesalers,US,freezedrywholesalers.com,Freeze Dried Sliced Portobellini Mushrooms,,vegetable,28,shopify_shipping_weight,low,46.47,USD,,,no,catalog_feed,https://freezedrywholesalers.com/products/freeze-dried-sliced-portobellini-mushrooms,2026-08-05,implausible_from_shipping_weight(1660)
Freeze Dry Wholesalers,US,freezedrywholesalers.com,Freeze Dried Sliced White Mushrooms,,vegetable,43,shopify_shipping_weight,low,42.69,USD,,,no,catalog_feed,https://freezedrywholesalers.com/products/freeze-dried-sliced-white-mushrooms,2026-08-05,implausible_from_shipping_weight(993)
Freeze Dry Wholesalers,US,freezedrywholesalers.com,Freeze Dried Whole Shiitake Mushrooms,,vegetable,43,shopify_shipping_weight,low,45.47,USD,,,no,catalog_feed,https://freezedrywholesalers.com/products/freeze-dried-whole-shiitake-mushrooms,2026-08-05,implausible_from_shipping_weight(1057)
Freeze Dry Wholesalers,US,freezedrywholesalers.com,Freeze Dried Sliced Crimini Mushrooms,,vegetable,57,shopify_shipping_weight,low,43.76,USD,,,no,catalog_feed,https://freezedrywholesalers.com/products/freeze-dried-sliced-crimini-mushrooms,2026-08-05,implausible_from_shipping_weight(768)
Freeze Dry Wholesalers,US,freezedrywholesalers.com,PRE-SALE ITEM; Fully Cooked Freeze Dried Black Angus USDA Prime Roast Beef,,meat,227,shopify_shipping_weight,low,75.45,USD,332.38,455.36,no,catalog_feed,https://freezedrywholesalers.com/products/freeze-dried-usda-prime-roast-beef,2026-08-05,
Freeze Dry Wholesalers,US,freezedrywholesalers.com,Bulk Spice Variety Box,,herb_spice,3629,net_weight_declared,high,242.64,USD,66.86,91.60,yes,catalog_feed,https://freezedrywholesalers.com/products/bulk-spice-variety-box,2026-08-05,
Freeze Dry Wholesalers,US,freezedrywholesalers.com,Freeze Dried Thai Style Red Quinoa and Vegetables,,vegetable,369,shopify_shipping_weight,low,50.40,USD,136.59,187.12,yes,catalog_feed,https://freezedrywholesalers.com/products/freeze-dried-thai-style-red-quinoa-and-vegetables,2026-08-05,
Freeze Dry Wholesalers,US,freezedrywholesalers.com,Freeze Dried Roasted Redskin Potatoes and Vegetables,,vegetable,154,shopify_shipping_weight,low,50.33,USD,326.82,447.74,yes,catalog_feed,https://freezedrywholesalers.com/products/freeze-dried-roasted-redskin-potatoes-and-vegetables,2026-08-05,
Freeze Dry Wholesalers,US,freezedrywholesalers.com,"Freeze Dried Multi-Grain Orzo, Garbanzo and Kale",,vegetable,354,shopify_shipping_weight,low,51.97,USD,146.81,201.13,yes,catalog_feed,https://freezedrywholesalers.com/products/freeze-dried-multi-grain-orzo-garbanzo-and-kale,2026-08-05,
Freeze Dry Wholesalers,US,freezedrywholesalers.com,"Freeze Dried Israeli Couscous, Red Quinoa and Vegetables",,meal,354,shopify_shipping_weight,low,47.47,USD,134.10,183.71,yes,catalog_feed,https://freezedrywholesalers.com/products/freeze-dried-israeli-couscous-red-quinoa-and-vegetables,2026-08-05,
Freeze Dry Wholesalers,US,freezedrywholesalers.com,Freeze Dried Cilantro Lime Rice and Fire-Roasted Corn Fiesta,,fruit,397,shopify_shipping_weight,low,50.90,USD,128.21,175.65,yes,catalog_feed,https://freezedrywholesalers.com/products/freeze-dried-cilantro-lime-rice-and-fire-roasted-corn-fiesta,2026-08-05,
Freeze Dry Wholesalers,US,freezedrywholesalers.com,Freeze Dried Ancient Grains and Kale,,vegetable,439,shopify_shipping_weight,low,52.83,USD,120.34,164.87,yes,catalog_feed,https://freezedrywholesalers.com/products/freeze-dried-ancient-grains-and-kale,2026-08-05,
Freeze Dry Wholesalers,US,freezedrywholesalers.com,Freeze Dried Peppers and Onions / Fajita Mix,,vegetable,71,shopify_shipping_weight,low,50.90,USD,,,yes,catalog_feed,https://freezedrywholesalers.com/products/freeze-dried-peppers-and-onions-fajita-mix,2026-08-05,implausible_from_shipping_weight(717)
Freeze Dry Wholesalers,US,freezedrywholesalers.com,Freeze Dried Sliced Yellow Squash,,vegetable,43,shopify_shipping_weight,low,43.62,USD,,,yes,catalog_feed,https://freezedrywholesalers.com/products/freeze-dried-sliced-yellow-squash,2026-08-05,implausible_from_shipping_weight(1014)
Freeze Dry Wholesalers,US,freezedrywholesalers.com,Freeze Dried Sliced Zucchini,,vegetable,57,shopify_shipping_weight,low,43.90,USD,,,yes,catalog_feed,https://freezedrywholesalers.com/products/freeze-dried-sliced-zucchini,2026-08-05,implausible_from_shipping_weight(770)
Freeze Dry Wholesalers,US,freezedrywholesalers.com,Freeze Dried Sliced Carrots,,vegetable,99,shopify_shipping_weight,low,46.47,USD,,,yes,catalog_feed,https://freezedrywholesalers.com/products/freeze-dried-sliced-carrots,2026-08-05,implausible_from_shipping_weight_cad(643)
Freeze Dry Wholesalers,US,freezedrywholesalers.com,Freeze Dried Beet Chips,,vegetable,227,shopify_shipping_weight,low,59.61,USD,262.60,359.76,yes,catalog_feed,https://freezedrywholesalers.com/products/freeze-dried-beet-chips,2026-08-05,
Freeze Dry Wholesalers,US,freezedrywholesalers.com,Freeze Dried Apple Chips,,fruit,213,shopify_shipping_weight,low,52.18,USD,244.98,335.62,yes,catalog_feed,https://freezedrywholesalers.com/products/freeze-dried-apple-chips,2026-08-05,
Freeze Dry Wholesalers,US,freezedrywholesalers.com,Freeze Dried Potato Variety Case,,vegetable,12247,shopify_shipping_weight,low,852.56,USD,69.61,95.37,no,catalog_feed,https://freezedrywholesalers.com/products/freeze-dried-potato-variety-case,2026-08-05,
Freeze Dry Wholesalers,US,freezedrywholesalers.com,Freeze Dried Sliced Potatoes,,vegetable,227,shopify_shipping_weight,low,35.41,USD,155.99,213.71,yes,catalog_feed,https://freezedrywholesalers.com/products/freeze-dried-sliced-potatoes,2026-08-05,
Freeze Dry Wholesalers,US,freezedrywholesalers.com,Freeze Dried Diced Potatoes,,vegetable,439,shopify_shipping_weight,low,37.76,USD,86.01,117.84,yes,catalog_feed,https://freezedrywholesalers.com/products/freeze-dried-diced-potatoes,2026-08-05,
Freeze Dry Wholesalers,US,freezedrywholesalers.com,Freeze Dried Mashed Potatoes,,vegetable,730,shopify_shipping_weight,low,42.26,USD,57.89,79.31,yes,catalog_feed,https://freezedrywholesalers.com/products/freeze-dried-mashed-potatoes,2026-08-05,
Freeze Dry Wholesalers,US,freezedrywholesalers.com,Freeze Dried Langoustines,,meat,156,shopify_shipping_weight,low,140.63,USD,,,no,catalog_feed,https://freezedrywholesalers.com/products/freeze-dried-langoustines,2026-08-05,implausible_from_shipping_weight(901)
Freeze Dry Wholesalers,US,freezedrywholesalers.com,Freeze Dried Scallops,,meat,85,shopify_shipping_weight,low,92.02,USD,,,no,catalog_feed,https://freezedrywholesalers.com/products/freeze-dried-scallops,2026-08-05,implausible_from_shipping_weight(1083)
Freeze Dry Wholesalers,US,freezedrywholesalers.com,Freeze Dried Tilapia Filllets,,meat,113,shopify_shipping_weight,low,69.74,USD,,,yes,catalog_feed,https://freezedrywholesalers.com/products/freeze-dried-tilapia-filllets,2026-08-05,implausible_from_shipping_weight(617)
Freeze Dry Wholesalers,US,freezedrywholesalers.com,Freeze Dried Pollock Loins,,meat,113,shopify_shipping_weight,low,69.46,USD,,,no,catalog_feed,https://freezedrywholesalers.com/products/freeze-dried-pollock-loins,2026-08-05,implausible_from_shipping_weight(615)
Freeze Dry Wholesalers,US,freezedrywholesalers.com,Freeze Dried Cod Loins,,meat,128,shopify_shipping_weight,low,66.67,USD,,,yes,catalog_feed,https://freezedrywholesalers.com/products/freeze-dried-cod-loins,2026-08-05,implausible_from_shipping_weight_cad(714)
Freeze Dry Wholesalers,US,freezedrywholesalers.com,Freeze Dried Catfish Fillets,,meat,156,shopify_shipping_weight,low,68.37,USD,,,yes,catalog_feed,https://freezedrywholesalers.com/products/freeze-dried-catfish-fillets,2026-08-05,implausible_from_shipping_weight_cad(600)
Freeze Dry Wholesalers,US,freezedrywholesalers.com,Freeze Dried Fully Cooked Ground Beef,,meat,369,shopify_shipping_weight,low,77.03,USD,208.75,285.99,no,catalog_feed,https://freezedrywholesalers.com/products/freeze-dried-fully-cooked-ground-beef,2026-08-05,
Freeze Dry Wholesalers,US,freezedrywholesalers.com,Freeze Dried Fully Cooked Ground Bison,,meat,397,shopify_shipping_weight,low,113.58,USD,286.10,391.95,yes,catalog_feed,https://freezedrywholesalers.com/products/freeze-dried-fully-cooked-ground-bison,2026-08-05,
Freeze Dry Wholesalers,US,freezedrywholesalers.com,Freeze Dried Fully Cooked Ground Chicken,,meat,312,shopify_shipping_weight,low,78.02,USD,250.06,342.59,yes,catalog_feed,https://freezedrywholesalers.com/products/freeze-dried-fully-cooked-ground-chicken,2026-08-05,
Freeze Dry Wholesalers,US,freezedrywholesalers.com,Freeze Dried Fully Cooked Ground Elk,,meat,354,shopify_shipping_weight,low,123.43,USD,348.67,477.68,no,catalog_feed,https://freezedrywholesalers.com/products/freeze-dried-fully-cooked-ground-elk,2026-08-05,
Freeze Dry Wholesalers,US,freezedrywholesalers.com,Freeze Dried Fully Cooked Ground Hot Pork Sausage,,meat,425,shopify_shipping_weight,low,89.23,USD,209.95,287.64,yes,catalog_feed,https://freezedrywholesalers.com/products/freeze-dried-fully-cooked-ground-hot-pork-sausage,2026-08-05,
Freeze Dry Wholesalers,US,freezedrywholesalers.com,Freeze Dried Fully Cooked Ground Lamb,,meat,340,shopify_shipping_weight,low,92.44,USD,271.88,372.48,yes,catalog_feed,https://freezedrywholesalers.com/products/freeze-dried-fully-cooked-ground-lamb,2026-08-05,
Freeze Dry Wholesalers,US,freezedrywholesalers.com,Freeze Dried Fully Cooked Ground Pork,,meat,397,shopify_shipping_weight,low,69.74,USD,175.67,240.66,yes,catalog_feed,https://freezedrywholesalers.com/products/freeze-dried-fully-cooked-ground-pork,2026-08-05,
Freeze Dry Wholesalers,US,freezedrywholesalers.com,Freeze Dried Fully Cooked Ground Turkey,,meat,312,shopify_shipping_weight,low,70.81,USD,226.96,310.93,yes,catalog_feed,https://freezedrywholesalers.com/products/freeze-dried-fully-cooked-ground-turkey,2026-08-05,
Freeze Dry Wholesalers,US,freezedrywholesalers.com,Freeze Dried Fully Cooked Ground Veal,,meat,198,shopify_shipping_weight,low,82.45,USD,416.41,570.49,no,catalog_feed,https://freezedrywholesalers.com/products/freeze-dried-fully-cooked-ground-veal,2026-08-05,
Freeze Dry Wholesalers,US,freezedrywholesalers.com,Freeze Dried Fully Cooked Ground Venison,,meat,283,shopify_shipping_weight,low,122.14,USD,431.59,591.28,no,catalog_feed,https://freezedrywholesalers.com/products/freeze-dried-fully-cooked-ground-venison,2026-08-05,
Freeze Dry Wholesalers,US,freezedrywholesalers.com,Freeze Dried Shredded Swiss Cheese,,dairy,298,shopify_shipping_weight,low,60.46,USD,202.89,277.95,yes,catalog_feed,https://freezedrywholesalers.com/products/freeze-dried-shredded-swiss-cheese,2026-08-05,
Freeze Dry Wholesalers,US,freezedrywholesalers.com,Freeze Dried White Cheddar Cheese Powder,,dairy,652,shopify_shipping_weight,low,68.17,USD,104.56,143.24,yes,catalog_feed,https://freezedrywholesalers.com/products/freeze-dried-white-cheddar-cheese-powder,2026-08-05,
Freeze Dry Wholesalers,US,freezedrywholesalers.com,Freeze Dried Crumbled Feta Cheese,,dairy,482,shopify_shipping_weight,low,64.82,USD,134.48,184.24,yes,catalog_feed,https://freezedrywholesalers.com/products/freeze-dried-crumbled-feta-cheese,2026-08-05,
Freeze Dry Wholesalers,US,freezedrywholesalers.com,Freeze Dried Blue Cheese Crumbles,,dairy,567,shopify_shipping_weight,low,62.68,USD,110.55,151.45,yes,catalog_feed,https://freezedrywholesalers.com/products/freeze-dried-blue-cheese-crumbles,2026-08-05,
Freeze Dry Wholesalers,US,freezedrywholesalers.com,Freeze Dried Shredded Monterey Jack Cheese,,dairy,354,shopify_shipping_weight,low,57.32,USD,161.92,221.83,yes,catalog_feed,https://freezedrywholesalers.com/products/freeze-dried-shredded-monterey-jack-cheese,2026-08-05,
Freeze Dry Wholesalers,US,freezedrywholesalers.com,Freeze Dried String Beans,,vegetable,78,shopify_shipping_weight,low,45.47,USD,,,yes,catalog_feed,https://freezedrywholesalers.com/products/freeze-dried-string-beans,2026-08-05,implausible_from_shipping_weight_cad(799)
Freeze Dry Wholesalers,US,freezedrywholesalers.com,Freeze Dried Green Peas,,vegetable,269,shopify_shipping_weight,low,51.33,USD,190.82,261.42,yes,catalog_feed,https://freezedrywholesalers.com/products/freeze-dried-green-peas,2026-08-05,
Freeze Dry Wholesalers,US,freezedrywholesalers.com,Freeze Dried Cut Green Beans,,vegetable,86,shopify_shipping_weight,low,43.76,USD,,,yes,catalog_feed,https://freezedrywholesalers.com/products/freeze-dried-green-beans,2026-08-05,implausible_from_shipping_weight_cad(697)
Freeze Dry Wholesalers,US,freezedrywholesalers.com,Freeze Dried Broccoli Florets,,vegetable,73,shopify_shipping_weight,low,46.62,USD,,,yes,catalog_feed,https://freezedrywholesalers.com/products/freeze-dried-broccoli-florets,2026-08-05,implausible_from_shipping_weight(639)
Freeze Dry Wholesalers,US,freezedrywholesalers.com,Freeze Dried Corn,,vegetable,313,shopify_shipping_weight,low,46.62,USD,148.95,204.06,yes,catalog_feed,https://freezedrywholesalers.com/products/freeze-dried-corn,2026-08-05,
Freeze Dry Wholesalers,US,freezedrywholesalers.com,Freeze Dried Fully Cooked Garbanzo Beans,,vegetable,510,net_weight_declared,high,47.04,USD,92.24,126.36,yes,catalog_feed,https://freezedrywholesalers.com/products/freeze-dried-fully-cooked-garbanzo-beans,2026-08-05,
Freeze Dry Wholesalers,US,freezedrywholesalers.com,Freeze Dried Fully Cooked Green Lentils,,vegetable,369,net_weight_declared,high,45.90,USD,124.39,170.41,yes,catalog_feed,https://freezedrywholesalers.com/products/freeze-dried-fully-cooked-green-lentils,2026-08-05,
Freeze Dry Wholesalers,US,freezedrywholesalers.com,Freeze Dried Fully Cooked Black Beans,,vegetable,482,net_weight_declared,high,43.97,USD,91.22,124.98,yes,catalog_feed,https://freezedrywholesalers.com/products/freeze-dried-fully-cooked-black-beans,2026-08-05,
Freeze Dry Wholesalers,US,freezedrywholesalers.com,Freeze Dried Fully Cooked Small White Navy Beans,,vegetable,411,shopify_shipping_weight,low,44.76,USD,108.91,149.20,yes,catalog_feed,https://freezedrywholesalers.com/products/freeze-dried-fully-cooked-small-white-navy-beans,2026-08-05,
Freeze Dry Wholesalers,US,freezedrywholesalers.com,Freeze Dried Fully Cooked Pinto Beans,,vegetable,369,net_weight_declared,high,43.47,USD,117.80,161.39,yes,catalog_feed,https://freezedrywholesalers.com/products/freeze-dried-fully-cooked-pinto-beans,2026-08-05,
Freeze Dry Wholesalers,US,freezedrywholesalers.com,Freeze Dried Shredded Parmesan Cheese,,dairy,709,net_weight_declared,high,61.32,USD,86.49,118.49,yes,catalog_feed,https://freezedrywholesalers.com/products/freeze-dried-shredded-parmesan-cheese,2026-08-05,
Freeze Dry Wholesalers,US,freezedrywholesalers.com,Freeze Dried Sliced Banana,,fruit,539,shopify_shipping_weight,low,40.19,USD,74.56,102.15,yes,catalog_feed,https://freezedrywholesalers.com/products/freeze-dried-sliced-banana,2026-08-05,
Freeze Dry Wholesalers,US,freezedrywholesalers.com,Freeze Dried Fully Cooked Penne Pasta,,meal,255,shopify_shipping_weight,low,46.62,USD,182.82,250.47,yes,catalog_feed,https://freezedrywholesalers.com/products/freeze-dried-penne-pasta,2026-08-05,
Freeze Dry Wholesalers,US,freezedrywholesalers.com,Freeze Dried Powdered Non-Fat Milk,,dairy,553,shopify_shipping_weight,low,40.55,USD,73.33,100.46,yes,catalog_feed,https://freezedrywholesalers.com/products/freeze-dried-powdered-non-fat-milk,2026-08-05,
Freeze Dry Wholesalers,US,freezedrywholesalers.com,Freeze Dried Hash Brown Potatoes,,vegetable,397,net_weight_declared,high,44.90,USD,113.10,154.94,yes,catalog_feed,https://freezedrywholesalers.com/products/freeze-dried-hash-brown-potatoes,2026-08-05,
Freeze Dry Wholesalers,US,freezedrywholesalers.com,Freeze Dried Elbow Pasta,,meal,269,shopify_shipping_weight,low,46.62,USD,173.31,237.43,yes,catalog_feed,https://freezedrywholesalers.com/products/freeze-dried-fully-cooked-elbow-pasta,2026-08-05,
Freeze Dry Wholesalers,US,freezedrywholesalers.com,Freeze Dried Diced Tomatoes,,vegetable,71,shopify_shipping_weight,low,57.75,USD,,,yes,catalog_feed,https://freezedrywholesalers.com/products/freeze-dried-diced-tomatoes,2026-08-05,implausible_from_shipping_weight(813)
Freeze Dry Wholesalers,US,freezedrywholesalers.com,Freeze Dried Zante Currant Raisins,,fruit,680,shopify_shipping_weight,low,59.32,USD,87.24,119.51,yes,catalog_feed,https://freezedrywholesalers.com/products/freeze-dried-diced-zante-currant-raisins,2026-08-05,
Freeze Dry Wholesalers,US,freezedrywholesalers.com,Freeze Dried Diced Black Mission Figs,,fruit,680,shopify_shipping_weight,low,57.75,USD,84.93,116.35,yes,catalog_feed,https://freezedrywholesalers.com/products/freeze-dried-diced-black-mission-figs,2026-08-05,
Freeze Dry Wholesalers,US,freezedrywholesalers.com,Freeze Dried Shredded Part-Skim Mozzarella Cheese,,dairy,283,shopify_shipping_weight,low,59.18,USD,209.12,286.49,yes,catalog_feed,https://freezedrywholesalers.com/products/freeze-dried-shredded-part-skim-mozzarella-cheese,2026-08-05,
Freeze Dry Wholesalers,US,freezedrywholesalers.com,Freeze Dried Organic Red Quinoa,,meal,454,shopify_shipping_weight,low,52.04,USD,114.63,157.04,yes,catalog_feed,https://freezedrywholesalers.com/products/freeze-dried-organic-red-quinoa,2026-08-05,
Freeze Dry Wholesalers,US,freezedrywholesalers.com,Freeze Dried Long Grain White Rice,,meal,553,shopify_shipping_weight,low,48.19,USD,87.14,119.39,yes,catalog_feed,https://freezedrywholesalers.com/products/freeze-dried-long-grain-white-rice,2026-08-05,
Freeze Dry Wholesalers,US,freezedrywholesalers.com,Freeze Dried Long Grain Brown Rice,,meal,482,shopify_shipping_weight,low,50.83,USD,105.46,144.48,yes,catalog_feed,https://freezedrywholesalers.com/products/freeze-dried-long-grain-brown-rice,2026-08-05,
Freeze Dry Wholesalers,US,freezedrywholesalers.com,Freeze Dried Fully Cooked Smoked Pulled Pork,,meat,313,shopify_shipping_weight,low,62.82,USD,200.70,274.96,yes,catalog_feed,https://freezedrywholesalers.com/products/freeze-dried-fully-cooked-smoked-pulled-pork,2026-08-05,
Freeze Dry Wholesalers,US,freezedrywholesalers.com,Freeze Dried Double Chocolate Pound Cake,,candy,499,shopify_shipping_weight,low,53.75,USD,107.72,147.57,yes,catalog_feed,https://freezedrywholesalers.com/products/freeze-dried-double-chocolate-pound-cake,2026-08-05,
Freeze Dry Wholesalers,US,freezedrywholesalers.com,Freeze Dried Orange Poppyseed Pound Cake,,fruit,417,shopify_shipping_weight,low,52.83,USD,126.69,173.57,yes,catalog_feed,https://freezedrywholesalers.com/products/freeze-dried-orange-poppyseed-pound-cake,2026-08-05,
Freeze Dry Wholesalers,US,freezedrywholesalers.com,Freeze Dried Classic Pound Cake,,meal,431,shopify_shipping_weight,low,51.75,USD,120.07,164.50,yes,catalog_feed,https://freezedrywholesalers.com/products/freeze-dried-classic-pound-cake,2026-08-05,
Freeze Dry Wholesalers,US,freezedrywholesalers.com,Freeze Dried Pumpkin Pound Cake,,meal,448,shopify_shipping_weight,low,53.04,USD,118.39,162.20,yes,catalog_feed,https://freezedrywholesalers.com/products/freeze-dried-pumpkin-pound-cake,2026-08-05,
Freeze Dry Wholesalers,US,freezedrywholesalers.com,Freeze Dried Marble Pound Cake,,meal,417,shopify_shipping_weight,low,53.04,USD,127.19,174.26,yes,catalog_feed,https://freezedrywholesalers.com/products/freeze-dried-marble-pound-cake,2026-08-05,
Freeze Dry Wholesalers,US,freezedrywholesalers.com,Freeze Dried Dinner Rolls,,meal,152,shopify_shipping_weight,low,40.62,USD,267.24,366.11,yes,catalog_feed,https://freezedrywholesalers.com/products/freeze-dried-dinner-rolls,2026-08-05,
Freeze Dry Wholesalers,US,freezedrywholesalers.com,Freeze Dried Uncooked Lamb Sirloin Tips,,meat,213,shopify_shipping_weight,low,88.38,USD,414.93,568.45,yes,catalog_feed,https://freezedrywholesalers.com/products/freeze-dried-lamb-sirloin-tips,2026-08-05,
Freeze Dry Wholesalers,US,freezedrywholesalers.com,Freeze Dried Pumpkin Pie,,meal,340,shopify_shipping_weight,low,48.90,USD,143.82,197.04,yes,catalog_feed,https://freezedrywholesalers.com/products/freeze-dried-pumpkin-pie,2026-08-05,
Freeze Dry Wholesalers,US,freezedrywholesalers.com,Freeze Dried Fully Cooked Pulled Chicken,,meat,213,shopify_shipping_weight,low,57.61,USD,270.47,370.54,yes,catalog_feed,https://freezedrywholesalers.com/products/freeze-dried-pulled-chicken,2026-08-05,
Freeze Dry Wholesalers,US,freezedrywholesalers.com,Freeze Dried Fully Cooked Black Angus Corned Beef,,meat,241,shopify_shipping_weight,low,82.74,USD,343.32,470.35,yes,catalog_feed,https://freezedrywholesalers.com/products/freeze-dried-corned-beef,2026-08-05,
Freeze Dry Wholesalers,US,freezedrywholesalers.com,Freeze Dried Cooked Canadian Bacon,,meat,312,shopify_shipping_weight,low,62.46,USD,200.19,274.26,yes,catalog_feed,https://freezedrywholesalers.com/products/freeze-dried-canadian-bacon,2026-08-05,
Freeze Dry Wholesalers,US,freezedrywholesalers.com,Freeze Dried Roasted/Cooked Turkey Breast,,meat,241,shopify_shipping_weight,low,52.33,USD,217.14,297.48,yes,catalog_feed,https://freezedrywholesalers.com/products/freeze-dried-turkey-breast,2026-08-05,
Freeze Dry Wholesalers,US,freezedrywholesalers.com,Freeze Dried Cooked Turkey Breakfast Sausage,,meat,227,shopify_shipping_weight,low,57.04,USD,251.28,344.25,yes,catalog_feed,https://freezedrywholesalers.com/products/freeze-dried-turkey-breakfast-sausage,2026-08-05,
Freeze Dry Wholesalers,US,freezedrywholesalers.com,Freeze Dried Solid White Fully Cooked Albacore Tunafish,,meat,184,shopify_shipping_weight,low,51.11,USD,277.77,380.55,yes,catalog_feed,https://freezedrywholesalers.com/products/freeze-dried-tunafish,2026-08-05,
Freeze Dry Wholesalers,US,freezedrywholesalers.com,Freeze Dried Uncooked Sirloin Steaks,,meat,213,shopify_shipping_weight,low,85.23,USD,400.14,548.19,yes,catalog_feed,https://freezedrywholesalers.com/products/freeze-dried-shredded-sirloin-steaks,2026-08-05,
Freeze Dry Wholesalers,US,freezedrywholesalers.com,Freeze Dried Shredded Cheddar Jack Cheese,,dairy,361,shopify_shipping_weight,low,57.32,USD,158.78,217.53,yes,catalog_feed,https://freezedrywholesalers.com/products/freeze-dried-shredded-cheddar-jack-cheese,2026-08-05,
Freeze Dry Wholesalers,US,freezedrywholesalers.com,Freeze Dried Shredded Cheddar Cheese,,dairy,454,net_weight_declared,high,58.18,USD,128.15,175.57,yes,catalog_feed,https://freezedrywholesalers.com/products/freeze-dried-shredded-cheddar-cheese,2026-08-05,
Freeze Dry Wholesalers,US,freezedrywholesalers.com,Freeze Dried Fully Cooked Scrambled Eggs,,egg,170,shopify_shipping_weight,low,48.54,USD,285.53,391.18,yes,catalog_feed,https://freezedrywholesalers.com/products/freeze-dried-scrambled-eggs,2026-08-05,
Freeze Dry Wholesalers,US,freezedrywholesalers.com,Freeze Dried Raw Peeled & Deveined Shrimp,,meat,85,shopify_shipping_weight,low,58.89,USD,,,yes,catalog_feed,https://freezedrywholesalers.com/products/freeze-dried-shrimp-raw,2026-08-05,implausible_from_shipping_weight(693)
Freeze Dry Wholesalers,US,freezedrywholesalers.com,Freeze Dried Uncooked Wild Caught US Salmon Filets,,meat,198,shopify_shipping_weight,low,69.03,USD,348.64,477.63,yes,catalog_feed,https://freezedrywholesalers.com/products/freeze-dried-salmon-filets,2026-08-05,
Freeze Dry Wholesalers,US,freezedrywholesalers.com,Freeze Dried Boneless Center Cut Uncooked Pork Chops,,meat,312,net_weight_declared,high,65.18,USD,208.91,286.21,yes,catalog_feed,https://freezedrywholesalers.com/products/freeze-dried-pork-chops,2026-08-05,
Freeze Dry Wholesalers,US,freezedrywholesalers.com,Freeze Dried Italian Style Cooked Beef Meatballs,,meat,383,shopify_shipping_weight,low,83.74,USD,218.64,299.54,yes,catalog_feed,https://freezedrywholesalers.com/products/freeze-dried-meatballs,2026-08-05,
Freeze Dry Wholesalers,US,freezedrywholesalers.com,Freeze Dried 1/3-lb Uncooked Hamburger Patties,,meat,283,shopify_shipping_weight,low,82.66,USD,292.08,400.16,yes,catalog_feed,https://freezedrywholesalers.com/products/freeze-dried-hamburger-patties,2026-08-05,
Freeze Dry Wholesalers,US,freezedrywholesalers.com,Freeze Dried Fully Cooked Sliced Ham,,meat,425,shopify_shipping_weight,low,64.03,USD,150.66,206.40,yes,catalog_feed,https://freezedrywholesalers.com/products/freeze-dried-ham,2026-08-05,
Freeze Dry Wholesalers,US,freezedrywholesalers.com,Freeze Dried Uncooked Filet Mignon Steaks,,meat,184,shopify_shipping_weight,low,125.07,USD,,,yes,catalog_feed,https://freezedrywholesalers.com/products/freeze-dried-filet-mignon,2026-08-05,implausible_from_shipping_weight(680)
Freeze Dry Wholesalers,US,freezedrywholesalers.com,Freeze Dried Uncooked Chicken Thighs,,meat,142,shopify_shipping_weight,low,56.32,USD,396.62,543.37,yes,catalog_feed,https://freezedrywholesalers.com/products/freeze-dried-chicken-thighs,2026-08-05,
Freeze Dry Wholesalers,US,freezedrywholesalers.com,Freeze Dried Uncooked Chicken Tenders,,meat,198,shopify_shipping_weight,low,52.61,USD,265.71,364.02,yes,catalog_feed,https://freezedrywholesalers.com/products/freeze-dried-chicken-tenders,2026-08-05,
Freeze Dry Wholesalers,US,freezedrywholesalers.com,Freeze Dried 1/3lb Uncooked Chicken Patties with Duck Fat,,meat,1361,product_title,high,74.17,USD,54.50,74.66,yes,catalog_feed,https://freezedrywholesalers.com/products/freeze-dried-chicken-patties-with-duck-fat,2026-08-05,
Freeze Dry Wholesalers,US,freezedrywholesalers.com,Freeze Dried Cooked Panko Breaded Chicken Nuggets,,meat,283,shopify_shipping_weight,low,57.75,USD,204.06,279.57,yes,catalog_feed,https://freezedrywholesalers.com/products/freeze-dried-chicken-nuggets,2026-08-05,
Freeze Dry Wholesalers,US,freezedrywholesalers.com,Freeze Dried Uncooked Chicken Breasts,,meat,170,shopify_shipping_weight,low,58.18,USD,342.24,468.86,yes,catalog_feed,https://freezedrywholesalers.com/products/freeze-dried-chicken-breasts,2026-08-05,
Freeze Dry Wholesalers,US,freezedrywholesalers.com,Freeze Dried Cooked Chicken Breakfast Sausage,,meat,269,shopify_shipping_weight,low,55.32,USD,205.65,281.74,yes,catalog_feed,https://freezedrywholesalers.com/products/freeze-dried-chicken-breakfast-sausage,2026-08-05,
Freeze Dry Wholesalers,US,freezedrywholesalers.com,Freeze Dried Fully Cooked Cheese Tortellini,,dairy,354,shopify_shipping_weight,low,49.90,USD,140.96,193.12,yes,catalog_feed,https://freezedrywholesalers.com/products/freeze-dried-cheese-tortellini,2026-08-05,
Freeze Dry Wholesalers,US,freezedrywholesalers.com,Freeze Dried All Natural Cheese Curds,,dairy,524,shopify_shipping_weight,low,48.76,USD,93.05,127.48,no,catalog_feed,https://freezedrywholesalers.com/products/freeze-dried-cheese-curds,2026-08-05,
Freeze Dry Wholesalers,US,freezedrywholesalers.com,Freeze Dried Fully Cooked Sliced Cheesecake,,dairy,468,shopify_shipping_weight,low,48.90,USD,104.49,143.15,yes,catalog_feed,https://freezedrywholesalers.com/products/freeze-dried-cheese-cake,2026-08-05,
Freeze Dry Wholesalers,US,freezedrywholesalers.com,Freeze Dried Cooked Buttermilk Biscuits,,dairy,262,shopify_shipping_weight,low,37.76,USD,144.12,197.45,yes,catalog_feed,https://freezedrywholesalers.com/products/freeze-dried-biscuits,2026-08-05,
Freeze Dry Wholesalers,US,freezedrywholesalers.com,Freeze Dried Chocolate Brownie Bites,,candy,539,shopify_shipping_weight,low,48.26,USD,89.54,122.66,no,catalog_feed,https://freezedrywholesalers.com/products/freeze-dried-brownies,2026-08-05,
Freeze Dry Wholesalers,US,freezedrywholesalers.com,Freeze Dried Uncooked Beef Stew Cubes,,meat,241,shopify_shipping_weight,low,79.60,USD,330.29,452.50,yes,catalog_feed,https://freezedrywholesalers.com/products/freeze-dried-beef-cubes,2026-08-05,
Freeze Dry Wholesalers,US,freezedrywholesalers.com,Freeze Dried Banana Walnut Pound Cake,,fruit,425,shopify_shipping_weight,low,53.04,USD,124.80,170.98,yes,catalog_feed,https://freezedrywholesalers.com/products/freeze-dried-banana-walnut-pound-cake,2026-08-05,
Freeze Dry Wholesalers,US,freezedrywholesalers.com,Freeze Dried Sliced Fresh Avocado,,fruit,170,shopify_shipping_weight,low,67.60,USD,397.65,544.78,yes,catalog_feed,https://freezedrywholesalers.com/products/freeze-dried-sliced-avocado,2026-08-05,
Happy Yak,CA,happyyak.ca,Dried whole egg powder,1 serving,egg,119,shopify_shipping_weight,low,14.99,CAD,125.97,125.97,yes,catalog_feed,https://happyyak.ca/products/hy-vrc900-p20_oeufs_entiers_en_poudre_20kg,2026-08-05,
Happy Yak,CA,happyyak.ca,Dried whole egg powder,15 x 1 serving (boxes),egg,1920,shopify_shipping_weight,low,218.10,CAD,113.59,113.59,yes,catalog_feed,https://happyyak.ca/products/hy-vrc900-p20_oeufs_entiers_en_poudre_20kg,2026-08-05,
Happy Yak,CA,happyyak.ca,Dried whole egg powder,20 KG,egg,20000,variant_title,high,1599.99,CAD,80.00,80.00,yes,catalog_feed,https://happyyak.ca/products/hy-vrc900-p20_oeufs_entiers_en_poudre_20kg,2026-08-05,
Happy Yak,CA,happyyak.ca,Smooth-ease berry blush,1 Serving (1 x 40g Serving),fruit,40,variant_title,high,4.59,CAD,114.75,114.75,yes,catalog_feed,https://happyyak.ca/products/smooth-ease-berry-blush,2026-08-05,
Happy Yak,CA,happyyak.ca,Smooth-ease berry blush,Case of 60 (60 x 40g Single Servings),fruit,2400,variant_title,high,267.13,CAD,111.30,111.30,yes,catalog_feed,https://happyyak.ca/products/smooth-ease-berry-blush,2026-08-05,
Happy Yak,CA,happyyak.ca,Smooth-ease tropical delight,1 Serving (1 x 40g Serving),meal,40,variant_title,high,4.59,CAD,114.75,114.75,yes,catalog_feed,https://happyyak.ca/products/smooth-ease-tropical-delight,2026-08-05,
Happy Yak,CA,happyyak.ca,Smooth-ease tropical delight,Case of 60 (60 x 40g Single Servings),meal,2400,variant_title,high,267.13,CAD,111.30,111.30,yes,catalog_feed,https://happyyak.ca/products/smooth-ease-tropical-delight,2026-08-05,
Happy Yak,CA,happyyak.ca,Smooth-ease moka indulgence,1 Serving (1 x 40g Serving),meal,40,variant_title,high,4.59,CAD,114.75,114.75,yes,catalog_feed,https://happyyak.ca/products/smooth-ease-moka-indulgence,2026-08-05,
Happy Yak,CA,happyyak.ca,Smooth-ease moka indulgence,Case of 60 (60 x 40g Single Servings),meal,2400,variant_title,high,267.13,CAD,111.30,111.30,yes,catalog_feed,https://happyyak.ca/products/smooth-ease-moka-indulgence,2026-08-05,
Happy Yak,CA,happyyak.ca,Smooth-ease emerald elixir,1 Serving (1 x 40g Serving),meal,40,variant_title,high,4.59,CAD,114.75,114.75,yes,catalog_feed,https://happyyak.ca/products/smooth-ease-elixir-emeraude,2026-08-05,
Happy Yak,CA,happyyak.ca,Smooth-ease emerald elixir,Case of 60 (60 x 40g Single Servings),meal,2400,variant_title,high,267.13,CAD,111.30,111.30,yes,catalog_feed,https://happyyak.ca/products/smooth-ease-elixir-emeraude,2026-08-05,
Happy Yak,CA,happyyak.ca,Chili fiesta,1 serving,meal,209,shopify_shipping_weight,low,16.99,CAD,81.29,81.29,yes,catalog_feed,https://happyyak.ca/products/chili-fiesta,2026-08-05,
Happy Yak,CA,happyyak.ca,Chili fiesta,15 x 1 serving (boxes),meal,3333,shopify_shipping_weight,low,247.20,CAD,74.17,74.17,yes,catalog_feed,https://happyyak.ca/products/chili-fiesta,2026-08-05,
Happy Yak,CA,happyyak.ca,Apple and cinnamon granola,1 serving,fruit,169,shopify_shipping_weight,low,10.99,CAD,65.03,65.03,yes,catalog_feed,https://happyyak.ca/products/apple-and-cinnamon-granola,2026-08-05,
Happy Yak,CA,happyyak.ca,Apple and cinnamon granola,15 x 1 serving (boxes),fruit,2687,shopify_shipping_weight,low,159.90,CAD,59.51,59.51,yes,catalog_feed,https://happyyak.ca/products/apple-and-cinnamon-granola,2026-08-05,
Happy Yak,CA,happyyak.ca,7 days kit - Endurance,,meal,3397,shopify_shipping_weight,low,299.99,CAD,88.31,88.31,yes,catalog_feed,https://happyyak.ca/products/7-days-kit-protector,2026-08-05,
Happy Yak,CA,happyyak.ca,7 days kit - Adventure,,meal,3522,shopify_shipping_weight,low,299.99,CAD,85.18,85.18,yes,catalog_feed,https://happyyak.ca/products/7-days-kit-adventure,2026-08-05,
Happy Yak,CA,happyyak.ca,7 days kit - Vege-Sport,,meal,3737,shopify_shipping_weight,low,299.99,CAD,80.28,80.28,yes,catalog_feed,https://happyyak.ca/products/7-days-kit-vege-sport,2026-08-05,
Happy Yak,CA,happyyak.ca,Freeze-dried cooked ground beef,1 serving,meat,69,shopify_shipping_weight,low,16.99,CAD,246.23,246.23,yes,catalog_feed,https://happyyak.ca/products/freeze-dried-cooked-ground-beef,2026-08-05,
Happy Yak,CA,happyyak.ca,Freeze-dried cooked ground beef,15 x 1 serving (boxes),meat,1187,shopify_shipping_weight,low,247.20,CAD,208.26,208.26,yes,catalog_feed,https://happyyak.ca/products/freeze-dried-cooked-ground-beef,2026-08-05,
Happy Yak,CA,happyyak.ca,Freeze-dried cooked beef cubes,1 serving,meat,69,shopify_shipping_weight,low,16.99,CAD,246.23,246.23,yes,catalog_feed,https://happyyak.ca/products/freeze-dried-cooked-beef-cubes,2026-08-05,
Happy Yak,CA,happyyak.ca,Freeze-dried cooked beef cubes,15 x 1 serving (boxes),meat,1187,shopify_shipping_weight,low,247.20,CAD,208.26,208.26,yes,catalog_feed,https://happyyak.ca/products/freeze-dried-cooked-beef-cubes,2026-08-05,
Happy Yak,CA,happyyak.ca,Freeze-dried cooked chicken cubes,1 serving,meat,69,shopify_shipping_weight,low,16.99,CAD,246.23,246.23,yes,catalog_feed,https://happyyak.ca/products/freeze-dried-cooked-chicken-cubes,2026-08-05,
Happy Yak,CA,happyyak.ca,Freeze-dried cooked chicken cubes,15 x 1 serving (boxes),meat,1187,shopify_shipping_weight,low,247.20,CAD,208.26,208.26,yes,catalog_feed,https://happyyak.ca/products/freeze-dried-cooked-chicken-cubes,2026-08-05,
Happy Yak,CA,happyyak.ca,Kit solution express vegetarian,,meal,12610,shopify_shipping_weight,low,825.99,CAD,65.50,65.50,yes,catalog_feed,https://happyyak.ca/products/kit-solution-express-vege,2026-08-05,
Happy Yak,CA,happyyak.ca,Kit solution express gourmet,,other,13418,shopify_shipping_weight,low,854.99,CAD,63.72,63.72,yes,catalog_feed,https://happyyak.ca/products/kit-solution-express-gourmet,2026-08-05,
Happy Yak,CA,happyyak.ca,Whole milk powder,1 serving,dairy,119,shopify_shipping_weight,low,8.99,CAD,75.55,75.55,yes,catalog_feed,https://happyyak.ca/products/whole-milk-powder,2026-08-05,
Happy Yak,CA,happyyak.ca,Whole milk powder,15 x 1 serving (boxes),dairy,1937,shopify_shipping_weight,low,130.80,CAD,67.53,67.53,yes,catalog_feed,https://happyyak.ca/products/whole-milk-powder,2026-08-05,
Happy Yak,CA,happyyak.ca,Soy protein,1 serving,meal,119,shopify_shipping_weight,low,8.99,CAD,75.55,75.55,yes,catalog_feed,https://happyyak.ca/products/soy-protein,2026-08-05,
Happy Yak,CA,happyyak.ca,Soy protein,15 x 1 serving (boxes),meal,1937,shopify_shipping_weight,low,130.80,CAD,67.53,67.53,yes,catalog_feed,https://happyyak.ca/products/soy-protein,2026-08-05,
Happy Yak,CA,happyyak.ca,Raspberry and vanilla granola,1 serving,fruit,159,shopify_shipping_weight,low,10.99,CAD,69.12,69.12,yes,catalog_feed,https://happyyak.ca/products/raspberry-and-vanilla-granola,2026-08-05,
Happy Yak,CA,happyyak.ca,Raspberry and vanilla granola,15 x 1 serving (boxes),fruit,2537,shopify_shipping_weight,low,159.90,CAD,63.03,63.03,yes,catalog_feed,https://happyyak.ca/products/raspberry-and-vanilla-granola,2026-08-05,
Happy Yak,CA,happyyak.ca,Chia delight with almonds and cranberries,1 serving,fruit,109,shopify_shipping_weight,low,10.99,CAD,100.83,100.83,yes,catalog_feed,https://happyyak.ca/products/chia-delight,2026-08-05,
Happy Yak,CA,happyyak.ca,Chia delight with almonds and cranberries,15 x 1 serving (boxes),fruit,1760,shopify_shipping_weight,low,159.90,CAD,90.85,90.85,yes,catalog_feed,https://happyyak.ca/products/chia-delight,2026-08-05,
Happy Yak,CA,happyyak.ca,Merry berry couscous,1 serving,meal,124,shopify_shipping_weight,low,8.99,CAD,72.50,72.50,yes,catalog_feed,https://happyyak.ca/products/merry-berry-couscous,2026-08-05,
Happy Yak,CA,happyyak.ca,Merry berry couscous,15 x 1 serving (boxes),meal,1995,shopify_shipping_weight,low,130.80,CAD,65.56,65.56,yes,catalog_feed,https://happyyak.ca/products/merry-berry-couscous,2026-08-05,
Happy Yak,CA,happyyak.ca,Spanish scrambled eggs,1 serving,egg,89,shopify_shipping_weight,low,11.99,CAD,134.72,134.72,yes,catalog_feed,https://happyyak.ca/products/spanish-scrambled-eggs,2026-08-05,
Happy Yak,CA,happyyak.ca,Spanish scrambled eggs,15 x 1 serving (boxes),egg,1470,shopify_shipping_weight,low,174.45,CAD,118.67,118.67,yes,catalog_feed,https://happyyak.ca/products/spanish-scrambled-eggs,2026-08-05,
Happy Yak,CA,happyyak.ca,Thai coco soup,1 serving,meal,109,shopify_shipping_weight,low,11.99,CAD,110.00,110.00,yes,catalog_feed,https://happyyak.ca/products/coconut-thai-soup,2026-08-05,
Happy Yak,CA,happyyak.ca,Thai coco soup,15 x 1 serving (boxes),meal,1833,shopify_shipping_weight,low,174.45,CAD,95.17,95.17,yes,catalog_feed,https://happyyak.ca/products/coconut-thai-soup,2026-08-05,
Happy Yak,CA,happyyak.ca,Ranchero soup,1 serving,meal,89,shopify_shipping_weight,low,10.99,CAD,123.48,123.48,yes,catalog_feed,https://happyyak.ca/products/ranchero-soup,2026-08-05,
Happy Yak,CA,happyyak.ca,Ranchero soup,15 x 1 serving (boxes),meal,1470,shopify_shipping_weight,low,159.90,CAD,108.78,108.78,yes,catalog_feed,https://happyyak.ca/products/ranchero-soup,2026-08-05,
Happy Yak,CA,happyyak.ca,Chicken orzo soup,1 serving,meat,104,shopify_shipping_weight,low,11.99,CAD,115.29,115.29,yes,catalog_feed,https://happyyak.ca/products/chicken-orzo-soup,2026-08-05,
Happy Yak,CA,happyyak.ca,Chicken orzo soup,15 x 1 serving (boxes),meat,1717,shopify_shipping_weight,low,174.45,CAD,101.60,101.60,yes,catalog_feed,https://happyyak.ca/products/chicken-orzo-soup,2026-08-05,
Happy Yak,CA,happyyak.ca,Pad thai - vegetable and peanut,1 serving,meal,239,shopify_shipping_weight,low,20.99,CAD,87.82,87.82,yes,catalog_feed,https://happyyak.ca/products/pad-thai-vegetable-and-peanut-1,2026-08-05,
Happy Yak,CA,happyyak.ca,Pad thai - vegetable and peanut,15 x 1 serving (boxes),meal,3393,shopify_shipping_weight,low,305.40,CAD,90.01,90.01,yes,catalog_feed,https://happyyak.ca/products/pad-thai-vegetable-and-peanut-1,2026-08-05,
Happy Yak,CA,happyyak.ca,Cheese and mushroom risotto,1 serving,dairy,179,shopify_shipping_weight,low,18.99,CAD,106.09,106.09,yes,catalog_feed,https://happyyak.ca/products/cheese-and-mushroom-risotto,2026-08-05,
Happy Yak,CA,happyyak.ca,Cheese and mushroom risotto,15 x 1 serving (boxes),dairy,2883,shopify_shipping_weight,low,276.30,CAD,95.84,95.84,yes,catalog_feed,https://happyyak.ca/products/cheese-and-mushroom-risotto,2026-08-05,
Happy Yak,CA,happyyak.ca,Vegetarian taco and tortilla mix,1 serving,meal,130,shopify_shipping_weight,low,15.99,CAD,123.00,123.00,yes,catalog_feed,https://happyyak.ca/products/vegetarian-taco-and-tortilla-mix,2026-08-05,
Happy Yak,CA,happyyak.ca,Vegetarian taco and tortilla mix,15 x 1 serving (boxes),meal,2283,shopify_shipping_weight,low,232.65,CAD,101.91,101.91,yes,catalog_feed,https://happyyak.ca/products/vegetarian-taco-and-tortilla-mix,2026-08-05,
Happy Yak,CA,happyyak.ca,Shepherd's pie,1 serving,meal,129,shopify_shipping_weight,low,19.99,CAD,154.96,154.96,yes,catalog_feed,https://happyyak.ca/products/shepherds-pie,2026-08-05,
Happy Yak,CA,happyyak.ca,Shepherd's pie,15 x 1 serving (boxes),meal,2133,shopify_shipping_weight,low,290.85,CAD,136.36,136.36,yes,catalog_feed,https://happyyak.ca/products/shepherds-pie,2026-08-05,
Happy Yak,CA,happyyak.ca,Mandarin beef and rice,1 serving,meat,184,shopify_shipping_weight,low,21.99,CAD,119.51,119.51,yes,catalog_feed,https://happyyak.ca/products/mandarin-beef-and-rice,2026-08-05,
Happy Yak,CA,happyyak.ca,Mandarin beef and rice,15 x 1 serving (boxes),meat,2968,shopify_shipping_weight,low,319.95,CAD,107.80,107.80,yes,catalog_feed,https://happyyak.ca/products/mandarin-beef-and-rice,2026-08-05,
Happy Yak,CA,happyyak.ca,Mediterranean pork,1 serving,meat,199,shopify_shipping_weight,low,18.99,CAD,95.43,95.43,yes,catalog_feed,https://happyyak.ca/products/mediterranean-pork,2026-08-05,
Happy Yak,CA,happyyak.ca,Mediterranean pork,15 x 1 serving (boxes),meat,3137,shopify_shipping_weight,low,276.30,CAD,88.08,88.08,yes,catalog_feed,https://happyyak.ca/products/mediterranean-pork,2026-08-05,
Happy Yak,CA,happyyak.ca,Teriyaki rice,1 serving,meal,184,shopify_shipping_weight,low,16.99,CAD,92.34,92.34,yes,catalog_feed,https://happyyak.ca/products/teriyaki-rice,2026-08-05,
Happy Yak,CA,happyyak.ca,Teriyaki rice,15 x 1 serving (boxes),meal,2912,shopify_shipping_weight,low,247.20,CAD,84.89,84.89,yes,catalog_feed,https://happyyak.ca/products/teriyaki-rice,2026-08-05,
Happy Yak,CA,happyyak.ca,Moroccan feast,1 serving,meal,194,shopify_shipping_weight,low,16.99,CAD,87.58,87.58,yes,catalog_feed,https://happyyak.ca/products/moroccan-feast,2026-08-05,
Happy Yak,CA,happyyak.ca,Moroccan feast,15 x 1 serving (boxes),meal,3062,shopify_shipping_weight,low,247.20,CAD,80.73,80.73,yes,catalog_feed,https://happyyak.ca/products/moroccan-feast,2026-08-05,
Happy Yak,CA,happyyak.ca,Mom's dried tomato and cheese macaroni,1 serving,dairy,189,shopify_shipping_weight,low,16.99,CAD,89.89,89.89,yes,catalog_feed,https://happyyak.ca/products/moms-dried-tomato-and-cheese-macaroni,2026-08-05,
Happy Yak,CA,happyyak.ca,Mom's dried tomato and cheese macaroni,15 x 1 serving (boxes),dairy,3033,shopify_shipping_weight,low,247.20,CAD,81.50,81.50,yes,catalog_feed,https://happyyak.ca/products/moms-dried-tomato-and-cheese-macaroni,2026-08-05,
Happy Yak,CA,happyyak.ca,Chicken blanquette and egg noodles,1 serving,egg,179,shopify_shipping_weight,low,18.99,CAD,106.09,106.09,yes,catalog_feed,https://happyyak.ca/products/chicken-blanquette-and-egg-noodles,2026-08-05,
Happy Yak,CA,happyyak.ca,Chicken blanquette and egg noodles,15 x 1 serving (boxes),egg,2883,shopify_shipping_weight,low,276.30,CAD,95.84,95.84,yes,catalog_feed,https://happyyak.ca/products/chicken-blanquette-and-egg-noodles,2026-08-05,
Happy Yak,CA,happyyak.ca,Beef stew with vegetables and potatoes,1 serving,meat,164,shopify_shipping_weight,low,19.99,CAD,121.89,121.89,yes,catalog_feed,https://happyyak.ca/products/beef-stew-with-vegetables-and-potatoes,2026-08-05,
Happy Yak,CA,happyyak.ca,Beef stew with vegetables and potatoes,15 x 1 serving (boxes),meat,2668,shopify_shipping_weight,low,290.85,CAD,109.01,109.01,yes,catalog_feed,https://happyyak.ca/products/beef-stew-with-vegetables-and-potatoes,2026-08-05,
Happy Yak,CA,happyyak.ca,Shrimp curry with rice,1 serving,meat,194,shopify_shipping_weight,low,19.99,CAD,103.04,103.04,yes,catalog_feed,https://happyyak.ca/products/shrimp-curry-with-rice,2026-08-05,
Happy Yak,CA,happyyak.ca,Shrimp curry with rice,15 x 1 serving (boxes),meat,3108,shopify_shipping_weight,low,290.85,CAD,93.58,93.58,yes,catalog_feed,https://happyyak.ca/products/shrimp-curry-with-rice,2026-08-05,
Happy Yak,CA,happyyak.ca,Braised pork with white wine mushroom sauce,1 serving,meat,169,shopify_shipping_weight,low,18.99,CAD,112.37,112.37,yes,catalog_feed,https://happyyak.ca/products/braised-pork,2026-08-05,
Happy Yak,CA,happyyak.ca,Braised pork with white wine mushroom sauce,15 x 1 serving (boxes),meat,2733,shopify_shipping_weight,low,276.30,CAD,101.10,101.10,yes,catalog_feed,https://happyyak.ca/products/braised-pork,2026-08-05,
Happy Yak,CA,happyyak.ca,Linguini rosa with shrimp,1 serving,meat,189,shopify_shipping_weight,low,19.99,CAD,105.77,105.77,yes,catalog_feed,https://happyyak.ca/products/linguini-rosa-with-shrimp,2026-08-05,
Happy Yak,CA,happyyak.ca,Linguini rosa with shrimp,15 x 1 serving (boxes),meat,3033,shopify_shipping_weight,low,290.85,CAD,95.90,95.90,yes,catalog_feed,https://happyyak.ca/products/linguini-rosa-with-shrimp,2026-08-05,
Happy Yak,CA,happyyak.ca,Spaghetti with neapolitan sauce,1 serving,meal,199,shopify_shipping_weight,low,16.99,CAD,85.38,85.38,yes,catalog_feed,https://happyyak.ca/products/hy-m001-p1_spaghetti_with_neapolitan_sauce,2026-08-05,
Happy Yak,CA,happyyak.ca,Spaghetti with neapolitan sauce,15 x 1 serving (boxes),meal,3183,shopify_shipping_weight,low,247.20,CAD,77.66,77.66,yes,catalog_feed,https://happyyak.ca/products/hy-m001-p1_spaghetti_with_neapolitan_sauce,2026-08-05,
Harmony House Foods,US,harmonyhousefoods.com,Freeze-Dried Strawberries Bundle,3 oz,fruit,85,variant_title,high,36.00,USD,423.53,580.24,yes,catalog_feed,https://harmonyhousefoods.com/products/freeze-dried-strawberries-bundle,2026-08-05,
Harmony House Foods,US,harmonyhousefoods.com,Freeze-Dried Raspberries Bundle,3.5 oz,fruit,99,variant_title,high,43.00,USD,434.34,595.05,yes,catalog_feed,https://harmonyhousefoods.com/products/freeze-dried-raspberries-bundle,2026-08-05,
Harmony House Foods,US,harmonyhousefoods.com,Freeze-Dried Peach Dices Bundle,2 oz,fruit,57,variant_title,high,29.00,USD,508.77,697.02,yes,catalog_feed,https://harmonyhousefoods.com/products/freeze-dried-peach-dices-bundle,2026-08-05,
Harmony House Foods,US,harmonyhousefoods.com,Freeze-Dried Mango Dices Bundle,4 oz,fruit,113,variant_title,high,39.00,USD,345.13,472.83,yes,catalog_feed,https://harmonyhousefoods.com/products/freeze-dried-mango-dices-bundle,2026-08-05,
Harmony House Foods,US,harmonyhousefoods.com,Freeze-Dried Pineapple Dices Bundle,5 oz,fruit,142,variant_title,high,43.00,USD,302.82,414.86,yes,catalog_feed,https://harmonyhousefoods.com/products/freeze-dried-pineapple-dices-bundle,2026-08-05,
Harmony House Foods,US,harmonyhousefoods.com,Freeze-Dried Cherries Bundle,4 oz,fruit,113,variant_title,high,46.00,USD,407.08,557.70,yes,catalog_feed,https://harmonyhousefoods.com/products/freeze-dried-cherries-bundle,2026-08-05,
Harmony House Foods,US,harmonyhousefoods.com,Freeze-Dried Blueberries Bundle,6 oz,fruit,170,variant_title,high,43.00,USD,252.94,346.53,yes,catalog_feed,https://harmonyhousefoods.com/products/freeze-dried-blueberries-bundle,2026-08-05,
Harmony House Foods,US,harmonyhousefoods.com,Freeze-Dried Bananas Bundle,6 oz,fruit,170,variant_title,high,33.00,USD,194.12,265.94,yes,catalog_feed,https://harmonyhousefoods.com/products/freeze-dried-bananas-bundle,2026-08-05,
Harmony House Foods,US,harmonyhousefoods.com,Freeze-Dried Apple Dices Bundle,4 oz,fruit,113,variant_title,high,36.00,USD,318.58,436.46,yes,catalog_feed,https://harmonyhousefoods.com/products/freeze-dried-apple-dices-bundle,2026-08-05,
Harmony House Foods,US,harmonyhousefoods.com,Freeze-Dried Grape Halves (9.45 oz) Bundle,,fruit,268,product_title,high,43.00,USD,160.45,219.81,yes,catalog_feed,https://harmonyhousefoods.com/products/freeze-dried-grape-halves-9-45-oz-bundle,2026-08-05,
Harmony House Foods,US,harmonyhousefoods.com,Organic Freeze-Dried Mango Dices,4.75,fruit,227,shopify_shipping_weight,low,43.00,USD,189.43,259.52,yes,catalog_feed,https://harmonyhousefoods.com/products/organic-freeze-dried-mangoes,2026-08-05,
Harmony House Foods,US,harmonyhousefoods.com,Organic Freeze-Dried Mango Dices,25 Lb. Wholesale Box,fruit,11340,variant_title,high,1285.00,USD,113.32,155.24,no,catalog_feed,https://harmonyhousefoods.com/products/organic-freeze-dried-mangoes,2026-08-05,
Harmony House Foods,US,harmonyhousefoods.com,Beach House Essentials (23 ct),,vegetable,3674,shopify_shipping_weight,low,329.00,USD,89.55,122.68,yes,catalog_feed,https://harmonyhousefoods.com/products/beach-house-essentials-23-count,2026-08-05,
Harmony House Foods,US,harmonyhousefoods.com,Freeze-Dried Grape Halves (9.45 oz),,fruit,268,product_title,high,43.00,USD,160.45,219.81,yes,catalog_feed,https://harmonyhousefoods.com/products/freeze-dried-grape-halves-9-45-oz,2026-08-05,
Harmony House Foods,US,harmonyhousefoods.com,Organic Freeze-Dried Banana Dices,7 oz,fruit,198,variant_title,high,36.00,USD,181.82,249.09,yes,catalog_feed,https://harmonyhousefoods.com/products/organic-freeze-dried-banana-dices,2026-08-05,
Harmony House Foods,US,harmonyhousefoods.com,Organic Freeze-Dried Banana Dices,20 Lb. Wholesale Box,fruit,9072,variant_title,high,614.00,USD,67.68,92.72,no,catalog_feed,https://harmonyhousefoods.com/products/organic-freeze-dried-banana-dices,2026-08-05,
Harmony House Foods,US,harmonyhousefoods.com,Dehydrated Apple Chips,2 oz,fruit,57,variant_title,high,7.00,USD,122.81,168.25,yes,catalog_feed,https://harmonyhousefoods.com/products/dehydrated-apple-chips,2026-08-05,
Harmony House Foods,US,harmonyhousefoods.com,Dehydrated Apple Chips,12 Lb Wholesale Box,fruit,5443,variant_title,high,286.00,USD,52.54,71.99,no,catalog_feed,https://harmonyhousefoods.com/products/dehydrated-apple-chips,2026-08-05,
Harmony House Foods,US,harmonyhousefoods.com,Organic Freeze-Dried Blueberries,4.75 oz,fruit,135,variant_title,high,46.00,USD,340.74,466.81,yes,catalog_feed,https://harmonyhousefoods.com/products/organic-freeze-dried-blueberries,2026-08-05,
Harmony House Foods,US,harmonyhousefoods.com,Organic Freeze-Dried Blueberries,25 Lb. Wholesale Box,fruit,11340,variant_title,high,1342.00,USD,118.34,162.13,no,catalog_feed,https://harmonyhousefoods.com/products/organic-freeze-dried-blueberries,2026-08-05,
Harmony House Foods,US,harmonyhousefoods.com,Organic Freeze-Dried Apple Dices,3 oz,fruit,85,variant_title,high,39.00,USD,458.82,628.59,yes,catalog_feed,https://harmonyhousefoods.com/products/organic-freeze-dried-apple-dices,2026-08-05,
Harmony House Foods,US,harmonyhousefoods.com,Organic Freeze-Dried Apple Dices,20 Lb. Wholesale Box,fruit,9072,variant_title,high,1143.00,USD,125.99,172.61,no,catalog_feed,https://harmonyhousefoods.com/products/organic-freeze-dried-apple-dices,2026-08-05,
Harmony House Foods,US,harmonyhousefoods.com,Organic Freeze-Dried Raspberries,3 oz,fruit,85,variant_title,high,46.00,USD,541.18,741.41,yes,catalog_feed,https://harmonyhousefoods.com/products/organic-freeze-dried-raspberries,2026-08-05,
Harmony House Foods,US,harmonyhousefoods.com,Organic Freeze-Dried Raspberries,20 Lb. Wholesale Box,fruit,9072,variant_title,high,1856.00,USD,204.59,280.28,no,catalog_feed,https://harmonyhousefoods.com/products/organic-freeze-dried-raspberries,2026-08-05,
Harmony House Foods,US,harmonyhousefoods.com,"Organic Fruit Assortment (4 Varieties, Quart Size)",,fruit,948,shopify_shipping_weight,low,136.00,USD,143.46,196.54,yes,catalog_feed,https://harmonyhousefoods.com/products/organic-fruit-assortment-4-varieties-quart-size,2026-08-05,
Harmony House Foods,US,harmonyhousefoods.com,Organic Freeze-Dried Pineapple Dices,3.5oz,fruit,99,variant_title,high,46.00,USD,464.65,636.57,no,catalog_feed,https://harmonyhousefoods.com/products/organic-freeze-dried-pineapple-dices,2026-08-05,
Harmony House Foods,US,harmonyhousefoods.com,Organic Freeze-Dried Pineapple Dices,20 Lb. Wholesale Box,fruit,9072,variant_title,high,1143.00,USD,125.99,172.61,no,catalog_feed,https://harmonyhousefoods.com/products/organic-freeze-dried-pineapple-dices,2026-08-05,
Harmony House Foods,US,harmonyhousefoods.com,Freeze-Dried Pineapple Dices,5 oz,fruit,142,variant_title,high,43.00,USD,302.82,414.86,yes,catalog_feed,https://harmonyhousefoods.com/products/freeze-dried-pineapple-dices,2026-08-05,
Harmony House Foods,US,harmonyhousefoods.com,Freeze-Dried Pineapple Dices,20 Lb. Wholesale Box,fruit,9072,variant_title,high,1280.00,USD,141.09,193.30,no,catalog_feed,https://harmonyhousefoods.com/products/freeze-dried-pineapple-dices,2026-08-05,
Harmony House Foods,US,harmonyhousefoods.com,Freeze-Dried Mushroom Dices,1.5 oz.,vegetable,43,variant_title,high,29.00,USD,674.42,923.95,yes,catalog_feed,https://harmonyhousefoods.com/products/freeze-dried-mushroom-dices,2026-08-05,
Harmony House Foods,US,harmonyhousefoods.com,Freeze-Dried Mushroom Dices,10 lb,vegetable,4536,variant_title,high,1000.00,USD,220.46,302.03,no,catalog_feed,https://harmonyhousefoods.com/products/freeze-dried-mushroom-dices,2026-08-05,
Harmony House Foods,US,harmonyhousefoods.com,Freeze-Dried Peach Dices,2 oz,fruit,57,variant_title,high,29.00,USD,508.77,697.02,yes,catalog_feed,https://harmonyhousefoods.com/products/freeze-dried-peach-dices,2026-08-05,
Harmony House Foods,US,harmonyhousefoods.com,Freeze-Dried Peach Dices,20 lb. Wholesale Box,fruit,9072,variant_title,high,1200.00,USD,132.28,181.22,no,catalog_feed,https://harmonyhousefoods.com/products/freeze-dried-peach-dices,2026-08-05,
Harmony House Foods,US,harmonyhousefoods.com,Freeze-Dried Blueberry Powder (4 Cups / 64 Tbs),,fruit,567,shopify_shipping_weight,low,110.00,USD,194.00,265.78,yes,catalog_feed,https://harmonyhousefoods.com/products/freeze-dried-blueberry-powder-4-cups-64-tbs,2026-08-05,
Harmony House Foods,US,harmonyhousefoods.com,Freeze-Dried Pineapple Powder (4 Cups / 64 Tbs),,fruit,567,shopify_shipping_weight,low,85.00,USD,149.91,205.38,yes,catalog_feed,https://harmonyhousefoods.com/products/freeze-dried-pineapple-powder-4-cups-64-tbs,2026-08-05,
Harmony House Foods,US,harmonyhousefoods.com,Freeze-Dried Raspberry Powder (4 Cups / 64 Tbs),,fruit,567,shopify_shipping_weight,low,110.00,USD,194.00,265.78,yes,catalog_feed,https://harmonyhousefoods.com/products/freeze-dried-raspberry-powder-4-cups-64-tbs,2026-08-05,
Harmony House Foods,US,harmonyhousefoods.com,Freeze-Dried Supersweet Corn,8 oz,vegetable,227,variant_title,high,29.00,USD,127.75,175.02,yes,catalog_feed,https://harmonyhousefoods.com/products/freeze-dried-super-sweet-corn,2026-08-05,
Harmony House Foods,US,harmonyhousefoods.com,Freeze-Dried Supersweet Corn,19 lb,vegetable,8618,variant_title,high,572.00,USD,66.37,90.93,no,catalog_feed,https://harmonyhousefoods.com/products/freeze-dried-super-sweet-corn,2026-08-05,
Harmony House Foods,US,harmonyhousefoods.com,Freeze-Dried Blueberries,6 oz,fruit,170,variant_title,high,43.00,USD,252.94,346.53,yes,catalog_feed,https://harmonyhousefoods.com/products/freeze-dried-blueberries,2026-08-05,
Harmony House Foods,US,harmonyhousefoods.com,Freeze-Dried Blueberries,25 Lb. Wholesale Box,fruit,11340,variant_title,high,1285.00,USD,113.32,155.24,no,catalog_feed,https://harmonyhousefoods.com/products/freeze-dried-blueberries,2026-08-05,
Harmony House Foods,US,harmonyhousefoods.com,Freeze-Dried Raspberries,3.5 oz,fruit,99,variant_title,high,43.00,USD,434.34,595.05,yes,catalog_feed,https://harmonyhousefoods.com/products/freeze-dried-raspberries,2026-08-05,
Harmony House Foods,US,harmonyhousefoods.com,Freeze-Dried Raspberries,20 Lb. Wholesale Box,fruit,9072,variant_title,high,1799.00,USD,198.30,271.67,no,catalog_feed,https://harmonyhousefoods.com/products/freeze-dried-raspberries,2026-08-05,
Harmony House Foods,US,harmonyhousefoods.com,Freeze-Dried Cherries,4 oz,fruit,113,variant_title,high,46.00,USD,407.08,557.70,yes,catalog_feed,https://harmonyhousefoods.com/products/freeze-dried-cherries,2026-08-05,
Harmony House Foods,US,harmonyhousefoods.com,Freeze-Dried Cherries,30 Lb. Wholesale Box,fruit,13608,variant_title,high,1228.00,USD,90.24,123.63,no,catalog_feed,https://harmonyhousefoods.com/products/freeze-dried-cherries,2026-08-05,
Harmony House Foods,US,harmonyhousefoods.com,Freeze-Dried Apple Dices,4 oz,fruit,113,variant_title,high,36.00,USD,318.58,436.46,yes,catalog_feed,https://harmonyhousefoods.com/products/freeze-dried-apple-dices,2026-08-05,
Harmony House Foods,US,harmonyhousefoods.com,Freeze-Dried Apple Dices,20 Lb. Wholesale Box,fruit,9072,variant_title,high,1043.00,USD,114.97,157.51,no,catalog_feed,https://harmonyhousefoods.com/products/freeze-dried-apple-dices,2026-08-05,
Harmony House Foods,US,harmonyhousefoods.com,"Berry Medley (4 Jars, Quart Size)",,fruit,1134,shopify_shipping_weight,low,129.00,USD,113.76,155.85,yes,catalog_feed,https://harmonyhousefoods.com/products/berry-medley-4-jars-quart-size,2026-08-05,
Harmony House Foods,US,harmonyhousefoods.com,Freeze-Dried Mushroom Slices (1.5 oz.),1.5 oz.,vegetable,43,variant_title,high,25.00,USD,581.40,796.51,yes,catalog_feed,https://harmonyhousefoods.com/products/freeze-dried-mushrooms,2026-08-05,
Harmony House Foods,US,harmonyhousefoods.com,Freeze-Dried Mushroom Slices (1.5 oz.),10 lb,vegetable,4536,variant_title,high,1000.00,USD,220.46,302.03,no,catalog_feed,https://harmonyhousefoods.com/products/freeze-dried-mushrooms,2026-08-05,
Harmony House Foods,US,harmonyhousefoods.com,Freeze-Dried Green Peas,10 oz.,vegetable,283,variant_title,high,33.00,USD,116.61,159.75,yes,catalog_feed,https://harmonyhousefoods.com/products/freeze-dried-green-peas,2026-08-05,
Harmony House Foods,US,harmonyhousefoods.com,Freeze-Dried Green Peas,22 lb,vegetable,9979,variant_title,high,250.00,USD,25.05,34.32,yes,catalog_feed,https://harmonyhousefoods.com/products/freeze-dried-green-peas,2026-08-05,
Harmony House Foods,US,harmonyhousefoods.com,"Deluxe Fruit Assortment (12 Jars, Quart Size)",,fruit,2889,shopify_shipping_weight,low,357.00,USD,123.57,169.29,yes,catalog_feed,https://harmonyhousefoods.com/products/deluxe-fruit-assortment-12-jars-quart-size,2026-08-05,
Harmony House Foods,US,harmonyhousefoods.com,"Tropical Fruit Medley (4 Jars, Quart Size)",,fruit,1134,shopify_shipping_weight,low,129.00,USD,113.76,155.85,yes,catalog_feed,https://harmonyhousefoods.com/products/tropical-fruit-medley-4-jars-quart-size,2026-08-05,
Harmony House Foods,US,harmonyhousefoods.com,Freeze-Dried Soybeans (8 oz),8 oz,vegetable,227,variant_title,high,37.00,USD,163.00,223.30,yes,catalog_feed,https://harmonyhousefoods.com/products/freeze-dried-soybeans,2026-08-05,
Harmony House Foods,US,harmonyhousefoods.com,Freeze-Dried Soybeans (8 oz),30 lb,vegetable,13608,variant_title,high,1000.00,USD,73.49,100.68,no,catalog_feed,https://harmonyhousefoods.com/products/freeze-dried-soybeans,2026-08-05,
Harmony House Foods,US,harmonyhousefoods.com,"Orchard Fruit Medley (4 Jars, Quart Size)",,fruit,1021,shopify_shipping_weight,low,129.00,USD,126.35,173.10,yes,catalog_feed,https://harmonyhousefoods.com/products/orchard-fruit-medley-4-jars-quart-size,2026-08-05,
Harmony House Foods,US,harmonyhousefoods.com,Freeze-Dried Strawberries,3 oz,fruit,85,variant_title,high,36.00,USD,423.53,580.24,yes,catalog_feed,https://harmonyhousefoods.com/products/freeze-dried-strawberries-sliced,2026-08-05,
Harmony House Foods,US,harmonyhousefoods.com,Freeze-Dried Strawberries,15 LB WHOLESALE BOX,fruit,6804,variant_title,high,900.00,USD,132.28,181.22,no,catalog_feed,https://harmonyhousefoods.com/products/freeze-dried-strawberries-sliced,2026-08-05,
Harmony House Foods,US,harmonyhousefoods.com,Freeze-Dried Bananas,6 oz,fruit,170,variant_title,high,33.00,USD,194.12,265.94,yes,catalog_feed,https://harmonyhousefoods.com/products/freeze-dried-bananas,2026-08-05,
Harmony House Foods,US,harmonyhousefoods.com,Freeze-Dried Bananas,20 Lb. Wholesale Box,fruit,9072,variant_title,high,572.00,USD,63.05,86.38,no,catalog_feed,https://harmonyhousefoods.com/products/freeze-dried-bananas,2026-08-05,
Harmony House Foods,US,harmonyhousefoods.com,Freeze-Dried Mango Dices,4 oz,fruit,113,variant_title,high,39.00,USD,345.13,472.83,yes,catalog_feed,https://harmonyhousefoods.com/products/freeze-dried-mangoes,2026-08-05,
Harmony House Foods,US,harmonyhousefoods.com,Freeze-Dried Mango Dices,25 Lb. Wholesale Box,fruit,11340,variant_title,high,1257.00,USD,110.85,151.86,no,catalog_feed,https://harmonyhousefoods.com/products/freeze-dried-mangoes,2026-08-05,
Lyo & Co,CA,lyoetco.ca,Camerises du Québec,250g (28$/ 100g),fruit,250,variant_title,high,70.00,CAD,280.00,280.00,no,catalog_feed,https://lyoetco.ca/products/camerises-du-quebec-en-gros,2026-08-05,
Lyo & Co,CA,lyoetco.ca,Camerises du Québec,500g (27$/ 100g),fruit,500,variant_title,high,135.00,CAD,270.00,270.00,no,catalog_feed,https://lyoetco.ca/products/camerises-du-quebec-en-gros,2026-08-05,
Lyo & Co,CA,lyoetco.ca,Camerises du Québec,1kg (25$/ 100g),fruit,1000,variant_title,high,250.00,CAD,250.00,250.00,no,catalog_feed,https://lyoetco.ca/products/camerises-du-quebec-en-gros,2026-08-05,
Lyo & Co,CA,lyoetco.ca,Bleuets sauvages du Québec,250g (28$/ 100g),fruit,250,variant_title,high,70.00,CAD,280.00,280.00,yes,catalog_feed,https://lyoetco.ca/products/bleuets-sauvages-du-quebec-en-gros,2026-08-05,
Lyo & Co,CA,lyoetco.ca,Bleuets sauvages du Québec,500g (25$/ 100g),fruit,500,variant_title,high,125.00,CAD,250.00,250.00,yes,catalog_feed,https://lyoetco.ca/products/bleuets-sauvages-du-quebec-en-gros,2026-08-05,
Lyo & Co,CA,lyoetco.ca,Bleuets sauvages du Québec,1kg (22.50$/ 100g),fruit,1000,variant_title,high,225.00,CAD,225.00,225.00,yes,catalog_feed,https://lyoetco.ca/products/bleuets-sauvages-du-quebec-en-gros,2026-08-05,
Lyo & Co,CA,lyoetco.ca,Banane en poudre,500g,powder,500,variant_title,high,59.00,CAD,118.00,118.00,yes,catalog_feed,https://lyoetco.ca/products/banane-en-poudre,2026-08-05,
Lyo & Co,CA,lyoetco.ca,Banane en poudre,1kg,powder,1000,variant_title,high,99.00,CAD,99.00,99.00,yes,catalog_feed,https://lyoetco.ca/products/banane-en-poudre,2026-08-05,
Lyo & Co,CA,lyoetco.ca,Pomme du Québec tranchées,250g (30$/ 100g),fruit,250,variant_title,high,75.00,CAD,300.00,300.00,yes,catalog_feed,https://lyoetco.ca/products/pomme-du-quebec-tranchees-en-gros,2026-08-05,
Lyo & Co,CA,lyoetco.ca,Pomme du Québec tranchées,500g (27$/ 100g),fruit,500,variant_title,high,135.00,CAD,270.00,270.00,yes,catalog_feed,https://lyoetco.ca/products/pomme-du-quebec-tranchees-en-gros,2026-08-05,
Lyo & Co,CA,lyoetco.ca,Pomme du Québec tranchées,1kg (25$/ 100g),fruit,1000,variant_title,high,250.00,CAD,250.00,250.00,yes,catalog_feed,https://lyoetco.ca/products/pomme-du-quebec-tranchees-en-gros,2026-08-05,
Lyo & Co,CA,lyoetco.ca,Framboises du Québec émiettées,,fruit,,none,none,48.50,CAD,,,yes,catalog_feed,https://lyoetco.ca/products/framboises-du-quebec-emiettees-en-gros,2026-08-05,
Lyo & Co,CA,lyoetco.ca,Pomme du Québec tranchées à la cannelle,250g (30$/ 100g),fruit,250,variant_title,high,75.00,CAD,300.00,300.00,yes,catalog_feed,https://lyoetco.ca/products/pomme-du-quebec-tranchees-la-cannelle-en-gros,2026-08-05,
Lyo & Co,CA,lyoetco.ca,Pomme du Québec tranchées à la cannelle,500g (27$/ 100g),fruit,500,variant_title,high,135.00,CAD,270.00,270.00,yes,catalog_feed,https://lyoetco.ca/products/pomme-du-quebec-tranchees-la-cannelle-en-gros,2026-08-05,
Lyo & Co,CA,lyoetco.ca,Pomme du Québec tranchées à la cannelle,1kg (25$/ 100g),fruit,1000,variant_title,high,250.00,CAD,250.00,250.00,yes,catalog_feed,https://lyoetco.ca/products/pomme-du-quebec-tranchees-la-cannelle-en-gros,2026-08-05,
Lyo & Co,CA,lyoetco.ca,Framboises du Québec entières,250g (42$/ 100g),fruit,250,variant_title,high,105.00,CAD,420.00,420.00,yes,catalog_feed,https://lyoetco.ca/products/framboises-du-quebec-entieres-en-gros,2026-08-05,
Lyo & Co,CA,lyoetco.ca,Framboises du Québec entières,500g (37$/ 100g),fruit,500,variant_title,high,185.00,CAD,370.00,370.00,yes,catalog_feed,https://lyoetco.ca/products/framboises-du-quebec-entieres-en-gros,2026-08-05,
Lyo & Co,CA,lyoetco.ca,Framboises du Québec entières,1kg (29.50$/ 100g),fruit,1000,variant_title,high,295.00,CAD,295.00,295.00,yes,catalog_feed,https://lyoetco.ca/products/framboises-du-quebec-entieres-en-gros,2026-08-05,
Lyo & Co,CA,lyoetco.ca,Fraises du Québec tranchées,250g (43.60$ / 100g),fruit,250,variant_title,high,109.00,CAD,436.00,436.00,yes,catalog_feed,https://lyoetco.ca/products/fraises-du-quebec-tranches-en-gros,2026-08-05,
Lyo & Co,CA,lyoetco.ca,Fraises du Québec tranchées,500g (33.80$ / 100g),fruit,500,variant_title,high,169.00,CAD,338.00,338.00,yes,catalog_feed,https://lyoetco.ca/products/fraises-du-quebec-tranches-en-gros,2026-08-05,
Lyo & Co,CA,lyoetco.ca,Fraises du Québec tranchées,1kg (28.90$ / 100g),fruit,1000,variant_title,high,289.00,CAD,289.00,289.00,yes,catalog_feed,https://lyoetco.ca/products/fraises-du-quebec-tranches-en-gros,2026-08-05,
Lyo & Co,CA,lyoetco.ca,Concombre au cornichon à l'aneth,,vegetable,,none,none,7.95,CAD,,,yes,catalog_feed,https://lyoetco.ca/products/concombre-au-cornichon-a-laneth,2026-08-05,
Lyo & Co,CA,lyoetco.ca,Boîte - La Santé,,other,,none,none,70.00,CAD,,,yes,catalog_feed,https://lyoetco.ca/products/la-sante,2026-08-05,
Lyo & Co,CA,lyoetco.ca,Boîte - La dent sucrée,,candy,,none,none,65.00,CAD,,,yes,catalog_feed,https://lyoetco.ca/products/la-dent-sucree,2026-08-05,
Lyo & Co,CA,lyoetco.ca,Boîte - Les essentiels,,other,,none,none,65.00,CAD,,,yes,catalog_feed,https://lyoetco.ca/products/les-essentiels,2026-08-05,
Lyo & Co,CA,lyoetco.ca,Fraises du Québec tranchées,1 sac,fruit,,none,none,7.95,CAD,,,yes,catalog_feed,https://lyoetco.ca/products/fraises-du-quebec-tranchees,2026-08-05,
Lyo & Co,CA,lyoetco.ca,Fraises du Québec tranchées,3 sacs,fruit,,none,none,23.25,CAD,,,yes,catalog_feed,https://lyoetco.ca/products/fraises-du-quebec-tranchees,2026-08-05,
Lyo & Co,CA,lyoetco.ca,Fraises du Québec tranchées,5 sacs,fruit,,none,none,38.25,CAD,,,yes,catalog_feed,https://lyoetco.ca/products/fraises-du-quebec-tranchees,2026-08-05,
Lyo & Co,CA,lyoetco.ca,Litchis de Madagascar,,fruit,30,shopify_shipping_weight,low,8.95,CAD,298.33,298.33,yes,catalog_feed,https://lyoetco.ca/products/litchis_de_madagascar,2026-08-05,
Lyo & Co,CA,lyoetco.ca,Fruit du Jaquier de Madagascar,,fruit,30,shopify_shipping_weight,low,9.75,CAD,325.00,325.00,yes,catalog_feed,https://lyoetco.ca/products/fruit-du-jaquier,2026-08-05,
Lyo & Co,CA,lyoetco.ca,Rouleaux fruités Pomme verte et Melon d'eau,,fruit,70,shopify_shipping_weight,low,10.95,CAD,156.43,156.43,yes,catalog_feed,https://lyoetco.ca/products/rouleaux-fruites,2026-08-05,
Lyo & Co,CA,lyoetco.ca,Anneaux à la framboise,1 sac,fruit,40,shopify_shipping_weight,low,7.95,CAD,198.75,198.75,yes,catalog_feed,https://lyoetco.ca/products/anneaux-a-la-framboise,2026-08-05,
Lyo & Co,CA,lyoetco.ca,Anneaux à la framboise,3 sacs,fruit,40,shopify_shipping_weight,low,23.25,CAD,581.25,581.25,yes,catalog_feed,https://lyoetco.ca/products/anneaux-a-la-framboise,2026-08-05,
Lyo & Co,CA,lyoetco.ca,Anneaux à la framboise,5 sacs,fruit,40,shopify_shipping_weight,low,38.25,CAD,,,yes,catalog_feed,https://lyoetco.ca/products/anneaux-a-la-framboise,2026-08-05,implausible_from_shipping_weight(956)
Lyo & Co,CA,lyoetco.ca,Bleuets sauvages du Québec,,fruit,55,shopify_shipping_weight,low,8.95,CAD,162.73,162.73,yes,catalog_feed,https://lyoetco.ca/products/bleuets-sauvages-du-quebec,2026-08-05,
Lyo & Co,CA,lyoetco.ca,Anneaux à la pomme verte,,fruit,75,shopify_shipping_weight,low,7.95,CAD,106.00,106.00,yes,catalog_feed,https://lyoetco.ca/products/anneaux-a-la-pomme-verte,2026-08-05,
Lyo & Co,CA,lyoetco.ca,Fruit du Dragon rose,,fruit,,none,none,8.95,CAD,,,yes,catalog_feed,https://lyoetco.ca/products/fruit-du-dragon-rose,2026-08-05,
Lyo & Co,CA,lyoetco.ca,Chandelle Fraises du Québec,Petite (4oz),fruit,113,variant_title,high,15.00,CAD,132.74,132.74,no,catalog_feed,https://lyoetco.ca/products/chandelle-fraise-du-quebec,2026-08-05,
Lyo & Co,CA,lyoetco.ca,Chandelle Fraises du Québec,Grande (8oz),fruit,227,variant_title,high,25.00,CAD,110.13,110.13,yes,catalog_feed,https://lyoetco.ca/products/chandelle-fraise-du-quebec,2026-08-05,
Lyo & Co,CA,lyoetco.ca,Chandelle Bonbon à la pêche,Petite (4oz),candy,113,variant_title,high,15.00,CAD,132.74,132.74,yes,catalog_feed,https://lyoetco.ca/products/chandelle-bonbon-peche,2026-08-05,
Lyo & Co,CA,lyoetco.ca,Chandelle Bonbon à la pêche,Grande (8oz),candy,227,variant_title,high,25.00,CAD,110.13,110.13,yes,catalog_feed,https://lyoetco.ca/products/chandelle-bonbon-peche,2026-08-05,
Lyo & Co,CA,lyoetco.ca,Framboises du Québec,Entières (20g),fruit,20,variant_title,high,8.95,CAD,447.50,447.50,yes,catalog_feed,https://lyoetco.ca/products/framboiseslyophilisees,2026-08-05,
Lyo & Co,CA,lyoetco.ca,Framboises du Québec,Émiettées (30g),fruit,30,variant_title,high,7.95,CAD,265.00,265.00,yes,catalog_feed,https://lyoetco.ca/products/framboiseslyophilisees,2026-08-05,
Lyo & Co,CA,lyoetco.ca,Framboises du Québec,Format familial (40g),fruit,40,variant_title,high,16.95,CAD,423.75,423.75,yes,catalog_feed,https://lyoetco.ca/products/framboiseslyophilisees,2026-08-05,
Lyo & Co,CA,lyoetco.ca,Carte-cadeau virtuelle Lyo & Co.,"20,00$",other,,none,none,20.00,CAD,,,yes,catalog_feed,https://lyoetco.ca/products/carte-cadeau-lyo-co,2026-08-05,
Lyo & Co,CA,lyoetco.ca,Carte-cadeau virtuelle Lyo & Co.,"25,00 $",other,,none,none,25.00,CAD,,,yes,catalog_feed,https://lyoetco.ca/products/carte-cadeau-lyo-co,2026-08-05,
Lyo & Co,CA,lyoetco.ca,Carte-cadeau virtuelle Lyo & Co.,"30,00$",other,,none,none,30.00,CAD,,,yes,catalog_feed,https://lyoetco.ca/products/carte-cadeau-lyo-co,2026-08-05,
Lyo & Co,CA,lyoetco.ca,Carte-cadeau virtuelle Lyo & Co.,"40,00$",other,,none,none,40.00,CAD,,,yes,catalog_feed,https://lyoetco.ca/products/carte-cadeau-lyo-co,2026-08-05,
Lyo & Co,CA,lyoetco.ca,Carte-cadeau virtuelle Lyo & Co.,"50,00 $",other,,none,none,50.00,CAD,,,yes,catalog_feed,https://lyoetco.ca/products/carte-cadeau-lyo-co,2026-08-05,
Lyo & Co,CA,lyoetco.ca,Carte-cadeau virtuelle Lyo & Co.,"75,00$",other,,none,none,75.00,CAD,,,yes,catalog_feed,https://lyoetco.ca/products/carte-cadeau-lyo-co,2026-08-05,
Lyo & Co,CA,lyoetco.ca,Carte-cadeau virtuelle Lyo & Co.,"100,00 $",other,,none,none,100.00,CAD,,,yes,catalog_feed,https://lyoetco.ca/products/carte-cadeau-lyo-co,2026-08-05,
Lyo & Co,CA,lyoetco.ca,Carte-cadeau virtuelle Lyo & Co.,"150,00$",other,,none,none,150.00,CAD,,,yes,catalog_feed,https://lyoetco.ca/products/carte-cadeau-lyo-co,2026-08-05,
Lyo & Co,CA,lyoetco.ca,Carte-cadeau virtuelle Lyo & Co.,"200,00$",other,,none,none,200.00,CAD,,,yes,catalog_feed,https://lyoetco.ca/products/carte-cadeau-lyo-co,2026-08-05,
Lyo & Co,CA,lyoetco.ca,Bombes choco-caramel,,candy,65,shopify_shipping_weight,low,7.95,CAD,122.31,122.31,yes,catalog_feed,https://lyoetco.ca/products/bombes-choco-caramel,2026-08-05,
Lyo & Co,CA,lyoetco.ca,Vers de terre,,candy,55,shopify_shipping_weight,low,7.50,CAD,136.36,136.36,yes,catalog_feed,https://lyoetco.ca/products/vers-de-terre,2026-08-05,
Lyo & Co,CA,lyoetco.ca,Bouchées de sandwich à la crème glacée,1 sac,candy,95,shopify_shipping_weight,low,8.95,CAD,94.21,94.21,yes,catalog_feed,https://lyoetco.ca/products/sandwich-a-la-creme-glacee,2026-08-05,
Lyo & Co,CA,lyoetco.ca,Bouchées de sandwich à la crème glacée,3 sacs,candy,95,shopify_shipping_weight,low,26.25,CAD,276.32,276.32,yes,catalog_feed,https://lyoetco.ca/products/sandwich-a-la-creme-glacee,2026-08-05,
Lyo & Co,CA,lyoetco.ca,Bouchées de sandwich à la crème glacée,5 sacs,candy,95,shopify_shipping_weight,low,42.50,CAD,447.37,447.37,yes,catalog_feed,https://lyoetco.ca/products/sandwich-a-la-creme-glacee,2026-08-05,
Lyo & Co,CA,lyoetco.ca,Pommes du Québec à la cannelle,1 sac,fruit,55,shopify_shipping_weight,low,7.95,CAD,144.55,144.55,yes,catalog_feed,https://lyoetco.ca/products/pommes-du-quebec-a-la-cannelle-lyophilisees,2026-08-05,
Lyo & Co,CA,lyoetco.ca,Pommes du Québec à la cannelle,3 sacs,fruit,55,shopify_shipping_weight,low,23.25,CAD,422.73,422.73,yes,catalog_feed,https://lyoetco.ca/products/pommes-du-quebec-a-la-cannelle-lyophilisees,2026-08-05,
Lyo & Co,CA,lyoetco.ca,Pommes du Québec à la cannelle,5 sacs,fruit,55,shopify_shipping_weight,low,37.75,CAD,,,yes,catalog_feed,https://lyoetco.ca/products/pommes-du-quebec-a-la-cannelle-lyophilisees,2026-08-05,implausible_from_shipping_weight(686)
Lyo & Co,CA,lyoetco.ca,Pommes du Québec nature,1 sac,fruit,55,shopify_shipping_weight,low,7.95,CAD,144.55,144.55,yes,catalog_feed,https://lyoetco.ca/products/pommes-du-quebec-nature-lyophilisees,2026-08-05,
Lyo & Co,CA,lyoetco.ca,Pommes du Québec nature,3 sacs,fruit,55,shopify_shipping_weight,low,23.25,CAD,422.73,422.73,yes,catalog_feed,https://lyoetco.ca/products/pommes-du-quebec-nature-lyophilisees,2026-08-05,
Lyo & Co,CA,lyoetco.ca,Pommes du Québec nature,5 sacs,fruit,55,shopify_shipping_weight,low,37.75,CAD,,,yes,catalog_feed,https://lyoetco.ca/products/pommes-du-quebec-nature-lyophilisees,2026-08-05,implausible_from_shipping_weight(686)
Lyo & Co,CA,lyoetco.ca,Pluie arc-en-ciel,Original,candy,150,shopify_shipping_weight,low,8.50,CAD,56.67,56.67,yes,catalog_feed,https://lyoetco.ca/products/pluie-arc-en-ciel,2026-08-05,
Lyo & Co,CA,lyoetco.ca,Pluie arc-en-ciel,Baies,candy,150,shopify_shipping_weight,low,9.25,CAD,61.67,61.67,yes,catalog_feed,https://lyoetco.ca/products/pluie-arc-en-ciel,2026-08-05,
Lyo & Co,CA,lyoetco.ca,Pluie arc-en-ciel,Sûr,candy,150,shopify_shipping_weight,low,9.95,CAD,66.33,66.33,yes,catalog_feed,https://lyoetco.ca/products/pluie-arc-en-ciel,2026-08-05,
Lyo & Co,CA,lyoetco.ca,Pluie arc-en-ciel,Tropical,candy,150,shopify_shipping_weight,low,9.25,CAD,61.67,61.67,yes,catalog_feed,https://lyoetco.ca/products/pluie-arc-en-ciel,2026-08-05,
Lyo & Co,CA,lyoetco.ca,Mini guimauves,,candy,55,shopify_shipping_weight,low,6.25,CAD,113.64,113.64,yes,catalog_feed,https://lyoetco.ca/products/minis-guimauves,2026-08-05,
Lyo & Co,CA,lyoetco.ca,Mandarines,,fruit,40,shopify_shipping_weight,low,8.95,CAD,223.75,223.75,no,catalog_feed,https://lyoetco.ca/products/mandarines-lyophilisees,2026-08-05,
Lyo & Co,CA,lyoetco.ca,Fraises du Québec entières,1 sac,fruit,50,shopify_shipping_weight,low,11.95,CAD,239.00,239.00,yes,catalog_feed,https://lyoetco.ca/products/fraises-du-quebec-lyophilisees-entieres,2026-08-05,
Lyo & Co,CA,lyoetco.ca,Fraises du Québec entières,3 sacs,fruit,50,shopify_shipping_weight,low,35.00,CAD,,,yes,catalog_feed,https://lyoetco.ca/products/fraises-du-quebec-lyophilisees-entieres,2026-08-05,implausible_from_shipping_weight(700)
Lyo & Co,CA,lyoetco.ca,Fraises du Québec entières,5 sacs,fruit,50,shopify_shipping_weight,low,58.50,CAD,,,yes,catalog_feed,https://lyoetco.ca/products/fraises-du-quebec-lyophilisees-entieres,2026-08-05,implausible_from_shipping_weight(1170)
Lyo & Co,CA,lyoetco.ca,Courgettes à la jardinière,Collation (10g),vegetable,10,variant_title,high,7.95,CAD,795.00,795.00,yes,catalog_feed,https://lyoetco.ca/products/courgettes-a-la-jardiniere-lyophilisees,2026-08-05,
Lyo & Co,CA,lyoetco.ca,Courgettes à la jardinière,Familial (25g),vegetable,25,variant_title,high,15.95,CAD,638.00,638.00,yes,catalog_feed,https://lyoetco.ca/products/courgettes-a-la-jardiniere-lyophilisees,2026-08-05,
Lyo & Co,CA,lyoetco.ca,Chou-fleur à la jardinière,,vegetable,50,shopify_shipping_weight,low,7.95,CAD,159.00,159.00,yes,catalog_feed,https://lyoetco.ca/products/chou-fleur-a-la-jardiniere-lyophilise,2026-08-05,
Lyo & Co,CA,lyoetco.ca,Caramels croustillants,,candy,50,shopify_shipping_weight,low,7.50,CAD,150.00,150.00,yes,catalog_feed,https://lyoetco.ca/products/caramels-croustillants,2026-08-05,
Lyo & Co,CA,lyoetco.ca,Camerises du Québec,,fruit,55,shopify_shipping_weight,low,8.95,CAD,162.73,162.73,yes,catalog_feed,https://lyoetco.ca/products/camerises-lyophilisees,2026-08-05,
Lyo & Co,CA,lyoetco.ca,Brocolis,Chili,vegetable,55,shopify_shipping_weight,low,7.95,CAD,144.55,144.55,yes,catalog_feed,https://lyoetco.ca/products/brocolis-lyophilises,2026-08-05,
Lyo & Co,CA,lyoetco.ca,Brocolis,Salé,vegetable,55,shopify_shipping_weight,low,7.95,CAD,144.55,144.55,yes,catalog_feed,https://lyoetco.ca/products/brocolis-lyophilises,2026-08-05,
Lyo & Co,CA,lyoetco.ca,Bouchées de Taffy,,candy,70,shopify_shipping_weight,low,7.95,CAD,113.57,113.57,yes,catalog_feed,https://lyoetco.ca/products/bouchees-de-taffy,2026-08-05,
Lyo & Co,CA,lyoetco.ca,Bananes,,fruit,65,shopify_shipping_weight,low,7.25,CAD,111.54,111.54,yes,catalog_feed,https://lyoetco.ca/products/bananes,2026-08-05,
Lyo & Co,CA,lyoetco.ca, Anneaux à la pêche,1 sac,candy,60,shopify_shipping_weight,low,7.95,CAD,132.50,132.50,yes,catalog_feed,https://lyoetco.ca/products/anneaux-a-la-peche-lyophilisees,2026-08-05,
Lyo & Co,CA,lyoetco.ca, Anneaux à la pêche,3 sacs,candy,60,shopify_shipping_weight,low,23.25,CAD,387.50,387.50,yes,catalog_feed,https://lyoetco.ca/products/anneaux-a-la-peche-lyophilisees,2026-08-05,
Lyo & Co,CA,lyoetco.ca, Anneaux à la pêche,5 sacs,candy,60,shopify_shipping_weight,low,38.25,CAD,,,yes,catalog_feed,https://lyoetco.ca/products/anneaux-a-la-peche-lyophilisees,2026-08-05,implausible_from_shipping_weight(638)
LyoFood,PL,lyofood.com,Mix & Chill,,meat,140,shopify_shipping_weight,low,15.00,EUR,107.14,159.64,yes,catalog_feed,https://lyofood.com/products/mix-chill,2026-08-05,
LyoFood,PL,lyofood.com,Pizzoccheri,Net wt. 120 g (370 g rehydrated),meat,120,variant_title,high,10.90,EUR,90.83,135.34,yes,catalog_feed,https://lyofood.com/products/pizzoccheri,2026-08-05,
LyoFood,PL,lyofood.com,Strawberry pasta,Net wt. 120 g (370 g rehydrated),meal,120,variant_title,high,8.90,EUR,74.17,110.51,yes,catalog_feed,https://lyofood.com/products/strawberry-pasta,2026-08-05,
LyoFood,PL,lyofood.com,Evening Pack - meat-free,,meat,543,shopify_shipping_weight,low,39.00,EUR,71.82,107.02,yes,catalog_feed,https://lyofood.com/products/evening-pack-meat-free,2026-08-05,
LyoFood,PL,lyofood.com,Afternoon Pack - meat-free,,meat,499,shopify_shipping_weight,low,37.00,EUR,74.15,110.48,yes,catalog_feed,https://lyofood.com/products/afternoon-pack-meat-free,2026-08-05,
LyoFood,PL,lyofood.com,Morning Pack - meat-free,,meat,543,shopify_shipping_weight,low,33.00,EUR,60.77,90.55,yes,catalog_feed,https://lyofood.com/products/morning-pack-meat-free,2026-08-05,
LyoFood,PL,lyofood.com,Afternoon Pack,,other,499,shopify_shipping_weight,low,37.00,EUR,74.15,110.48,yes,catalog_feed,https://lyofood.com/products/afternoon-pack,2026-08-05,
LyoFood,PL,lyofood.com,Morning Pack,,other,542,shopify_shipping_weight,low,33.00,EUR,60.89,90.72,yes,catalog_feed,https://lyofood.com/products/morning-pack,2026-08-05,
LyoFood,PL,lyofood.com,Evening Pack,,other,542,shopify_shipping_weight,low,39.00,EUR,71.96,107.21,yes,catalog_feed,https://lyofood.com/products/evening-pack,2026-08-05,
LyoFood,PL,lyofood.com,Emergency food kit 72h - gluten free,,other,1209,shopify_shipping_weight,low,106.00,EUR,87.68,130.64,yes,catalog_feed,https://lyofood.com/products/emergency-food-kit-gluten-free,2026-08-05,
LyoFood,PL,lyofood.com,Emergency food kit 72h - vegetarian,,other,1224,shopify_shipping_weight,low,99.00,EUR,80.88,120.51,yes,catalog_feed,https://lyofood.com/products/emergency-food-kit-vegetarian,2026-08-05,
LyoFood,PL,lyofood.com,Emergency food kit 72h - cheese,,dairy,960,shopify_shipping_weight,low,88.00,EUR,91.67,136.58,no,catalog_feed,https://lyofood.com/products/emergency-food-kit-cheese,2026-08-05,
LyoFood,PL,lyofood.com,Emergency food kit 72h - meat,,meat,1218,shopify_shipping_weight,low,107.00,EUR,87.85,130.89,no,catalog_feed,https://lyofood.com/products/emergency-food-kit-meat,2026-08-05,
LyoFood,PL,lyofood.com,Cheddar cheese,Net wt. 80 g,dairy,80,variant_title,high,6.90,EUR,86.25,128.51,yes,catalog_feed,https://lyofood.com/products/cheddar-cheese,2026-08-05,
LyoFood,PL,lyofood.com,Strawberry & Rhubarb Crumble,Net wt. 70 g (140 g rehydrated),fruit,70,variant_title,high,5.90,EUR,84.29,125.59,yes,catalog_feed,https://lyofood.com/products/strawberry-rhubarb-crumble,2026-08-05,
LyoFood,PL,lyofood.com,Sour Cherry Crumble,Net wt. 70 g (140 g rehydrated),candy,70,variant_title,high,5.90,EUR,84.29,125.59,yes,catalog_feed,https://lyofood.com/products/sour-cherry-crumble,2026-08-05,
LyoFood,PL,lyofood.com,Porcini Risotto,Net wt. 92 g (370 g rehydrated),meat,92,variant_title,high,10.90,EUR,118.48,176.53,yes,catalog_feed,https://lyofood.com/products/porcini-risotto,2026-08-05,
LyoFood,PL,lyofood.com,Porcini Risotto,Net wt. 17 g - Sample,meat,17,variant_title,high,1.90,EUR,111.76,166.53,no,catalog_feed,https://lyofood.com/products/porcini-risotto,2026-08-05,
LyoFood,PL,lyofood.com,Millet Payasam,Net wt. 60 g (210 g rehydrated),meal,60,variant_title,high,5.90,EUR,98.33,146.52,yes,catalog_feed,https://lyofood.com/products/millet-payasam,2026-08-05,
LyoFood,PL,lyofood.com,Ruby Smoothie,Net wt. 30 g (280 ml rehydrated),beverage,30,variant_title,high,3.50,EUR,116.67,173.83,yes,catalog_feed,https://lyofood.com/products/ruby-smoothie,2026-08-05,
LyoFood,PL,lyofood.com,Red Smoothie,Net wt. 30 g (280 ml rehydrated),beverage,30,variant_title,high,3.50,EUR,116.67,173.83,yes,catalog_feed,https://lyofood.com/products/red-smoothie,2026-08-05,
LyoFood,PL,lyofood.com,Strawberry,Net wt. 50 g (10 servings),fruit,50,variant_title,high,6.32,EUR,126.40,188.34,yes,catalog_feed,https://lyofood.com/products/strawberry-powder,2026-08-05,
LyoFood,PL,lyofood.com,Raspberry,Net wt. 50 g (10 servings),fruit,50,variant_title,high,6.32,EUR,126.40,188.34,yes,catalog_feed,https://lyofood.com/products/raspberry,2026-08-05,
LyoFood,PL,lyofood.com,Cranberry,Net wt. 50 g (10 servings),fruit,50,variant_title,high,6.32,EUR,126.40,188.34,yes,catalog_feed,https://lyofood.com/products/cranberry,2026-08-05,
LyoFood,PL,lyofood.com,Blueberry,Net wt. 50 g (10 servings),fruit,50,variant_title,high,6.32,EUR,126.40,188.34,yes,catalog_feed,https://lyofood.com/products/blueberry,2026-08-05,
LyoFood,PL,lyofood.com,Blackcurrant,Net wt. 50 g (10 servings),powder,50,variant_title,high,4.40,EUR,88.00,131.12,yes,catalog_feed,https://lyofood.com/products/blackcurrant,2026-08-05,
LyoFood,PL,lyofood.com,Beetroot,Net wt. 50 g (10 servings),vegetable,50,variant_title,high,4.40,EUR,88.00,131.12,yes,catalog_feed,https://lyofood.com/products/beetroot,2026-08-05,
LyoFood,PL,lyofood.com,Spinach,Net wt. 40 g (20 servings),vegetable,40,variant_title,high,4.40,EUR,110.00,163.90,yes,catalog_feed,https://lyofood.com/products/spinach,2026-08-05,
LyoFood,PL,lyofood.com,Nettle,Net wt. 40 g (20 servings),powder,40,variant_title,high,4.40,EUR,110.00,163.90,yes,catalog_feed,https://lyofood.com/products/nettle,2026-08-05,
LyoFood,PL,lyofood.com,Wild Berry Mix,Net wt. 30 g,fruit,30,variant_title,high,3.92,EUR,130.67,194.69,yes,catalog_feed,https://lyofood.com/products/wild-berry-mix,2026-08-05,
LyoFood,PL,lyofood.com,Strawberry,Net wt. 20 g,fruit,20,variant_title,high,3.12,EUR,156.00,232.44,yes,catalog_feed,https://lyofood.com/products/strawberry-slices,2026-08-05,
LyoFood,PL,lyofood.com,Sour Cherry,Net wt. 30 g,candy,30,variant_title,high,3.12,EUR,104.00,154.96,yes,catalog_feed,https://lyofood.com/products/sour-cherry,2026-08-05,
LyoFood,PL,lyofood.com,Fruity Dream,Net wt. 30 g,fruit,30,variant_title,high,3.92,EUR,130.67,194.69,yes,catalog_feed,https://lyofood.com/products/fruity-dream,2026-08-05,
LyoFood,PL,lyofood.com,Exotic Pleasure,Net wt. 30 g,fruit,30,variant_title,high,3.92,EUR,130.67,194.69,yes,catalog_feed,https://lyofood.com/products/exotic-pleasure,2026-08-05,
LyoFood,PL,lyofood.com,Banana,Net wt. 30 g,fruit,30,variant_title,high,3.12,EUR,104.00,154.96,yes,catalog_feed,https://lyofood.com/products/banana,2026-08-05,
LyoFood,PL,lyofood.com,Apple,Net wt. 20 g,fruit,20,variant_title,high,3.12,EUR,156.00,232.44,yes,catalog_feed,https://lyofood.com/products/apple,2026-08-05,
LyoFood,PL,lyofood.com,Crema Catalana,Net wt. 65 g (200 g rehydrated),other,65,variant_title,high,6.50,EUR,100.00,149.00,yes,catalog_feed,https://lyofood.com/products/crema-catalana,2026-08-05,
LyoFood,PL,lyofood.com,Chocolate Pudding,Net wt. 65 g (130 g rehydrated),candy,65,variant_title,high,6.50,EUR,100.00,149.00,yes,catalog_feed,https://lyofood.com/products/chocolate-pudding,2026-08-05,
LyoFood,PL,lyofood.com,Apple Crumble,Net wt. 70 g (140 g rehydrated),fruit,70,variant_title,high,5.90,EUR,84.29,125.59,yes,catalog_feed,https://lyofood.com/products/apple-crumble,2026-08-05,
LyoFood,PL,lyofood.com,Mexican Scrambled Eggs,Net wt. 75 g (270 g rehydrated),egg,75,variant_title,high,7.90,EUR,105.33,156.95,yes,catalog_feed,https://lyofood.com/products/mexican-scrambled-eggs,2026-08-05,
LyoFood,PL,lyofood.com,Mexican Scrambled Eggs,Net wt. 19 g - Sample,egg,19,variant_title,high,1.90,EUR,100.00,149.00,yes,catalog_feed,https://lyofood.com/products/mexican-scrambled-eggs,2026-08-05,
LyoFood,PL,lyofood.com,Raspberry Millet Porridge,Net wt. 77 g (300 g rehydrated),meal,77,variant_title,high,6.90,EUR,89.61,133.52,yes,catalog_feed,https://lyofood.com/products/raspberry-millet-porridge,2026-08-05,
LyoFood,PL,lyofood.com,Raspberry Millet Porridge,Net wt. 18 g - Sample,meal,18,variant_title,high,1.90,EUR,105.56,157.28,yes,catalog_feed,https://lyofood.com/products/raspberry-millet-porridge,2026-08-05,
LyoFood,PL,lyofood.com,Blueberry & Fig Porridge,Net wt. 100 g (300 g rehydrated),meal,100,variant_title,high,7.90,EUR,79.00,117.71,yes,catalog_feed,https://lyofood.com/products/blueberry-fig-porridge,2026-08-05,
LyoFood,PL,lyofood.com,Blueberry & Fig Porridge,Net wt. 25 g - Sample,meal,25,variant_title,high,1.90,EUR,76.00,113.24,yes,catalog_feed,https://lyofood.com/products/blueberry-fig-porridge,2026-08-05,
LyoFood,PL,lyofood.com,Apple & Cinnamon Porridge,Net wt. 70 g (210 g rehydrated),meal,70,variant_title,high,6.90,EUR,98.57,146.87,yes,catalog_feed,https://lyofood.com/products/apple-cinnamon-porridge,2026-08-05,
LyoFood,PL,lyofood.com,Apple & Cinnamon Porridge,Net wt. 25 g - Sample,meal,25,variant_title,high,1.90,EUR,76.00,113.24,no,catalog_feed,https://lyofood.com/products/apple-cinnamon-porridge,2026-08-05,
LyoFood,PL,lyofood.com,Creamy Mushroom Soup,Net wt. 65 g (370 g rehydrated),meal,65,variant_title,high,6.90,EUR,106.15,158.17,yes,catalog_feed,https://lyofood.com/products/creamy-mushroom-soup,2026-08-05,
LyoFood,PL,lyofood.com,Creamy Tomato & Pepper Soup,Net wt. 60 g (370 g rehydrated),meal,60,variant_title,high,6.90,EUR,115.00,171.35,yes,catalog_feed,https://lyofood.com/products/creamy-tomato-pepper-soup,2026-08-05,
LyoFood,PL,lyofood.com,Creamy Leek & Onion Soup,Net wt. 60 g (370 g rehydrated),meal,60,variant_title,high,6.90,EUR,115.00,171.35,yes,catalog_feed,https://lyofood.com/products/creamy-leek-onion-soup,2026-08-05,
LyoFood,PL,lyofood.com,Creamy Broccoli & Spinach Soup,Net wt. 60 g (370 g rehydrated),meal,60,variant_title,high,6.90,EUR,115.00,171.35,yes,catalog_feed,https://lyofood.com/products/creamy-broccoli-spinach-soup,2026-08-05,
LyoFood,PL,lyofood.com,Mash and Cheese,Net wt. 90 g (370 g rehydrated),dairy,90,variant_title,high,8.90,EUR,98.89,147.34,yes,catalog_feed,https://lyofood.com/products/mash-and-cheese,2026-08-05,
LyoFood,PL,lyofood.com,Mash and Cheese,Net wt. 120 g (500 g rehydrated),dairy,120,variant_title,high,10.90,EUR,90.83,135.34,yes,catalog_feed,https://lyofood.com/products/mash-and-cheese,2026-08-05,
LyoFood,PL,lyofood.com,Mash and Cheese,Net wt. 16 g - Sample,dairy,16,variant_title,high,1.90,EUR,118.75,176.94,yes,catalog_feed,https://lyofood.com/products/mash-and-cheese,2026-08-05,
LyoFood,PL,lyofood.com,Goulash,Net wt. 80 g (500 g rehydrated),meal,80,variant_title,high,12.90,EUR,161.25,240.26,yes,catalog_feed,https://lyofood.com/products/goulash,2026-08-05,
LyoFood,PL,lyofood.com,Mac&Cheese,Net wt. 130 g (370 g rehydrated),dairy,130,variant_title,high,9.90,EUR,76.15,113.47,yes,catalog_feed,https://lyofood.com/products/mac-cheese,2026-08-05,
LyoFood,PL,lyofood.com,Mac&Cheese,Net wt. 27 g - Sample,dairy,27,variant_title,high,1.90,EUR,70.37,104.85,no,catalog_feed,https://lyofood.com/products/mac-cheese,2026-08-05,
LyoFood,PL,lyofood.com,Nettle Curry,Net wt. 110 g (500 g rehydrated),meal,110,variant_title,high,10.90,EUR,99.09,147.65,yes,catalog_feed,https://lyofood.com/products/nettle-curry,2026-08-05,
LyoFood,PL,lyofood.com,Pork Stew,Net wt. 83 g (370 g rehydrated),meat,83,variant_title,high,9.90,EUR,119.28,177.72,yes,catalog_feed,https://lyofood.com/products/pork-stew,2026-08-05,
LyoFood,PL,lyofood.com,Pork Stew,Net wt. 112 g (500 g rehydrated),meat,112,variant_title,high,11.90,EUR,106.25,158.31,yes,catalog_feed,https://lyofood.com/products/pork-stew,2026-08-05,
LyoFood,PL,lyofood.com,Pork Stew,Net wt. 14 g - Sample,meat,14,variant_title,high,1.90,EUR,135.71,202.21,yes,catalog_feed,https://lyofood.com/products/pork-stew,2026-08-05,
LyoFood,PL,lyofood.com,Pork Loin in Pepper,Net wt. 69 g (370 g rehydrated),meat,69,variant_title,high,10.90,EUR,157.97,235.38,yes,catalog_feed,https://lyofood.com/products/pork-loin-in-pepper,2026-08-05,
LyoFood,PL,lyofood.com,Pork Loin in Pepper,Net wt. 92 g (500 g rehydrated),meat,92,variant_title,high,12.90,EUR,140.22,208.92,yes,catalog_feed,https://lyofood.com/products/pork-loin-in-pepper,2026-08-05,
LyoFood,PL,lyofood.com,Pork Loin in Pepper,Net wt. 11 g - Sample,meat,11,variant_title,high,1.90,EUR,172.73,257.36,yes,catalog_feed,https://lyofood.com/products/pork-loin-in-pepper,2026-08-05,
LyoFood,PL,lyofood.com,Pork Loin in Dill,Net wt. 68 g (370 g rehydrated),meat,68,variant_title,high,10.90,EUR,160.29,238.84,yes,catalog_feed,https://lyofood.com/products/pork-loin-in-dill,2026-08-05,
LyoFood,PL,lyofood.com,Pork Loin in Dill,Net wt. 91 g (500 g rehydrated),meat,91,variant_title,high,12.90,EUR,141.76,211.22,yes,catalog_feed,https://lyofood.com/products/pork-loin-in-dill,2026-08-05,
LyoFood,PL,lyofood.com,Pork Loin in Dill,Net wt. 11 g - Sample,meat,11,variant_title,high,1.90,EUR,172.73,257.36,no,catalog_feed,https://lyofood.com/products/pork-loin-in-dill,2026-08-05,
LyoFood,PL,lyofood.com,Penne alla Bolognese,Net wt. 95 g (370 g rehydrated),meat,95,variant_title,high,10.90,EUR,114.74,170.96,yes,catalog_feed,https://lyofood.com/products/penne-alla-bolognese,2026-08-05,
LyoFood,PL,lyofood.com,Penne alla Bolognese,Net wt. 128 g (500 g rehydrated),meat,128,variant_title,high,12.90,EUR,100.78,150.16,yes,catalog_feed,https://lyofood.com/products/penne-alla-bolognese,2026-08-05,
LyoFood,PL,lyofood.com,Mexican Dish,Net wt. 82 g (370 g rehydrated),meat,82,variant_title,high,10.90,EUR,132.93,198.06,yes,catalog_feed,https://lyofood.com/products/mexican-dish,2026-08-05,
LyoFood,PL,lyofood.com,Mexican Dish,Net wt. 111 g (500 g rehydrated),meat,111,variant_title,high,12.90,EUR,116.22,173.16,yes,catalog_feed,https://lyofood.com/products/mexican-dish,2026-08-05,
LyoFood,PL,lyofood.com,Mexican Dish,Net wt. 14 g - Sample,meat,14,variant_title,high,1.90,EUR,135.71,202.21,no,catalog_feed,https://lyofood.com/products/mexican-dish,2026-08-05,
LyoFood,PL,lyofood.com,Lentil Dal,Net wt. 97 g (370 g rehydrated),meal,97,variant_title,high,8.90,EUR,91.75,136.71,yes,catalog_feed,https://lyofood.com/products/lentil-dal,2026-08-05,
LyoFood,PL,lyofood.com,Lentil Dal,Net wt. 18 g - Sample,meal,18,variant_title,high,1.90,EUR,105.56,157.28,yes,catalog_feed,https://lyofood.com/products/lentil-dal,2026-08-05,
LyoFood,PL,lyofood.com,Five-Spice Chicken,Net wt. 82 g (370 g rehydrated),meat,82,variant_title,high,10.90,EUR,132.93,198.06,yes,catalog_feed,https://lyofood.com/products/five-spice-chicken,2026-08-05,
LyoFood,PL,lyofood.com,Five-Spice Chicken,Net wt. 110 g (500 g rehydrated),meat,110,variant_title,high,12.90,EUR,117.27,174.74,yes,catalog_feed,https://lyofood.com/products/five-spice-chicken,2026-08-05,
LyoFood,PL,lyofood.com,Five-Spice Chicken,Net wt. 14 g - Sample,meat,14,variant_title,high,1.90,EUR,135.71,202.21,yes,catalog_feed,https://lyofood.com/products/five-spice-chicken,2026-08-05,
LyoFood,PL,lyofood.com,Farfalle with spinach and gorgonzola,Net wt. 94 g (370 g rehydrated),vegetable,94,variant_title,high,9.90,EUR,105.32,156.93,yes,catalog_feed,https://lyofood.com/products/farfalle-with-spinach-and-gorgonzola,2026-08-05,
LyoFood,PL,lyofood.com,Chili sin Carne,Net wt. 70 g (370 g rehydrated),meal,70,variant_title,high,8.90,EUR,127.14,189.44,yes,catalog_feed,https://lyofood.com/products/chili-sin-carne-expedition,2026-08-05,
LyoFood,PL,lyofood.com,Chili sin Carne,Net wt. 12 g - Sample,meal,12,variant_title,high,1.90,EUR,158.33,235.92,yes,catalog_feed,https://lyofood.com/products/chili-sin-carne-expedition,2026-08-05,
LyoFood,PL,lyofood.com,Beef Stroganoff,Net wt. 90 g (370 g rehydrated),meat,90,variant_title,high,11.90,EUR,132.22,197.01,yes,catalog_feed,https://lyofood.com/products/beef-stroganoff,2026-08-05,
LyoFood,PL,lyofood.com,Beef Stroganoff,Net wt. 122 g (500 g rehydrated),meat,122,variant_title,high,13.90,EUR,113.93,169.76,yes,catalog_feed,https://lyofood.com/products/beef-stroganoff,2026-08-05,
LyoFood,PL,lyofood.com,Barley-Lentils Risotto,Net wt. 128 g (500 g rehydrated),meal,128,variant_title,high,10.90,EUR,85.16,126.88,yes,catalog_feed,https://lyofood.com/products/barley-lentils-risotto,2026-08-05,
LyoFood,PL,lyofood.com,Barley-Lentils Risotto,Net wt. 17 g - Sample,meal,17,variant_title,high,1.90,EUR,111.76,166.53,no,catalog_feed,https://lyofood.com/products/barley-lentils-risotto,2026-08-05,
LyoFood,PL,lyofood.com,Chicken Tikka Masala,Net wt. 95 g (370 g rehydrated),meat,95,variant_title,high,10.90,EUR,114.74,170.96,yes,catalog_feed,https://lyofood.com/products/chicken-tikka-masala,2026-08-05,
LyoFood,PL,lyofood.com,Chicken Tikka Masala,Net wt. 128 g (500 g rehydrated),meat,128,variant_title,high,12.90,EUR,100.78,150.16,yes,catalog_feed,https://lyofood.com/products/chicken-tikka-masala,2026-08-05,
LyoFood,PL,lyofood.com,Chicken Tikka Masala,Net wt. 17 g - Sample,meat,17,variant_title,high,1.90,EUR,111.76,166.53,yes,catalog_feed,https://lyofood.com/products/chicken-tikka-masala,2026-08-05,
LyoFood,PL,lyofood.com,Bigos,Net wt. 53 g (500 g rehydrated),meat,53,variant_title,high,10.90,EUR,205.66,306.43,yes,catalog_feed,https://lyofood.com/products/bigos,2026-08-05,
LyoFood,PL,lyofood.com,Bigos,Net wt. 6 g - Sample,meat,6,variant_title,high,1.90,EUR,316.67,471.83,no,catalog_feed,https://lyofood.com/products/bigos,2026-08-05,
LyoFood,PL,lyofood.com,10-Day Meat-Free Menu,,meat,3115,shopify_shipping_weight,low,273.00,EUR,87.64,130.58,no,catalog_feed,https://lyofood.com/products/10-day-meat-free-menu,2026-08-05,
LyoFood,PL,lyofood.com,14-Day Meat Based Menu,,meat,4101,shopify_shipping_weight,low,393.00,EUR,95.83,142.79,no,catalog_feed,https://lyofood.com/products/14-day-meat-based-menu,2026-08-05,
LyoFood,PL,lyofood.com,14-Day Meat-Free Menu,,meat,4315,shopify_shipping_weight,low,377.00,EUR,87.37,130.18,yes,catalog_feed,https://lyofood.com/products/14-day-meat-free-menu,2026-08-05,
LyoFood,PL,lyofood.com,10-Day Meat Based Menu,,meat,2936,shopify_shipping_weight,low,283.00,EUR,96.39,143.62,no,catalog_feed,https://lyofood.com/products/10-day-meat-based-menu,2026-08-05,
LyoFood,PL,lyofood.com,"Apple, cranberry & cinnamon porridge",Net wt. 70 g (270 g rehydrated),meal,70,variant_title,high,4.90,EUR,70.00,104.30,yes,catalog_feed,https://lyofood.com/products/apple-cranberry-cinnamon-porridge,2026-08-05,
LyoFood,PL,lyofood.com,Cocoa Granola with strawberries,Net wt. 80 g (270 g rehydrated),fruit,80,variant_title,high,4.90,EUR,61.25,91.26,yes,catalog_feed,https://lyofood.com/products/cocoa-granola-with-strawberries,2026-08-05,
LyoFood,PL,lyofood.com,Parsnip & Lentils in Champignons gravy,Net wt. 70 g (270 g rehydrated),meal,70,variant_title,high,4.90,EUR,70.00,104.30,yes,catalog_feed,https://lyofood.com/products/parsnip-lentils-in-champignons-gravy,2026-08-05,
LyoFood,PL,lyofood.com,Moroccan Stew,Net wt. 60 g (270 g rehydrated),meal,60,variant_title,high,4.90,EUR,81.67,121.68,yes,catalog_feed,https://lyofood.com/products/moroccan-stew,2026-08-05,
LyoFood,PL,lyofood.com,Mung Dal,Net wt. 48 g (270 g rehydrated),meal,48,variant_title,high,4.90,EUR,102.08,152.10,yes,catalog_feed,https://lyofood.com/products/mung-dal,2026-08-05,
LyoFood,PL,lyofood.com,Chili sin Carne,Net wt. 58 g (270 g rehydrated),meal,58,variant_title,high,4.90,EUR,84.48,125.88,yes,catalog_feed,https://lyofood.com/products/chili-sin-carne-bistro,2026-08-05,
LyoFood,PL,lyofood.com,Mango Lassi,Net wt. 50 g (200 ml rehydrated),fruit,50,variant_title,high,4.50,EUR,90.00,134.10,yes,catalog_feed,https://lyofood.com/products/mango-lassi,2026-08-05,
LyoFood,PL,lyofood.com,Green Smoothie,Net wt. 30 g (280 ml rehydrated),beverage,30,variant_title,high,3.50,EUR,116.67,173.83,yes,catalog_feed,https://lyofood.com/products/green-smoothie,2026-08-05,
LyoFood,PL,lyofood.com,Chana Masala,Net wt. 80 g (270 g rehydrated),meal,80,variant_title,high,4.90,EUR,61.25,91.26,yes,catalog_feed,https://lyofood.com/products/chana-masala,2026-08-05,
Lyovit,PL,lyovit.com,Organic Strawberry,powder 0 - 1 mm,fruit,,none,none,1.00,PLN,,,yes,catalog_feed,https://lyovit.com/products/organic-strawberry,2026-08-05,
Lyovit,PL,lyovit.com,Organic Strawberry,cubes 0 - 5 mm,fruit,,none,none,1.00,PLN,,,yes,catalog_feed,https://lyovit.com/products/organic-strawberry,2026-08-05,
Lyovit,PL,lyovit.com,Organic Strawberry,cubes 2 - 10 mm,fruit,,none,none,1.00,PLN,,,yes,catalog_feed,https://lyovit.com/products/organic-strawberry,2026-08-05,
Lyovit,PL,lyovit.com,Organic Strawberry,slices 5 mm,fruit,,none,none,1.00,PLN,,,yes,catalog_feed,https://lyovit.com/products/organic-strawberry,2026-08-05,
Lyovit,PL,lyovit.com,Organic Strawberry,whole,fruit,,none,none,1.00,PLN,,,yes,catalog_feed,https://lyovit.com/products/organic-strawberry,2026-08-05,
Lyovit,PL,lyovit.com,Organic Strawberry,pips,fruit,,none,none,1.00,PLN,,,yes,catalog_feed,https://lyovit.com/products/organic-strawberry,2026-08-05,
Lyovit,PL,lyovit.com,Organic Redcurrant,whole,fruit,,none,none,1.00,PLN,,,yes,catalog_feed,https://lyovit.com/products/organic-redcurrant,2026-08-05,
Lyovit,PL,lyovit.com,Organic Redcurrant,halves,fruit,,none,none,1.00,PLN,,,yes,catalog_feed,https://lyovit.com/products/organic-redcurrant,2026-08-05,
Lyovit,PL,lyovit.com,Organic Raspberry,powder 0 - 1 mm,fruit,,none,none,1.00,PLN,,,yes,catalog_feed,https://lyovit.com/products/organic-raspberry,2026-08-05,
Lyovit,PL,lyovit.com,Organic Raspberry,crumble 1 - 5 mm,fruit,,none,none,1.00,PLN,,,yes,catalog_feed,https://lyovit.com/products/organic-raspberry,2026-08-05,
Lyovit,PL,lyovit.com,Organic Raspberry,whole & broken,fruit,,none,none,1.00,PLN,,,yes,catalog_feed,https://lyovit.com/products/organic-raspberry,2026-08-05,
Lyovit,PL,lyovit.com,Organic Raspberry,whole,fruit,,none,none,1.00,PLN,,,yes,catalog_feed,https://lyovit.com/products/organic-raspberry,2026-08-05,
Lyovit,PL,lyovit.com,Organic Raspberry,pips,fruit,,none,none,1.00,PLN,,,yes,catalog_feed,https://lyovit.com/products/organic-raspberry,2026-08-05,
Lyovit,PL,lyovit.com,Organic Blueberry,powder 0 - 1 mm,fruit,,none,none,1.00,PLN,,,yes,catalog_feed,https://lyovit.com/products/organic-blueberry,2026-08-05,
Lyovit,PL,lyovit.com,Red grapes,slices 2 - 5 mm,fruit,,none,none,1.00,PLN,,,yes,catalog_feed,https://lyovit.com/products/red-grapes,2026-08-05,
Lyovit,PL,lyovit.com,Strawberry,powder 0 - 1 mm,fruit,,none,none,1.00,PLN,,,yes,catalog_feed,https://lyovit.com/products/strawberry,2026-08-05,
Lyovit,PL,lyovit.com,Strawberry,cubes 0 - 5 mm,fruit,,none,none,1.00,PLN,,,yes,catalog_feed,https://lyovit.com/products/strawberry,2026-08-05,
Lyovit,PL,lyovit.com,Strawberry,cubes 0 - 10 mm,fruit,,none,none,1.00,PLN,,,yes,catalog_feed,https://lyovit.com/products/strawberry,2026-08-05,
Lyovit,PL,lyovit.com,Strawberry,slices 5 mm,fruit,,none,none,1.00,PLN,,,yes,catalog_feed,https://lyovit.com/products/strawberry,2026-08-05,
Lyovit,PL,lyovit.com,Strawberry,whole,fruit,,none,none,1.00,PLN,,,yes,catalog_feed,https://lyovit.com/products/strawberry,2026-08-05,
Lyovit,PL,lyovit.com,Strawberry,pips,fruit,,none,none,1.00,PLN,,,yes,catalog_feed,https://lyovit.com/products/strawberry,2026-08-05,
Lyovit,PL,lyovit.com,Plum,cubes 0 - 5 mm,fruit,,none,none,1.00,PLN,,,yes,catalog_feed,https://lyovit.com/products/plum,2026-08-05,
Lyovit,PL,lyovit.com,Plum,cubes 0 - 10 mm,fruit,,none,none,1.00,PLN,,,yes,catalog_feed,https://lyovit.com/products/plum,2026-08-05,
Lyovit,PL,lyovit.com,Wild strawberry,whole,fruit,,none,none,1.00,PLN,,,yes,catalog_feed,https://lyovit.com/products/wild-strawberry,2026-08-05,
Lyovit,PL,lyovit.com,Redcurrant,whole,fruit,,none,none,1.00,PLN,,,yes,catalog_feed,https://lyovit.com/products/red-currant,2026-08-05,
Lyovit,PL,lyovit.com,Redcurrant,halves,fruit,,none,none,1.00,PLN,,,yes,catalog_feed,https://lyovit.com/products/red-currant,2026-08-05,
Lyovit,PL,lyovit.com,Papaya,cubes 0 - 10 mm,fruit,,none,none,1.00,PLN,,,yes,catalog_feed,https://lyovit.com/products/papaya,2026-08-05,
Lyovit,PL,lyovit.com,Mandarin,segments,fruit,,none,none,1.00,PLN,,,yes,catalog_feed,https://lyovit.com/products/mandarin,2026-08-05,
Lyovit,PL,lyovit.com,Raspberry,powder 0 - 1 mm,fruit,,none,none,1.00,PLN,,,yes,catalog_feed,https://lyovit.com/products/raspberry,2026-08-05,
Lyovit,PL,lyovit.com,Raspberry,crumble,fruit,,none,none,1.00,PLN,,,yes,catalog_feed,https://lyovit.com/products/raspberry,2026-08-05,
Lyovit,PL,lyovit.com,Raspberry,whole,fruit,,none,none,1.00,PLN,,,yes,catalog_feed,https://lyovit.com/products/raspberry,2026-08-05,
Lyovit,PL,lyovit.com,Raspberry,pips,fruit,,none,none,1.00,PLN,,,yes,catalog_feed,https://lyovit.com/products/raspberry,2026-08-05,
Lyovit,PL,lyovit.com,Kiwi,cubes 0 - 10 mm,fruit,,none,none,1.00,PLN,,,yes,catalog_feed,https://lyovit.com/products/kiwi,2026-08-05,
Lyovit,PL,lyovit.com,Blueberry,powder 0 - 1 mm,fruit,,none,none,1.00,PLN,,,yes,catalog_feed,https://lyovit.com/products/blueberry,2026-08-05,
Lyovit,PL,lyovit.com,Pear,cubes 0 - 5 mm,fruit,,none,none,1.00,PLN,,,yes,catalog_feed,https://lyovit.com/products/pear,2026-08-05,
Lyovit,PL,lyovit.com,Pear,cubes 0 - 10 mm,fruit,,none,none,1.00,PLN,,,yes,catalog_feed,https://lyovit.com/products/pear,2026-08-05,
Marché Simplitude,CA,marche.simplitude.ca,Fruits lyophilisés - Fruit du Jaquier de Madagascar,0,fruit,35,shopify_shipping_weight,low,9.75,CAD,278.57,278.57,no,catalog_feed,https://marche.simplitude.ca/products/fruits-lyophilises-litchis-de-madagascar-copie,2026-08-05,
Marché Simplitude,CA,marche.simplitude.ca,Fruits lyophilisés - Fruit du Jaquier de Madagascar,1,fruit,35,shopify_shipping_weight,low,8.29,CAD,236.86,236.86,yes,catalog_feed,https://marche.simplitude.ca/products/fruits-lyophilises-litchis-de-madagascar-copie,2026-08-05,
Marché Simplitude,CA,marche.simplitude.ca,Camerises lyophilisées au sucre d’érable,0,pet,25,shopify_shipping_weight,low,8.00,CAD,320.00,320.00,no,catalog_feed,https://marche.simplitude.ca/products/camerises-lyophilisees-au-sucre-d-erable-1,2026-08-05,
Marché Simplitude,CA,marche.simplitude.ca,Camerises lyophilisées au sucre d’érable,1,pet,25,shopify_shipping_weight,low,7.20,CAD,288.00,288.00,yes,catalog_feed,https://marche.simplitude.ca/products/camerises-lyophilisees-au-sucre-d-erable-1,2026-08-05,
Marché Simplitude,CA,marche.simplitude.ca,Fruits lyophilisés - Mangues de Madagascar,0,fruit,35,shopify_shipping_weight,low,8.95,CAD,255.71,255.71,yes,catalog_feed,https://marche.simplitude.ca/products/fruits-lyophilises-bananes-copie,2026-08-05,
Marché Simplitude,CA,marche.simplitude.ca,Fruits lyophilisés - Mangues de Madagascar,1,fruit,35,shopify_shipping_weight,low,7.61,CAD,217.43,217.43,no,catalog_feed,https://marche.simplitude.ca/products/fruits-lyophilises-bananes-copie,2026-08-05,
Marché Simplitude,CA,marche.simplitude.ca,* Un seul échantillon par commande * Repas lyophilisé végan - Chili,0,meal,100,shopify_shipping_weight,low,3.00,CAD,30.00,30.00,yes,catalog_feed,https://marche.simplitude.ca/products/repas-lyophilise-vegan-chili-copie,2026-08-05,
Marché Simplitude,CA,marche.simplitude.ca,Fruits lyophilisés - Bananes,0,fruit,35,shopify_shipping_weight,low,6.95,CAD,198.57,198.57,yes,catalog_feed,https://marche.simplitude.ca/products/fruits-lyophilises-bleuets-sauvages-du-quebec-copie,2026-08-05,
Marché Simplitude,CA,marche.simplitude.ca,Fruits lyophilisés - Bananes,1,fruit,35,shopify_shipping_weight,low,5.91,CAD,168.86,168.86,no,catalog_feed,https://marche.simplitude.ca/products/fruits-lyophilises-bleuets-sauvages-du-quebec-copie,2026-08-05,
Marché Simplitude,CA,marche.simplitude.ca,Repas lyophilisé végan- Pad Thaï,0,meal,190,shopify_shipping_weight,low,17.99,CAD,94.68,94.68,yes,catalog_feed,https://marche.simplitude.ca/products/pad-thai,2026-08-05,
Marché Simplitude,CA,marche.simplitude.ca,Repas lyophilisé végan- Pad Thaï,1,meal,190,shopify_shipping_weight,low,16.19,CAD,85.21,85.21,yes,catalog_feed,https://marche.simplitude.ca/products/pad-thai,2026-08-05,
Marché Simplitude,CA,marche.simplitude.ca,Repas lyophilisé végan - Macaroni alpin,0,meal,165,shopify_shipping_weight,low,17.99,CAD,109.03,109.03,yes,catalog_feed,https://marche.simplitude.ca/products/macaroni-alpin,2026-08-05,
Marché Simplitude,CA,marche.simplitude.ca,Repas lyophilisé végan - Macaroni alpin,1,meal,165,shopify_shipping_weight,low,16.19,CAD,98.12,98.12,yes,catalog_feed,https://marche.simplitude.ca/products/macaroni-alpin,2026-08-05,
Marché Simplitude,CA,marche.simplitude.ca,Repas lyophilisé végan - Chili,0,meal,155,shopify_shipping_weight,low,17.99,CAD,116.06,116.06,yes,catalog_feed,https://marche.simplitude.ca/products/chili,2026-08-05,
Marché Simplitude,CA,marche.simplitude.ca,Repas lyophilisé végan - Chili,1,meal,155,shopify_shipping_weight,low,16.19,CAD,104.45,104.45,no,catalog_feed,https://marche.simplitude.ca/products/chili,2026-08-05,
Marché Simplitude,CA,marche.simplitude.ca,Repas lyophilisé végan - Bourguignon aux patates,0,meal,145,shopify_shipping_weight,low,17.99,CAD,124.07,124.07,yes,catalog_feed,https://marche.simplitude.ca/products/bourguignon-aux-patates,2026-08-05,
Marché Simplitude,CA,marche.simplitude.ca,Repas lyophilisé végan - Bourguignon aux patates,1,meal,145,shopify_shipping_weight,low,16.19,CAD,111.66,111.66,no,catalog_feed,https://marche.simplitude.ca/products/bourguignon-aux-patates,2026-08-05,
Marché Simplitude,CA,marche.simplitude.ca,Repas lyophilisé végan - Ragoût indien,0,meal,180,shopify_shipping_weight,low,15.99,CAD,88.83,88.83,yes,catalog_feed,https://marche.simplitude.ca/products/ragout-indien,2026-08-05,
Marché Simplitude,CA,marche.simplitude.ca,Repas lyophilisé végan - Ragoût indien,1,meal,180,shopify_shipping_weight,low,14.39,CAD,79.94,79.94,yes,catalog_feed,https://marche.simplitude.ca/products/ragout-indien,2026-08-05,
Marché Simplitude,CA,marche.simplitude.ca,Repas lyophilisé végan - Risotto aux champignons,0,meal,150,shopify_shipping_weight,low,16.99,CAD,113.27,113.27,yes,catalog_feed,https://marche.simplitude.ca/products/risotto-aux-champignons,2026-08-05,
Marché Simplitude,CA,marche.simplitude.ca,Repas lyophilisé végan - Risotto aux champignons,1,meal,150,shopify_shipping_weight,low,15.29,CAD,101.93,101.93,yes,catalog_feed,https://marche.simplitude.ca/products/risotto-aux-champignons,2026-08-05,
Marché Simplitude,CA,marche.simplitude.ca,Repas lyophilisé végan - Pâtes au pesto,0,meal,170,shopify_shipping_weight,low,16.99,CAD,99.94,99.94,yes,catalog_feed,https://marche.simplitude.ca/products/pates-au-pesto,2026-08-05,
Marché Simplitude,CA,marche.simplitude.ca,Repas lyophilisé végan - Pâtes au pesto,1,meal,170,shopify_shipping_weight,low,15.29,CAD,89.94,89.94,yes,catalog_feed,https://marche.simplitude.ca/products/pates-au-pesto,2026-08-05,
Marché Simplitude,CA,marche.simplitude.ca,Repas lyophilisé végan - Dhal aux lentilles,0,meal,170,shopify_shipping_weight,low,16.99,CAD,99.94,99.94,yes,catalog_feed,https://marche.simplitude.ca/products/dhal-aux-lentilles,2026-08-05,
Marché Simplitude,CA,marche.simplitude.ca,Repas lyophilisé végan - Dhal aux lentilles,1,meal,170,shopify_shipping_weight,low,15.29,CAD,89.94,89.94,yes,catalog_feed,https://marche.simplitude.ca/products/dhal-aux-lentilles,2026-08-05,
Marché Simplitude,CA,marche.simplitude.ca,Repas lyophilisé végan - Pâtes à la bolognaise,0,meal,195,shopify_shipping_weight,low,16.99,CAD,87.13,87.13,yes,catalog_feed,https://marche.simplitude.ca/products/repas-lyophilise-pates-a-la-bolognaise,2026-08-05,
Marché Simplitude,CA,marche.simplitude.ca,Repas lyophilisé végan - Pâtes à la bolognaise,1,meal,195,shopify_shipping_weight,low,15.29,CAD,78.41,78.41,yes,catalog_feed,https://marche.simplitude.ca/products/repas-lyophilise-pates-a-la-bolognaise,2026-08-05,
Marché Simplitude,CA,marche.simplitude.ca,Repas lyophilisé végan - Velouté du jardin,0,meal,140,shopify_shipping_weight,low,15.99,CAD,114.21,114.21,yes,catalog_feed,https://marche.simplitude.ca/products/veloute-du-jardin,2026-08-05,
Marché Simplitude,CA,marche.simplitude.ca,Repas lyophilisé végan - Velouté du jardin,1,meal,140,shopify_shipping_weight,low,14.39,CAD,102.79,102.79,yes,catalog_feed,https://marche.simplitude.ca/products/veloute-du-jardin,2026-08-05,
Marché Simplitude,CA,marche.simplitude.ca,Thé d'épilobe original - Rond & délicat,0,pet,25,shopify_shipping_weight,low,13.00,CAD,520.00,520.00,yes,catalog_feed,https://marche.simplitude.ca/products/the-depilobe-original-rond-delicat,2026-08-05,
Marché Simplitude,CA,marche.simplitude.ca,Thé d'épilobe original - Rond & délicat,1,pet,25,shopify_shipping_weight,low,11.70,CAD,468.00,468.00,yes,catalog_feed,https://marche.simplitude.ca/products/the-depilobe-original-rond-delicat,2026-08-05,
Marché Simplitude,CA,marche.simplitude.ca,Croquant de yogourt  à la citrouille et à la carotte lyophilisés,0,yogurt,56,shopify_shipping_weight,low,12.00,CAD,214.29,214.29,yes,catalog_feed,https://marche.simplitude.ca/products/croquant-de-yogourt-a-la-citrouille-et-a-la-carotte-lyophilises,2026-08-05,
Marché Simplitude,CA,marche.simplitude.ca,Croquant de yogourt  à la citrouille et à la carotte lyophilisés,1,yogurt,56,shopify_shipping_weight,low,6.00,CAD,107.14,107.14,no,catalog_feed,https://marche.simplitude.ca/products/croquant-de-yogourt-a-la-citrouille-et-a-la-carotte-lyophilises,2026-08-05,
Marché Simplitude,CA,marche.simplitude.ca,Fruits lyophilisés - Figues (moitiés),0,fruit,56,shopify_shipping_weight,low,12.00,CAD,214.29,214.29,yes,catalog_feed,https://marche.simplitude.ca/products/fruits-lyophilises-figues-moities,2026-08-05,
Marché Simplitude,CA,marche.simplitude.ca,Fruits lyophilisés - Figues (moitiés),1,fruit,56,shopify_shipping_weight,low,10.80,CAD,192.86,192.86,yes,catalog_feed,https://marche.simplitude.ca/products/fruits-lyophilises-figues-moities,2026-08-05,
Marché Simplitude,CA,marche.simplitude.ca,Fruits lyophilisés - Framboises du Québec,0,fruit,20,shopify_shipping_weight,low,8.95,CAD,447.50,447.50,yes,catalog_feed,https://marche.simplitude.ca/products/fruits-lyophilises-framboises-du-quebec,2026-08-05,
Marché Simplitude,CA,marche.simplitude.ca,Fruits lyophilisés - Framboises du Québec,1,fruit,20,shopify_shipping_weight,low,7.61,CAD,380.50,380.50,yes,catalog_feed,https://marche.simplitude.ca/products/fruits-lyophilises-framboises-du-quebec,2026-08-05,
Marché Simplitude,CA,marche.simplitude.ca,Fruits lyophilisés - Mandarines,0,fruit,20,shopify_shipping_weight,low,8.95,CAD,447.50,447.50,yes,catalog_feed,https://marche.simplitude.ca/products/fruits-lyophilises-mandarines,2026-08-05,
Marché Simplitude,CA,marche.simplitude.ca,Fruits lyophilisés - Mandarines,1,fruit,20,shopify_shipping_weight,low,7.61,CAD,380.50,380.50,no,catalog_feed,https://marche.simplitude.ca/products/fruits-lyophilises-mandarines,2026-08-05,
Marché Simplitude,CA,marche.simplitude.ca,Fruits lyophilisés - Fraises entières du Québec,0,fruit,45,shopify_shipping_weight,low,11.50,CAD,255.56,255.56,yes,catalog_feed,https://marche.simplitude.ca/products/70-de-rabais-fruits-lyophilises-fraises-entieres-du-quebec,2026-08-05,
Marché Simplitude,CA,marche.simplitude.ca,Fruits lyophilisés - Fraises entières du Québec,1,fruit,45,shopify_shipping_weight,low,9.78,CAD,217.33,217.33,yes,catalog_feed,https://marche.simplitude.ca/products/70-de-rabais-fruits-lyophilises-fraises-entieres-du-quebec,2026-08-05,
Marché Simplitude,CA,marche.simplitude.ca,Légumes lyophilisés - Brocolis du Québec,0 / Salé,vegetable,22,shopify_shipping_weight,low,7.95,CAD,361.36,361.36,yes,catalog_feed,https://marche.simplitude.ca/products/legumes-lyophilises-brocolis-sales,2026-08-05,
Marché Simplitude,CA,marche.simplitude.ca,Légumes lyophilisés - Brocolis du Québec,0 / Chili,vegetable,22,shopify_shipping_weight,low,7.95,CAD,361.36,361.36,yes,catalog_feed,https://marche.simplitude.ca/products/legumes-lyophilises-brocolis-sales,2026-08-05,
Marché Simplitude,CA,marche.simplitude.ca,Légumes lyophilisés - Brocolis du Québec,1 / Salé,vegetable,22,shopify_shipping_weight,low,6.76,CAD,307.27,307.27,yes,catalog_feed,https://marche.simplitude.ca/products/legumes-lyophilises-brocolis-sales,2026-08-05,
Marché Simplitude,CA,marche.simplitude.ca,Légumes lyophilisés - Brocolis du Québec,1 / Chili,vegetable,22,shopify_shipping_weight,low,6.76,CAD,307.27,307.27,no,catalog_feed,https://marche.simplitude.ca/products/legumes-lyophilises-brocolis-sales,2026-08-05,
Marché Simplitude,CA,marche.simplitude.ca,Légumes lyophilisés - Chou-fleur à la jardinière,0,vegetable,22,shopify_shipping_weight,low,7.95,CAD,361.36,361.36,yes,catalog_feed,https://marche.simplitude.ca/products/legumes-lyophilises-chou-fleur-a-la-jardiniere,2026-08-05,
Marché Simplitude,CA,marche.simplitude.ca,Légumes lyophilisés - Chou-fleur à la jardinière,1,vegetable,22,shopify_shipping_weight,low,6.76,CAD,307.27,307.27,yes,catalog_feed,https://marche.simplitude.ca/products/legumes-lyophilises-chou-fleur-a-la-jardiniere,2026-08-05,
Marché Simplitude,CA,marche.simplitude.ca,Légumes lyophilisés - Courgettes à la jardinière,0,vegetable,22,shopify_shipping_weight,low,6.95,CAD,315.91,315.91,yes,catalog_feed,https://marche.simplitude.ca/products/fruits-lyophilises-courgettes-a-la-jardiniere-1,2026-08-05,
Marché Simplitude,CA,marche.simplitude.ca,Légumes lyophilisés - Courgettes à la jardinière,1,vegetable,22,shopify_shipping_weight,low,5.91,CAD,268.64,268.64,yes,catalog_feed,https://marche.simplitude.ca/products/fruits-lyophilises-courgettes-a-la-jardiniere-1,2026-08-05,
Marché Simplitude,CA,marche.simplitude.ca,Fruits lyophilisés - Pommes du Québec,0,fruit,42,shopify_shipping_weight,low,7.95,CAD,189.29,189.29,yes,catalog_feed,https://marche.simplitude.ca/products/fruits-lyophilises-pommes-du-quebec,2026-08-05,
Marché Simplitude,CA,marche.simplitude.ca,Fruits lyophilisés - Pommes du Québec,1,fruit,42,shopify_shipping_weight,low,6.76,CAD,160.95,160.95,yes,catalog_feed,https://marche.simplitude.ca/products/fruits-lyophilises-pommes-du-quebec,2026-08-05,
Marché Simplitude,CA,marche.simplitude.ca,Fruits lyophilisés - Fraises tranchées du Québec,0,fruit,45,shopify_shipping_weight,low,7.95,CAD,176.67,176.67,yes,catalog_feed,https://marche.simplitude.ca/products/fruits-lyophilises-fraises-entieres-du-quebec,2026-08-05,
Marché Simplitude,CA,marche.simplitude.ca,Fruits lyophilisés - Fraises tranchées du Québec,1,fruit,45,shopify_shipping_weight,low,6.38,CAD,141.78,141.78,yes,catalog_feed,https://marche.simplitude.ca/products/fruits-lyophilises-fraises-entieres-du-quebec,2026-08-05,
Mile Hi Sweets and Treats,US,milehisweetsandtreats.com,Crunchy Honey Nuggets,Small Bag,candy,,none,none,5.00,USD,,,yes,catalog_feed,https://milehisweetsandtreats.com/products/crunchy-honey-nuggets,2026-08-05,
Mile Hi Sweets and Treats,US,milehisweetsandtreats.com,Crunchy Honey Nuggets,Large Bag,candy,,none,none,10.00,USD,,,yes,catalog_feed,https://milehisweetsandtreats.com/products/crunchy-honey-nuggets,2026-08-05,
Mile Hi Sweets and Treats,US,milehisweetsandtreats.com,Chocolate Crunch Clouds,Small Bag,candy,31,shopify_shipping_weight,low,5.00,USD,161.29,220.97,yes,catalog_feed,https://milehisweetsandtreats.com/products/chocolate-crunch-clouds,2026-08-05,
Mile Hi Sweets and Treats,US,milehisweetsandtreats.com,Chocolate Crunch Clouds,Large Bag,candy,79,shopify_shipping_weight,low,10.00,USD,126.58,173.42,yes,catalog_feed,https://milehisweetsandtreats.com/products/chocolate-crunch-clouds,2026-08-05,
Mile Hi Sweets and Treats,US,milehisweetsandtreats.com,Chocolate Crunch Clouds,X-Large Jar,candy,303,shopify_shipping_weight,low,25.00,USD,82.51,113.04,yes,catalog_feed,https://milehisweetsandtreats.com/products/chocolate-crunch-clouds,2026-08-05,
Mile Hi Sweets and Treats,US,milehisweetsandtreats.com,Mystery Bundle,,other,,none,none,20.00,USD,,,yes,catalog_feed,https://milehisweetsandtreats.com/products/5-bags-for-the-price-of-4,2026-08-05,
Mile Hi Sweets and Treats,US,milehisweetsandtreats.com,Snack Tray - Top 3 Mix,,candy,303,shopify_shipping_weight,low,10.00,USD,33.00,45.21,yes,catalog_feed,https://milehisweetsandtreats.com/products/snack-tray-3-candy-mix,2026-08-05,
Mile Hi Sweets and Treats,US,milehisweetsandtreats.com,Berry Bursts,Small Bag,fruit,,none,none,5.00,USD,,,yes,catalog_feed,https://milehisweetsandtreats.com/products/berry-bursts,2026-08-05,
Mile Hi Sweets and Treats,US,milehisweetsandtreats.com,Berry Bursts,Large Bag,fruit,,none,none,10.00,USD,,,yes,catalog_feed,https://milehisweetsandtreats.com/products/berry-bursts,2026-08-05,
Mile Hi Sweets and Treats,US,milehisweetsandtreats.com,Berry Bursts,X-Large Jar,fruit,558,shopify_shipping_weight,low,25.00,USD,44.80,61.38,yes,catalog_feed,https://milehisweetsandtreats.com/products/berry-bursts,2026-08-05,
Mile Hi Sweets and Treats,US,milehisweetsandtreats.com,Chili Fruit Bursts,Small Bag,meal,65,shopify_shipping_weight,low,5.00,USD,76.92,105.38,yes,catalog_feed,https://milehisweetsandtreats.com/products/chili-fruit-bursts,2026-08-05,
Mile Hi Sweets and Treats,US,milehisweetsandtreats.com,Chili Fruit Bursts,Large Bag,meal,159,shopify_shipping_weight,low,10.00,USD,62.89,86.16,yes,catalog_feed,https://milehisweetsandtreats.com/products/chili-fruit-bursts,2026-08-05,
Mile Hi Sweets and Treats,US,milehisweetsandtreats.com,Chili Fruit Bursts,X-Large Jar,meal,522,shopify_shipping_weight,low,25.00,USD,47.89,65.61,yes,catalog_feed,https://milehisweetsandtreats.com/products/chili-fruit-bursts,2026-08-05,
Mile Hi Sweets and Treats,US,milehisweetsandtreats.com,Large Party Tray - 5 Candy Mix,,candy,354,shopify_shipping_weight,low,25.00,USD,70.62,96.75,yes,catalog_feed,https://milehisweetsandtreats.com/products/large-party-tray-5-candy-mix,2026-08-05,
Mile Hi Sweets and Treats,US,milehisweetsandtreats.com,Gelatin Clouds (Sugar Free),Small Bag,candy,,none,none,5.00,USD,,,yes,catalog_feed,https://milehisweetsandtreats.com/products/gelatin-clouds-sugar-free,2026-08-05,
Mile Hi Sweets and Treats,US,milehisweetsandtreats.com,Gelatin Clouds (Sugar Free),Large Bag,candy,,none,none,10.00,USD,,,yes,catalog_feed,https://milehisweetsandtreats.com/products/gelatin-clouds-sugar-free,2026-08-05,
Mile Hi Sweets and Treats,US,milehisweetsandtreats.com,Gelatin Clouds (Sugar Free),X-Large Jar,candy,,none,none,25.00,USD,,,yes,catalog_feed,https://milehisweetsandtreats.com/products/gelatin-clouds-sugar-free,2026-08-05,
Mile Hi Sweets and Treats,US,milehisweetsandtreats.com,Fruit Bursts,Small Bag,fruit,65,shopify_shipping_weight,low,5.00,USD,76.92,105.38,yes,catalog_feed,https://milehisweetsandtreats.com/products/fruit-bursts,2026-08-05,
Mile Hi Sweets and Treats,US,milehisweetsandtreats.com,Fruit Bursts,Large Bag,fruit,159,shopify_shipping_weight,low,10.00,USD,62.89,86.16,yes,catalog_feed,https://milehisweetsandtreats.com/products/fruit-bursts,2026-08-05,
Mile Hi Sweets and Treats,US,milehisweetsandtreats.com,Fruit Bursts,X-Large Jar,fruit,522,shopify_shipping_weight,low,25.00,USD,47.89,65.61,yes,catalog_feed,https://milehisweetsandtreats.com/products/fruit-bursts,2026-08-05,
Mile Hi Sweets and Treats,US,milehisweetsandtreats.com,Wormie Sweetos,Small Bag,candy,23,shopify_shipping_weight,low,5.00,USD,217.39,297.83,yes,catalog_feed,https://milehisweetsandtreats.com/products/fluffy-worms,2026-08-05,
Mile Hi Sweets and Treats,US,milehisweetsandtreats.com,Wormie Sweetos,Large Bag,candy,40,shopify_shipping_weight,low,10.00,USD,250.00,342.50,yes,catalog_feed,https://milehisweetsandtreats.com/products/fluffy-worms,2026-08-05,
Mile Hi Sweets and Treats,US,milehisweetsandtreats.com,Wormie Sweetos,X-Large Jar,candy,312,shopify_shipping_weight,low,25.00,USD,80.13,109.78,yes,catalog_feed,https://milehisweetsandtreats.com/products/fluffy-worms,2026-08-05,
Mile Hi Sweets and Treats,US,milehisweetsandtreats.com,Cluster Clouds,Small Bag,candy,23,shopify_shipping_weight,low,5.00,USD,217.39,297.83,yes,catalog_feed,https://milehisweetsandtreats.com/products/cluster-clouds,2026-08-05,
Mile Hi Sweets and Treats,US,milehisweetsandtreats.com,Cluster Clouds,Large Bag,candy,60,shopify_shipping_weight,low,10.00,USD,166.67,228.33,yes,catalog_feed,https://milehisweetsandtreats.com/products/cluster-clouds,2026-08-05,
Mile Hi Sweets and Treats,US,milehisweetsandtreats.com,Cluster Clouds,X-Large Jar,candy,255,shopify_shipping_weight,low,25.00,USD,98.04,134.31,yes,catalog_feed,https://milehisweetsandtreats.com/products/cluster-clouds,2026-08-05,
Mother Earth Products,US,motherearthproducts.com,Freeze Dried Red Grape Halves (Seedless),2 Full Cups in a Mylar Re-Seal Pouch,fruit,96,shopify_shipping_weight,low,10.84,USD,112.92,154.70,no,catalog_feed,https://motherearthproducts.com/products/freeze-dried-red-grape-halves-seedless,2026-08-05,
Mother Earth Products,US,motherearthproducts.com,Freeze Dried Red Grape Halves (Seedless),1 Full Quart in a Mylar Re-Seal Pouch,fruit,234,shopify_shipping_weight,low,18.10,USD,77.35,105.97,no,catalog_feed,https://motherearthproducts.com/products/freeze-dried-red-grape-halves-seedless,2026-08-05,
Mother Earth Products,US,motherearthproducts.com,Freeze Dried Red Grape Halves (Seedless),1 Full Quart in a Plastic Jar,fruit,213,shopify_shipping_weight,low,19.20,USD,90.14,123.49,no,catalog_feed,https://motherearthproducts.com/products/freeze-dried-red-grape-halves-seedless,2026-08-05,
Mother Earth Products,US,motherearthproducts.com,Freeze Dried Red Grape Halves (Seedless),5 lb bulk bag,fruit,2268,variant_title,high,169.84,USD,74.89,102.59,no,catalog_feed,https://motherearthproducts.com/products/freeze-dried-red-grape-halves-seedless,2026-08-05,
Mother Earth Products,US,motherearthproducts.com,Freeze Dried Raspberries,2 Full Cups in a Mylar Re-Seal Pouch,fruit,57,shopify_shipping_weight,low,12.98,USD,227.72,311.98,yes,catalog_feed,https://motherearthproducts.com/products/freeze-dried-raspberries,2026-08-05,
Mother Earth Products,US,motherearthproducts.com,Organic Crunchy Raspberries,2 Full Cups in a Mylar Re-Seal Pouch,fruit,28,shopify_shipping_weight,low,14.58,USD,,,yes,catalog_feed,https://motherearthproducts.com/products/organic-crunchy-raspberries,2026-08-05,implausible_from_shipping_weight_cad(713)
Mother Earth Products,US,motherearthproducts.com,Organic Crunchy Raspberries,1 Full Quart in a Mylar Re-Seal Pouch,fruit,113,shopify_shipping_weight,low,25.58,USD,226.37,310.13,yes,catalog_feed,https://motherearthproducts.com/products/organic-crunchy-raspberries,2026-08-05,
Mother Earth Products,US,motherearthproducts.com,Organic Crunchy Raspberries,1 Full Quart in a Plastic Jar,fruit,85,shopify_shipping_weight,low,26.95,USD,317.06,434.37,yes,catalog_feed,https://motherearthproducts.com/products/organic-crunchy-raspberries,2026-08-05,
Mother Earth Products,US,motherearthproducts.com,Freeze Dried Vegetable Kit,,vegetable,794,shopify_shipping_weight,low,78.33,USD,98.65,135.15,yes,catalog_feed,https://motherearthproducts.com/products/freeze-dried-vegetable-kit,2026-08-05,
Mother Earth Products,US,motherearthproducts.com,Organic Dried Kit,,fruit,,none,none,124.87,USD,,,yes,catalog_feed,https://motherearthproducts.com/products/organic-dried-kit,2026-08-05,
Mother Earth Products,US,motherearthproducts.com,Organic Freeze Dried Fruit Kit,,fruit,,none,none,147.08,USD,,,yes,catalog_feed,https://motherearthproducts.com/products/organic-freeze-dried-fruit-kit,2026-08-05,
Mother Earth Products,US,motherearthproducts.com,Freeze Dried Crunchy Fruit Kit,,fruit,853,shopify_shipping_weight,low,102.61,USD,120.29,164.80,yes,catalog_feed,https://motherearthproducts.com/products/freeze-dried-fruit-kit,2026-08-05,
Mother Earth Products,US,motherearthproducts.com,Freeze Dried Cranberries,2 Full Cups in a Mylar Re-Seal Pouch,fruit,34,shopify_shipping_weight,low,9.63,USD,283.24,388.03,yes,catalog_feed,https://motherearthproducts.com/products/freeze-dried-cranberries,2026-08-05,
Mother Earth Products,US,motherearthproducts.com,Freeze Dried Cranberries,1 Full Quart in a Mylar Re-Seal Pouch,fruit,74,shopify_shipping_weight,low,17.00,USD,229.73,314.73,no,catalog_feed,https://motherearthproducts.com/products/freeze-dried-cranberries,2026-08-05,
Mother Earth Products,US,motherearthproducts.com,Freeze Dried Cranberries,1 Full Quart in a Plastic Jar,fruit,119,shopify_shipping_weight,low,18.21,USD,153.03,209.64,no,catalog_feed,https://motherearthproducts.com/products/freeze-dried-cranberries,2026-08-05,
Mother Earth Products,US,motherearthproducts.com,Organic Crunchy Peas,2 Full Cups in a Mylar Re-Seal Pouch,vegetable,91,shopify_shipping_weight,low,11.32,USD,124.40,170.42,yes,catalog_feed,https://motherearthproducts.com/products/organic-crunchy-peas,2026-08-05,
Mother Earth Products,US,motherearthproducts.com,Organic Crunchy Peas,1 Full Quart in a Mylar Re-Seal Pouch,vegetable,221,shopify_shipping_weight,low,17.66,USD,79.91,109.48,yes,catalog_feed,https://motherearthproducts.com/products/organic-crunchy-peas,2026-08-05,
Mother Earth Products,US,motherearthproducts.com,Organic Crunchy Peas,1 Full Quart in a Plastic Jar,vegetable,244,shopify_shipping_weight,low,18.98,USD,77.79,106.57,yes,catalog_feed,https://motherearthproducts.com/products/organic-crunchy-peas,2026-08-05,
Mother Earth Products,US,motherearthproducts.com,Sample Size Mylar Bags (4 Pack),,other,,none,none,1.64,USD,,,yes,catalog_feed,https://motherearthproducts.com/products/sample-size-mylar-bags-4-pack,2026-08-05,
Mother Earth Products,US,motherearthproducts.com,Organic Crunchy Sweet Corn,2 Full Cups in a Mylar Re-Seal Pouch,vegetable,,none,none,11.39,USD,,,yes,catalog_feed,https://motherearthproducts.com/products/organic-crunchy-corn,2026-08-05,
Mother Earth Products,US,motherearthproducts.com,Organic Crunchy Sweet Corn,2 Full Cups in a Plastic Jar,vegetable,85,shopify_shipping_weight,low,12.65,USD,148.82,203.89,yes,catalog_feed,https://motherearthproducts.com/products/organic-crunchy-corn,2026-08-05,
Mother Earth Products,US,motherearthproducts.com,Organic Crunchy Sweet Corn,1 Full Quart in a Mylar Re-Seal Pouch,vegetable,,none,none,18.15,USD,,,yes,catalog_feed,https://motherearthproducts.com/products/organic-crunchy-corn,2026-08-05,
Mother Earth Products,US,motherearthproducts.com,Organic Crunchy Sweet Corn,1 Full Quart in a Plastic Jar,vegetable,,none,none,19.20,USD,,,yes,catalog_feed,https://motherearthproducts.com/products/organic-crunchy-corn,2026-08-05,
Mother Earth Products,US,motherearthproducts.com,Freeze Dried Cauliflower Pearls,2 Full Cups in a Mylar Re-Seal Pouch,fruit,26,shopify_shipping_weight,low,8.42,USD,323.85,443.67,yes,catalog_feed,https://motherearthproducts.com/products/freeze-dried-cauliflower,2026-08-05,
Mother Earth Products,US,motherearthproducts.com,Freeze Dried Cauliflower Pearls,1 Full Quart in a Mylar Re-Seal Pouch,fruit,60,shopify_shipping_weight,low,15.68,USD,261.33,358.03,yes,catalog_feed,https://motherearthproducts.com/products/freeze-dried-cauliflower,2026-08-05,
Mother Earth Products,US,motherearthproducts.com,Freeze Dried Cauliflower Pearls,1 Full Quart in a Plastic Jar,fruit,57,shopify_shipping_weight,low,16.87,USD,295.96,405.47,no,catalog_feed,https://motherearthproducts.com/products/freeze-dried-cauliflower,2026-08-05,
Mother Earth Products,US,motherearthproducts.com,Freeze Dried Cauliflower Pearls,5 lbs Bulk Bag,fruit,2268,variant_title,high,431.20,USD,190.12,260.47,no,catalog_feed,https://motherearthproducts.com/products/freeze-dried-cauliflower,2026-08-05,
Mother Earth Products,US,motherearthproducts.com,Freeze Dried Peas,2 Full Cups in a Mylar Re-Seal Pouch,vegetable,85,shopify_shipping_weight,low,9.45,USD,111.18,152.31,yes,catalog_feed,https://motherearthproducts.com/products/freeze-dried-peas,2026-08-05,
Mother Earth Products,US,motherearthproducts.com,Freeze Dried Peas,1 Full Quart in a Mylar Re-Seal Pouch,vegetable,198,shopify_shipping_weight,low,14.80,USD,74.75,102.40,yes,catalog_feed,https://motherearthproducts.com/products/freeze-dried-peas,2026-08-05,
Mother Earth Products,US,motherearthproducts.com,Freeze Dried Peas,1 Full Quart in a Plastic Jar,vegetable,255,shopify_shipping_weight,low,16.01,USD,62.78,86.01,yes,catalog_feed,https://motherearthproducts.com/products/freeze-dried-peas,2026-08-05,
Mother Earth Products,US,motherearthproducts.com,Freeze Dried Peas,5 lb Bulk Bag,vegetable,2268,variant_title,high,111.20,USD,49.03,67.17,no,catalog_feed,https://motherearthproducts.com/products/freeze-dried-peas,2026-08-05,
Mother Earth Products,US,motherearthproducts.com,Freeze Dried Green Beans,2 Full Cups in a Mylar Re-Seal Pouch,vegetable,26,shopify_shipping_weight,low,9.08,USD,349.23,478.45,yes,catalog_feed,https://motherearthproducts.com/products/freeze-dried-green-beans,2026-08-05,
Mother Earth Products,US,motherearthproducts.com,Freeze Dried Green Beans,1 Full Quart in a Mylar Re-Seal Pouch,vegetable,85,shopify_shipping_weight,low,15.68,USD,184.47,252.72,yes,catalog_feed,https://motherearthproducts.com/products/freeze-dried-green-beans,2026-08-05,
Mother Earth Products,US,motherearthproducts.com,Freeze Dried Green Beans,1 Full Quart in a Plastic Jar,vegetable,113,shopify_shipping_weight,low,16.89,USD,149.47,204.77,yes,catalog_feed,https://motherearthproducts.com/products/freeze-dried-green-beans,2026-08-05,
Mother Earth Products,US,motherearthproducts.com,Freeze Dried Green Beans,5 lb Bulk Bag,vegetable,2268,variant_title,high,394.30,USD,173.85,238.18,no,catalog_feed,https://motherearthproducts.com/products/freeze-dried-green-beans,2026-08-05,
Mother Earth Products,US,motherearthproducts.com,Freeze Dried Corn (Super Sweet),2 Full Cups in a Mylar Re-Seal Pouch,vegetable,113,shopify_shipping_weight,low,8.42,USD,74.51,102.08,no,catalog_feed,https://motherearthproducts.com/products/freeze-dried-corn-super-sweet,2026-08-05,
Mother Earth Products,US,motherearthproducts.com,Freeze Dried Corn (Super Sweet),1 Full Quart in a Mylar Re-Seal Pouch,vegetable,198,shopify_shipping_weight,low,15.24,USD,76.97,105.45,yes,catalog_feed,https://motherearthproducts.com/products/freeze-dried-corn-super-sweet,2026-08-05,
Mother Earth Products,US,motherearthproducts.com,Freeze Dried Corn (Super Sweet),1 Full Quart in a Plastic Jar,vegetable,255,shopify_shipping_weight,low,16.45,USD,64.51,88.38,yes,catalog_feed,https://motherearthproducts.com/products/freeze-dried-corn-super-sweet,2026-08-05,
Mother Earth Products,US,motherearthproducts.com,Freeze Dried Corn (Super Sweet),5 lb Bulk Bag,vegetable,2268,variant_title,high,114.95,USD,50.68,69.44,no,catalog_feed,https://motherearthproducts.com/products/freeze-dried-corn-super-sweet,2026-08-05,
Mother Earth Products,US,motherearthproducts.com,Freeze Dried Broccoli,2 Full Cups in a Mylar Re-Seal Pouch,vegetable,57,shopify_shipping_weight,low,9.85,USD,172.81,236.75,no,catalog_feed,https://motherearthproducts.com/products/freeze-dried-broccoli,2026-08-05,
Mother Earth Products,US,motherearthproducts.com,Freeze Dried Broccoli,1 Full Quart in a Mylar Re-Seal Pouch,vegetable,85,shopify_shipping_weight,low,15.39,USD,181.06,248.05,yes,catalog_feed,https://motherearthproducts.com/products/freeze-dried-broccoli,2026-08-05,
Mother Earth Products,US,motherearthproducts.com,Freeze Dried Broccoli,1 Full Quart in a Plastic Jar,vegetable,142,shopify_shipping_weight,low,16.67,USD,117.39,160.83,yes,catalog_feed,https://motherearthproducts.com/products/freeze-dried-broccoli,2026-08-05,
Mother Earth Products,US,motherearthproducts.com,Freeze Dried Broccoli,5 lb Bulk Bag,vegetable,2268,variant_title,high,336.11,USD,148.20,203.03,no,catalog_feed,https://motherearthproducts.com/products/freeze-dried-broccoli,2026-08-05,
Mountain House,US,mountainhouse.com,Breakfast Skillet 2-Pack,,meal,259,shopify_shipping_weight,low,23.99,USD,92.63,126.90,yes,catalog_feed,https://mountainhouse.com/products/breakfast-skillet-2-pack,2026-08-05,
Mountain House,US,mountainhouse.com,Creamy Macaroni & Cheese 2-Pack,,dairy,368,shopify_shipping_weight,low,21.99,USD,59.76,81.86,yes,catalog_feed,https://mountainhouse.com/products/creamy-macaroni-cheese-2-pack,2026-08-05,
Mountain House,US,mountainhouse.com,Beef Lasagna 2-Pack,,meat,254,shopify_shipping_weight,low,23.99,USD,94.45,129.39,yes,catalog_feed,https://mountainhouse.com/products/beef-lasagna-2-pack,2026-08-05,
Mountain House,US,mountainhouse.com,Granola with Milk and Blueberries 2-Pack,,dairy,268,shopify_shipping_weight,low,15.99,USD,59.66,81.74,yes,catalog_feed,https://mountainhouse.com/products/granola-with-milk-and-blueberries-2-pack,2026-08-05,
Mountain House,US,mountainhouse.com,Biscuits and Gravy 2-Pack,,meat,290,shopify_shipping_weight,low,21.99,USD,75.83,103.88,yes,catalog_feed,https://mountainhouse.com/products/biscuits-and-gravy-2-pack,2026-08-05,
Mountain House,US,mountainhouse.com,Chicken and Dumplings 2-Pack,,meat,304,shopify_shipping_weight,low,23.99,USD,78.91,108.11,yes,catalog_feed,https://mountainhouse.com/products/chicken-and-dumplings-2-pack,2026-08-05,
Mountain House,US,mountainhouse.com,Beef Stew,,meat,195,shopify_shipping_weight,low,12.99,USD,66.62,91.26,yes,catalog_feed,https://mountainhouse.com/products/beef-stew-pro-pak,2026-08-05,
Mountain House,US,mountainhouse.com,Takeout on the Trail 3-Pack,,meat,,none,none,34.99,USD,,,yes,catalog_feed,https://mountainhouse.com/products/takeout-on-the-trail-3-pack,2026-08-05,
Mountain House,US,mountainhouse.com,Comfort Pasta Variety Pack,,meal,,none,none,169.99,USD,,,yes,catalog_feed,https://mountainhouse.com/products/comfort-pasta-variety-pack,2026-08-05,
Mountain House,US,mountainhouse.com,Ultimate Protein Variety Pack,,meat,,none,none,349.99,USD,,,yes,catalog_feed,https://mountainhouse.com/products/ultimate-protein-variety-pack,2026-08-05,
Mountain House,US,mountainhouse.com,Scrambled Eggs,,egg,110,shopify_shipping_weight,low,10.99,USD,99.91,136.88,yes,catalog_feed,https://mountainhouse.com/products/scrambled-eggs-pouch,2026-08-05,
Mountain House,US,mountainhouse.com,Best Sellers Kit,,meat,,none,none,69.99,USD,,,yes,catalog_feed,https://mountainhouse.com/products/best-sellers-kit,2026-08-05,
Mountain House,US,mountainhouse.com,New Flavor Adventure Pack,,meat,,none,none,58.99,USD,,,yes,catalog_feed,https://mountainhouse.com/products/new-flavor-adventure-pack,2026-08-05,
Mountain House,US,mountainhouse.com,2-Day Backcountry Protein Box,,meat,,none,none,69.99,USD,,,yes,catalog_feed,https://mountainhouse.com/products/2-day-backcountry-protein-box,2026-08-05,
Mountain House,US,mountainhouse.com,Rise & Refuel Box,,meat,,none,none,31.99,USD,,,yes,catalog_feed,https://mountainhouse.com/products/rise-and-refuel-box,2026-08-05,
Mountain House,US,mountainhouse.com,Protein Summit Selects,,meat,,none,none,36.99,USD,,,yes,catalog_feed,https://mountainhouse.com/products/protein-summit-selects,2026-08-05,
Mountain House,US,mountainhouse.com,Cajun Style Jambalaya,,meat,195,shopify_shipping_weight,low,12.49,USD,64.05,87.75,yes,catalog_feed,https://mountainhouse.com/products/cajun-style-jambalaya-pouch,2026-08-05,
Mountain House,US,mountainhouse.com,Breakfast Fried Rice,,meal,191,shopify_shipping_weight,low,12.49,USD,65.39,89.59,yes,catalog_feed,https://mountainhouse.com/products/breakfast-fried-rice-pouch,2026-08-05,
Mountain House,US,mountainhouse.com,Pad Thai with Chicken,,meat,928,shopify_shipping_weight,low,75.99,USD,81.89,112.18,yes,catalog_feed,https://mountainhouse.com/products/pad-thai-with-chicken-10-can,2026-08-05,
Mountain House,US,mountainhouse.com,Western Style Scrambled Eggs,,egg,91,shopify_shipping_weight,low,12.99,USD,142.75,195.56,yes,catalog_feed,https://mountainhouse.com/products/western-style-scrambled-eggs-pro-pak,2026-08-05,
Mountain House,US,mountainhouse.com,Chicken Fajita Bowl,,meat,148,shopify_shipping_weight,low,12.99,USD,87.77,120.25,yes,catalog_feed,https://mountainhouse.com/products/chicken-fajita-bowl-pro-pak,2026-08-05,
Mountain House,US,mountainhouse.com,Turkey Sausage Breakfast Skillet,,meat,951,shopify_shipping_weight,low,69.99,USD,73.60,100.83,yes,catalog_feed,https://mountainhouse.com/products/turkey-sausage-breakfast-skillet,2026-08-05,
Mountain House,US,mountainhouse.com,15-Day Emergency Food Supply Kit,,other,7575,shopify_shipping_weight,low,484.99,USD,64.03,87.71,yes,catalog_feed,https://mountainhouse.com/products/15-day-emergency-food-supply-kit,2026-08-05,
Mountain House,US,mountainhouse.com,Cheesy Pepperoni Pizza Bowl,,meal,989,shopify_shipping_weight,low,64.99,USD,65.71,90.03,yes,catalog_feed,https://mountainhouse.com/products/cheesy-pepperoni-pizza-bowl-10-can,2026-08-05,
Mountain House,US,mountainhouse.com,Andouille Pork Sausage Slices,,meat,1189,shopify_shipping_weight,low,94.99,USD,79.89,109.45,yes,catalog_feed,https://mountainhouse.com/products/andouille-pork-sausage-slices-10-can,2026-08-05,
Mountain House,US,mountainhouse.com,Chicken and Dumplings,,meat,1018,shopify_shipping_weight,low,67.99,USD,66.79,91.50,yes,catalog_feed,https://mountainhouse.com/products/chicken-and-dumplings-10-can,2026-08-05,
Mountain House,US,mountainhouse.com,Chicken and Mashed Potatoes,,meat,956,shopify_shipping_weight,low,70.99,USD,74.26,101.73,yes,catalog_feed,https://mountainhouse.com/products/chicken-and-mashed-potatoes-10-can,2026-08-05,
Mountain House,US,mountainhouse.com,Chicken Fajita Bowl,,meat,906,shopify_shipping_weight,low,79.99,USD,88.29,120.96,yes,catalog_feed,https://mountainhouse.com/products/chicken-fajita-bowl-10-can,2026-08-05,
Mountain House,US,mountainhouse.com,Chorizo Breakfast Scramble,,meal,988,shopify_shipping_weight,low,80.99,USD,81.97,112.30,yes,catalog_feed,https://mountainhouse.com/products/chorizo-breakfast-scramble-10-can,2026-08-05,
Mountain House,US,mountainhouse.com,Korean Inspired Beef,,meat,150,shopify_shipping_weight,low,12.49,USD,83.27,114.08,yes,catalog_feed,https://mountainhouse.com/products/korean-inspired-beef-pouch,2026-08-05,
Mountain House,US,mountainhouse.com,Cheesy Pepperoni Pizza Bowl,,meal,167,shopify_shipping_weight,low,12.49,USD,74.79,102.46,yes,catalog_feed,https://mountainhouse.com/products/cheesy-pepperoni-pizza-bowl-pouch,2026-08-05,
Mountain House,US,mountainhouse.com,Cheesy Beef Enchilada Bowl,,meat,158,shopify_shipping_weight,low,12.49,USD,79.05,108.30,yes,catalog_feed,https://mountainhouse.com/products/cheesy-beef-enchilada-bowl-pouch,2026-08-05,
Mountain House,US,mountainhouse.com,Spaghetti,,meat,136,shopify_shipping_weight,low,12.99,USD,95.51,130.86,yes,catalog_feed,https://mountainhouse.com/products/spaghetti-with-meat-sauce-pro-pak,2026-08-05,
Mountain House,US,mountainhouse.com,Creamed Beef Gravy - Military,,meat,1642,shopify_shipping_weight,low,80.27,USD,48.89,66.97,no,catalog_feed,https://mountainhouse.com/products/creamed-beef-gravy-military-10-can,2026-08-05,
Mountain House,US,mountainhouse.com,Turkey Sausage Gravy - Military,,meat,1479,shopify_shipping_weight,low,85.50,USD,57.81,79.20,no,catalog_feed,https://mountainhouse.com/products/turkey-sausage-gravy-military,2026-08-05,
Mountain House,US,mountainhouse.com,30-Day Emergency Food Supply Kit,,other,15150,shopify_shipping_weight,low,939.99,USD,62.05,85.00,yes,catalog_feed,https://mountainhouse.com/products/30-day-emergency-food-supply-kit,2026-08-05,
Mountain House,US,mountainhouse.com,Chicken and Mashed Potatoes,,meat,131,shopify_shipping_weight,low,12.49,USD,95.34,130.62,yes,catalog_feed,https://mountainhouse.com/products/chicken-and-mashed-potatoes-pouch,2026-08-05,
Mountain House,US,mountainhouse.com,Kung Pao Chicken,,meat,158,shopify_shipping_weight,low,12.49,USD,79.05,108.30,yes,catalog_feed,https://mountainhouse.com/products/kung-pao-chicken-pouch,2026-08-05,
Mountain House,US,mountainhouse.com,Chicken Tikka Masala,,meat,144,shopify_shipping_weight,low,12.49,USD,86.74,118.83,yes,catalog_feed,https://mountainhouse.com/products/chicken-tikka-masala-pouch,2026-08-05,
Mountain House,US,mountainhouse.com,Buffalo-Style Chicken Mac & Cheese,,dairy,816,shopify_shipping_weight,low,67.99,USD,83.32,114.15,yes,catalog_feed,https://mountainhouse.com/products/buffalo-style-chicken-mac-cheese-10-can,2026-08-05,
Mountain House,US,mountainhouse.com,Fettuccine Alfredo with Chicken,,meat,1021,shopify_shipping_weight,low,61.99,USD,60.71,83.18,yes,catalog_feed,https://mountainhouse.com/products/fettuccine-alfredo-with-chicken-10-can,2026-08-05,
Mountain House,US,mountainhouse.com,Biscuits & Gravy,,meat,1075,shopify_shipping_weight,low,65.49,USD,60.92,83.46,yes,catalog_feed,https://mountainhouse.com/products/biscuits-gravy-10-can,2026-08-05,
Mountain House,US,mountainhouse.com,Grilled Sliced Chicken,,meat,812,shopify_shipping_weight,low,94.99,USD,116.98,160.27,yes,catalog_feed,https://mountainhouse.com/products/grilled-sliced-chicken-10-can,2026-08-05,
Mountain House,US,mountainhouse.com,Pork Sausage,,meat,1254,shopify_shipping_weight,low,84.49,USD,67.38,92.31,yes,catalog_feed,https://mountainhouse.com/products/pork-sausage-10-can,2026-08-05,
Mountain House,US,mountainhouse.com,14 Day Emergency Food Supply,,meat,7053,shopify_shipping_weight,low,457.99,USD,64.94,88.96,yes,catalog_feed,https://mountainhouse.com/products/just-in-case-14-day-emergency-food-supply,2026-08-05,
Mountain House,US,mountainhouse.com,Chicken & Dumplings,,meat,147,shopify_shipping_weight,low,12.99,USD,88.37,121.06,yes,catalog_feed,https://mountainhouse.com/products/chicken-dumplings-pro-pak,2026-08-05,
Mountain House,US,mountainhouse.com,Backcountry Adventure Kit,,meat,7779,shopify_shipping_weight,low,399.99,USD,51.42,70.44,yes,catalog_feed,https://mountainhouse.com/products/backcountry-adventure-kit,2026-08-05,
Mountain House,US,mountainhouse.com,6-Month Emergency Food Supply,,other,,none,none,5399.99,USD,,,yes,catalog_feed,https://mountainhouse.com/products/6-month-emergency-food-supply,2026-08-05,
Mountain House,US,mountainhouse.com,3-Month Emergency Food Supply,,other,,none,none,2749.99,USD,,,yes,catalog_feed,https://mountainhouse.com/products/3-month-emergency-food-supply,2026-08-05,
Mountain House,US,mountainhouse.com,1-Year Emergency Food Supply,,other,,none,none,10366.99,USD,,,yes,catalog_feed,https://mountainhouse.com/products/1-year-emergency-food-supply,2026-08-05,
Mountain House,US,mountainhouse.com,Veggie Chorizo Breakfast Scramble,,meal,143,shopify_shipping_weight,low,12.49,USD,87.34,119.66,yes,catalog_feed,https://mountainhouse.com/products/veggie-chorizo-breakfast-scramble-pouch,2026-08-05,
Mountain House,US,mountainhouse.com,Homestyle Chicken Noodle Casserole,,meat,179,shopify_shipping_weight,low,12.99,USD,72.57,99.42,yes,catalog_feed,https://mountainhouse.com/products/homestyle-chicken-noodle-casserole-pro-pak,2026-08-05,
Mountain House,US,mountainhouse.com,Mexican-Style Adobo Rice & Chicken,,meat,166,shopify_shipping_weight,low,12.99,USD,78.25,107.21,yes,catalog_feed,https://mountainhouse.com/products/mexican-style-adobo-rice-chicken-pro-pak,2026-08-05,
Mountain House,US,mountainhouse.com,Buffalo-Style Chicken Mac & Cheese,,dairy,156,shopify_shipping_weight,low,12.49,USD,80.06,109.69,no,catalog_feed,https://mountainhouse.com/products/buffalo-style-chicken-mac-cheese,2026-08-05,
Mountain House,US,mountainhouse.com,Classic Chili Mac with Beef,,meat,186,shopify_shipping_weight,low,14.99,USD,80.59,110.41,yes,catalog_feed,https://mountainhouse.com/products/classic-chili-mac-with-beef,2026-08-05,
Mountain House,US,mountainhouse.com,Classic Biscuits & Gravy,,meat,220,shopify_shipping_weight,low,14.99,USD,68.14,93.35,yes,catalog_feed,https://mountainhouse.com/products/classic-biscuits-gravy,2026-08-05,
Mountain House,US,mountainhouse.com,Protein Pack Sampler,,other,5874,shopify_shipping_weight,low,559.99,USD,95.33,130.61,yes,catalog_feed,https://mountainhouse.com/products/protein-pack-sampler,2026-08-05,
Mountain House,US,mountainhouse.com,Adventure Weekender Kit,,meat,1066,shopify_shipping_weight,low,68.99,USD,64.72,88.66,yes,catalog_feed,https://mountainhouse.com/products/adventure-weekender-kit,2026-08-05,
Mountain House,US,mountainhouse.com,Fettuccine Alfredo with Chicken,,meat,181,shopify_shipping_weight,low,12.49,USD,69.01,94.54,yes,catalog_feed,https://mountainhouse.com/products/fettuccine-alfredo-with-chicken-pouch,2026-08-05,
Mountain House,US,mountainhouse.com,Granola with Milk & Blueberries - Military,,dairy,91,shopify_shipping_weight,low,3.49,USD,38.35,52.54,no,catalog_feed,https://mountainhouse.com/products/granola-with-milk-blueberries-military,2026-08-05,
Mountain House,US,mountainhouse.com,Pad Thai with Chicken,,meat,134,shopify_shipping_weight,low,12.49,USD,93.21,127.70,yes,catalog_feed,https://mountainhouse.com/products/pad-thai-with-chicken-pouch,2026-08-05,
Mountain House,US,mountainhouse.com,Expedition Meal Assortment Bucket,,meal,3080,shopify_shipping_weight,low,176.99,USD,57.46,78.73,yes,catalog_feed,https://mountainhouse.com/products/expedition-meal-assortment-bucket-5-day-meal-kit,2026-08-05,
Mountain House,US,mountainhouse.com,Mint Chocolate Chip Ice Cream Sandwich,,ice_cream,41,shopify_shipping_weight,low,4.99,USD,121.71,166.74,yes,catalog_feed,https://mountainhouse.com/products/mint-chocolate-chip-ice-cream-sandwich,2026-08-05,
Mountain House,US,mountainhouse.com,Yellow Curry with Chicken & Rice,,meat,134,shopify_shipping_weight,low,12.49,USD,93.21,127.70,yes,catalog_feed,https://mountainhouse.com/products/yellow-curry-with-chicken-rice-pouch,2026-08-05,
Mountain House,US,mountainhouse.com,Vanilla Ice Cream Sandwich,,ice_cream,41,shopify_shipping_weight,low,4.99,USD,121.71,166.74,yes,catalog_feed,https://mountainhouse.com/products/vanilla-ice-cream-sandwich,2026-08-05,
Mountain House,US,mountainhouse.com,Breakfast Skillet,,meal,129,shopify_shipping_weight,low,12.49,USD,96.82,132.65,yes,catalog_feed,https://mountainhouse.com/products/breakfast-skillet-pouch,2026-08-05,
Mountain House,US,mountainhouse.com,Granola with Milk and Blueberries,,dairy,134,shopify_shipping_weight,low,7.99,USD,59.63,81.69,yes,catalog_feed,https://mountainhouse.com/products/granola-with-milk-and-blueberries-pouch,2026-08-05,
Mountain House,US,mountainhouse.com,Scrambled Eggs with Uncured Bacon,,egg,88,shopify_shipping_weight,low,10.49,USD,119.20,163.31,yes,catalog_feed,https://mountainhouse.com/products/scrambled-eggs-with-bacon-pouch,2026-08-05,
Mountain House,US,mountainhouse.com,Biscuits and Gravy,,meat,145,shopify_shipping_weight,low,11.49,USD,79.24,108.56,yes,catalog_feed,https://mountainhouse.com/products/biscuits-and-gravy-pouch,2026-08-05,
Mountain House,US,mountainhouse.com,Chicken and Dumplings,,meat,152,shopify_shipping_weight,low,12.49,USD,82.17,112.57,yes,catalog_feed,https://mountainhouse.com/products/chicken-and-dumplings-pouch,2026-08-05,
Mountain House,US,mountainhouse.com,Chicken Fajita Bowl,,meat,143,shopify_shipping_weight,low,12.49,USD,87.34,119.66,yes,catalog_feed,https://mountainhouse.com/products/chicken-fajita-bowl-pouch,2026-08-05,
Mountain House,US,mountainhouse.com,Creamy Macaroni & Cheese,,dairy,152,shopify_shipping_weight,low,11.49,USD,75.59,103.56,yes,catalog_feed,https://mountainhouse.com/products/creamy-macaroni-cheese-pouch,2026-08-05,
Mountain House,US,mountainhouse.com,Mexican-Style Adobo Rice & Chicken,,meat,152,shopify_shipping_weight,low,12.49,USD,82.17,112.57,no,catalog_feed,https://mountainhouse.com/products/mexican-adobo-rice-chicken-pouch,2026-08-05,
Mountain House,US,mountainhouse.com,Pasta Primavera,,meal,134,shopify_shipping_weight,low,11.49,USD,85.75,117.47,yes,catalog_feed,https://mountainhouse.com/products/pasta-primavera-pouch,2026-08-05,
Mountain House,US,mountainhouse.com,Chili Mac with Beef,,meat,134,shopify_shipping_weight,low,12.49,USD,93.21,127.70,yes,catalog_feed,https://mountainhouse.com/products/chili-mac-with-beef-pouch,2026-08-05,
Mountain House,US,mountainhouse.com,Beef Lasagna,,meat,127,shopify_shipping_weight,low,12.49,USD,98.35,134.73,yes,catalog_feed,https://mountainhouse.com/products/lasagna-with-meat-sauce-pouch,2026-08-05,
Mountain House,US,mountainhouse.com,Chicken Teriyaki,,meat,141,shopify_shipping_weight,low,12.49,USD,88.58,121.36,yes,catalog_feed,https://mountainhouse.com/products/chicken-teriyaki-with-rice-pouch,2026-08-05,
Mountain House,US,mountainhouse.com,Beef Stroganoff with Noodles,,meat,147,shopify_shipping_weight,low,12.49,USD,84.97,116.40,yes,catalog_feed,https://mountainhouse.com/products/beef-stroganoff-pouch,2026-08-05,
Mountain House,US,mountainhouse.com,Beef Stew,,meat,116,shopify_shipping_weight,low,12.49,USD,107.67,147.51,yes,catalog_feed,https://mountainhouse.com/products/beef-stew-pouch,2026-08-05,
Mountain House,US,mountainhouse.com,Chicken Fried Rice,,meat,159,shopify_shipping_weight,low,12.49,USD,78.55,107.62,yes,catalog_feed,https://mountainhouse.com/products/chicken-fried-rice-pouch,2026-08-05,
Mountain House,US,mountainhouse.com,Homestyle Chicken Noodle Casserole,,meat,154,shopify_shipping_weight,low,12.49,USD,81.10,111.11,yes,catalog_feed,https://mountainhouse.com/products/homestyle-chicken-noodle-casserole-pouch,2026-08-05,
Mountain House,US,mountainhouse.com,Spaghetti with Beef Marinara,,meat,145,shopify_shipping_weight,low,12.49,USD,86.14,118.01,yes,catalog_feed,https://mountainhouse.com/products/spaghetti-with-meat-sauce-pouch,2026-08-05,
Mountain House,US,mountainhouse.com,Rice & Chicken,,meat,145,shopify_shipping_weight,low,12.49,USD,86.14,118.01,yes,catalog_feed,https://mountainhouse.com/products/rice-chicken-pouch,2026-08-05,
Mountain House,US,mountainhouse.com,Breakfast Skillet,,meal,120,shopify_shipping_weight,low,12.99,USD,108.25,148.30,yes,catalog_feed,https://mountainhouse.com/products/breakfast-skillet-pro-pak,2026-08-05,
Mountain House,US,mountainhouse.com,Scrambled Eggs with Uncured Bacon,,egg,102,shopify_shipping_weight,low,12.99,USD,127.35,174.47,yes,catalog_feed,https://mountainhouse.com/products/scrambled-eggs-with-bacon-pro-pak,2026-08-05,
Mountain House,US,mountainhouse.com,Chili Mac,,meal,161,shopify_shipping_weight,low,12.99,USD,80.68,110.54,yes,catalog_feed,https://mountainhouse.com/products/chili-mac-with-beef-pro-pak,2026-08-05,
Mountain House,US,mountainhouse.com,Beef Stroganoff,,meat,161,shopify_shipping_weight,low,12.99,USD,80.68,110.54,yes,catalog_feed,https://mountainhouse.com/products/beef-stroganoff-pro-pak,2026-08-05,
Mountain House,US,mountainhouse.com,Chicken & Rice,,meat,170,shopify_shipping_weight,low,12.99,USD,76.41,104.68,yes,catalog_feed,https://mountainhouse.com/products/chicken-and-rice-pro-pak,2026-08-05,
Mountain House,US,mountainhouse.com,Breakfast Skillet,,meal,776,shopify_shipping_weight,low,56.99,USD,73.44,100.61,yes,catalog_feed,https://mountainhouse.com/products/breakfast-skillet-10-can,2026-08-05,
Mountain House,US,mountainhouse.com,Granola with Milk and Blueberries,,dairy,1467,shopify_shipping_weight,low,75.99,USD,51.80,70.97,yes,catalog_feed,https://mountainhouse.com/products/granola-with-milk-and-blueberries-10-can,2026-08-05,
Mountain House,US,mountainhouse.com,Scrambled Eggs with Uncured Bacon,,egg,916,shopify_shipping_weight,low,85.49,USD,93.33,127.86,yes,catalog_feed,https://mountainhouse.com/products/scrambled-eggs-with-bacon-10-can,2026-08-05,
Mountain House,US,mountainhouse.com,Ground Beef,,meat,1134,shopify_shipping_weight,low,94.99,USD,83.77,114.76,yes,catalog_feed,https://mountainhouse.com/products/ground-beef-10-can,2026-08-05,
Mountain House,US,mountainhouse.com,Mexican-Style Adobo Rice with Chicken,,meat,794,shopify_shipping_weight,low,48.49,USD,61.07,83.67,yes,catalog_feed,https://mountainhouse.com/products/mexican-style-rice-chicken-10-can,2026-08-05,
Mountain House,US,mountainhouse.com,Diced Chicken,,meat,794,shopify_shipping_weight,low,77.99,USD,98.22,134.57,yes,catalog_feed,https://mountainhouse.com/products/diced-chicken-10-can,2026-08-05,
Mountain House,US,mountainhouse.com,Chili Mac with Beef,,meat,862,shopify_shipping_weight,low,59.99,USD,69.59,95.34,yes,catalog_feed,https://mountainhouse.com/products/chili-mac-with-beef-10-can,2026-08-05,
Mountain House,US,mountainhouse.com,Beef Lasagna,,meat,794,shopify_shipping_weight,low,61.99,USD,78.07,106.96,yes,catalog_feed,https://mountainhouse.com/products/lasagna-with-meat-sauce-10-can,2026-08-05,
Mountain House,US,mountainhouse.com,Diced Beef,,meat,816,shopify_shipping_weight,low,109.99,USD,134.79,184.66,yes,catalog_feed,https://mountainhouse.com/products/diced-beef-10-can,2026-08-05,
Mountain House,US,mountainhouse.com,Beef Stroganoff with Noodles,,meat,953,shopify_shipping_weight,low,61.49,USD,64.52,88.40,yes,catalog_feed,https://mountainhouse.com/products/beef-stroganoff-10-can,2026-08-05,
Mountain House,US,mountainhouse.com,Beef Stew,,meat,776,shopify_shipping_weight,low,68.99,USD,88.90,121.80,yes,catalog_feed,https://mountainhouse.com/products/beef-stew-10-can,2026-08-05,
Mountain House,US,mountainhouse.com,Homestyle Chicken Noodle Casserole,,meat,991,shopify_shipping_weight,low,68.99,USD,69.62,95.37,yes,catalog_feed,https://mountainhouse.com/products/chicken-noodle-casserole-10-can,2026-08-05,
Mountain House,US,mountainhouse.com,Spaghetti with Beef Marinara,,meat,762,shopify_shipping_weight,low,49.99,USD,65.60,89.88,yes,catalog_feed,https://mountainhouse.com/products/classic-spaghetti-with-meat-sauce-10-can,2026-08-05,
Mountain House,US,mountainhouse.com,Rice & Chicken,,meat,855,shopify_shipping_weight,low,54.49,USD,63.73,87.31,yes,catalog_feed,https://mountainhouse.com/products/rice-chicken-10-can,2026-08-05,
Mountain House,US,mountainhouse.com,Just in Case...® 3 Day Emergency Food Supply,,meat,1610,shopify_shipping_weight,low,99.99,USD,62.11,85.08,yes,catalog_feed,https://mountainhouse.com/products/just-in-case-3-day-emergency-food-supply,2026-08-05,
Mountain House,US,mountainhouse.com,Essential Meal Assortment Bucket,,meal,2286,shopify_shipping_weight,low,129.99,USD,56.86,77.90,yes,catalog_feed,https://mountainhouse.com/products/essential-assortment-bucket,2026-08-05,
Mountain House,US,mountainhouse.com,Classic Meal Assortment Bucket,,meal,2504,shopify_shipping_weight,low,134.49,USD,53.71,73.58,yes,catalog_feed,https://mountainhouse.com/products/classic-assortment-bucket,2026-08-05,
Mount Trail,CA,mounttrail.com,Chili sans limite,,meal,,none,none,16.47,CAD,,,no,catalog_feed,https://mounttrail.com/products/chili-sans-limite,2026-08-05,
Mount Trail,CA,mounttrail.com,Soupe aux poids boréale,,meal,,none,none,14.47,CAD,,,no,catalog_feed,https://mounttrail.com/products/soupe-aux-poids-boreale,2026-08-05,
Mount Trail,CA,mounttrail.com,Couscous Aventurier,,meal,,none,none,15.97,CAD,,,no,catalog_feed,https://mounttrail.com/products/couscous-aventurier,2026-08-05,
Mount Trail,CA,mounttrail.com,Cretons d'expédition,,other,,none,none,8.97,CAD,,,no,catalog_feed,https://mounttrail.com/products/cretons-dexpeditions,2026-08-05,
Mount Trail,CA,mounttrail.com,L’audacieux smoothie,,beverage,,none,none,16.97,CAD,,,no,catalog_feed,https://mounttrail.com/products/l-audacieux-smoothie,2026-08-05,
Mount Trail,CA,mounttrail.com,Poulet en cubes cuits et lyophilisés,,meat,,none,none,14.99,CAD,,,no,catalog_feed,https://mounttrail.com/products/cube-de-poulet-cuit-et-lyophilise,2026-08-05,
Mount Trail,CA,mounttrail.com,Boeuf haché cuit et lyophilisé,,egg,,none,none,14.99,CAD,,,no,catalog_feed,https://mounttrail.com/products/boeuf-hache-cuit-et-lyophilise,2026-08-05,
Mount Trail,CA,mounttrail.com,Cubes de boeuf cuits lyophilisés,,egg,,none,none,14.49,CAD,,,no,catalog_feed,https://mounttrail.com/products/cubes-de-boeuf-cuits-lyophilises,2026-08-05,
Mount Trail,CA,mounttrail.com,Croustade aux pommes,,fruit,,none,none,7.99,CAD,,,no,catalog_feed,https://mounttrail.com/products/croustade-aux-pommes,2026-08-05,
Mount Trail,CA,mounttrail.com,Soupe poulet et orzo,,meat,,none,none,9.99,CAD,,,no,catalog_feed,https://mounttrail.com/products/soupe-poulet-et-orzo,2026-08-05,
Mount Trail,CA,mounttrail.com,Salade de riz ensoleillée,,meal,,none,none,10.99,CAD,,,no,catalog_feed,https://mounttrail.com/products/salade-de-riz-ensoleillee,2026-08-05,
Mount Trail,CA,mounttrail.com,Riz à la mode bengale,,meal,,none,none,14.49,CAD,,,no,catalog_feed,https://mounttrail.com/products/copy-of-garniture-vegetarienne-pour-tacos-ou-tortillas,2026-08-05,
Mount Trail,CA,mounttrail.com,Garniture végétarienne pour tacos ou tortillas,,meal,,none,none,13.99,CAD,,,yes,catalog_feed,https://mounttrail.com/products/garniture-vegetarienne-pour-tacos-ou-tortillas,2026-08-05,
Mount Trail,CA,mounttrail.com,Boeuf mandarin et riz,,egg,,none,none,19.99,CAD,,,no,catalog_feed,https://mounttrail.com/products/boeuf-mandarin-et-riz,2026-08-05,
Mount Trail,CA,mounttrail.com,Porc à la méditerranéenne,,meat,,none,none,16.99,CAD,,,yes,catalog_feed,https://mounttrail.com/products/porc-a-la-medittaneenne,2026-08-05,
Mount Trail,CA,mounttrail.com,Festin marocain - Couscous et lentilles,,meal,20,shopify_shipping_weight,low,14.99,CAD,,,yes,catalog_feed,https://mounttrail.com/products/festin-marocain-couscous-et-lentilles,2026-08-05,implausible_from_shipping_weight(750)
Mount Trail,CA,mounttrail.com,Macaroni réconfortant,,meal,,none,none,14.99,CAD,,,yes,catalog_feed,https://mounttrail.com/products/macaroni-reconfortant,2026-08-05,
Mount Trail,CA,mounttrail.com,Blanquette de poulet et nouilles aux œufs,,meat,,none,none,16.99,CAD,,,yes,catalog_feed,https://mounttrail.com/products/blanquette-de-poulet-et-nouilles-aux-oeufs,2026-08-05,
Mount Trail,CA,mounttrail.com,"Linguinis, sauce rosée et crevettes",,meal,,none,none,17.99,CAD,,,no,catalog_feed,https://mounttrail.com/products/linguinis-sauce-rosee-et-crevettes,2026-08-05,
Mount Trail,CA,mounttrail.com,Riz Teriyaki,,meal,,none,none,14.99,CAD,,,yes,catalog_feed,https://mounttrail.com/products/riz-teriyaki,2026-08-05,
Mount Trail,CA,mounttrail.com,Risotto aux champignons et fromage,,dairy,,none,none,16.99,CAD,,,no,catalog_feed,https://mounttrail.com/products/risotto-aux-champignons-et-fromage,2026-08-05,
Mount Trail,CA,mounttrail.com,Chili Végétalien,,meal,21,shopify_shipping_weight,low,14.99,CAD,,,yes,catalog_feed,https://mounttrail.com/products/chili-vegetalien-happy-yak,2026-08-05,implausible_from_shipping_weight(714)
Nutrient Survival,US,nutrientsurvival.com,Freeze Dried Fruit and Vegetable Bundle,,fruit,4082,shopify_shipping_weight,low,194.94,USD,47.76,65.43,yes,catalog_feed,https://nutrientsurvival.com/products/freeze-dried-fruit-and-vegetable-bundle,2026-08-05,
Nutrient Survival,US,nutrientsurvival.com,Freeze Dried Strawberry Slices #10 Can BOGO50 Bundle,,fruit,1361,shopify_shipping_weight,low,45.00,USD,33.06,45.30,yes,catalog_feed,https://nutrientsurvival.com/products/freeze-dried-strawberry-slices-10-can-bogo50-bundle,2026-08-05,
Nutrient Survival,US,nutrientsurvival.com,Blueberry Fruit Crisps 6-Pack,,fruit,998,shopify_shipping_weight,low,35.99,USD,36.06,49.41,yes,catalog_feed,https://nutrientsurvival.com/products/blueberry-fruit-crisps-6-pack,2026-08-05,
Nutrient Survival,US,nutrientsurvival.com,Mango Fruit Crisps 6-Pack,,fruit,998,shopify_shipping_weight,low,35.99,USD,36.06,49.41,yes,catalog_feed,https://nutrientsurvival.com/products/mango-fruit-crisps-6-pack,2026-08-05,
Nutrient Survival,US,nutrientsurvival.com,Apple Fruit Crisps 6-Pack,,fruit,998,shopify_shipping_weight,low,35.99,USD,36.06,49.41,yes,catalog_feed,https://nutrientsurvival.com/products/apple-fruit-crisps-6-pack,2026-08-05,
Nutrient Survival,US,nutrientsurvival.com,Banana Fruit Crisps 6-Pack,,fruit,998,shopify_shipping_weight,low,35.99,USD,36.06,49.41,yes,catalog_feed,https://nutrientsurvival.com/products/banana-fruit-crisps-6-pack,2026-08-05,
Nutrient Survival,US,nutrientsurvival.com,Freeze Dried Fruits and Vegetables Emergency Food Bucket,,fruit,4536,shopify_shipping_weight,low,79.99,USD,,,yes,catalog_feed,https://nutrientsurvival.com/products/fruits-and-vegetables-emergency-food-bucket,2026-08-05,implausible_from_shipping_weight(18)
Nutrient Survival,US,nutrientsurvival.com,Freeze Dried Green Peas #10 Can,,vegetable,1361,shopify_shipping_weight,low,34.99,USD,25.71,35.22,yes,catalog_feed,https://nutrientsurvival.com/products/freeze-dried-green-peas-10-can,2026-08-05,
Nutrient Survival,US,nutrientsurvival.com,Freeze Dried Kernel Corn #10 Can,,vegetable,1361,shopify_shipping_weight,low,29.99,USD,22.04,30.19,yes,catalog_feed,https://nutrientsurvival.com/products/freeze-dried-kernel-corn-10-can,2026-08-05,
Nutrient Survival,US,nutrientsurvival.com,Freeze Dried Raspberry Pieces #10 Can,,fruit,1361,shopify_shipping_weight,low,39.99,USD,29.38,40.25,yes,catalog_feed,https://nutrientsurvival.com/products/freeze-dried-raspberry-pieces-10-can,2026-08-05,
Nutrient Survival,US,nutrientsurvival.com,Freeze Dried Mixed Vegetables 6 Cans,,vegetable,8165,shopify_shipping_weight,low,179.94,USD,22.04,30.19,yes,catalog_feed,https://nutrientsurvival.com/products/freeze-dried-mixed-vegetables-6-cans,2026-08-05,
Nutrient Survival,US,nutrientsurvival.com,Freeze Dried Strawberry Slices 6 Cans,,fruit,8165,shopify_shipping_weight,low,179.94,USD,22.04,30.19,yes,catalog_feed,https://nutrientsurvival.com/products/freeze-dried-strawberry-slices-6-cans,2026-08-05,
Nutrient Survival,US,nutrientsurvival.com,Freeze Dried Mango Chunks 6 Cans,,fruit,8165,shopify_shipping_weight,low,209.94,USD,25.71,35.23,yes,catalog_feed,https://nutrientsurvival.com/products/freeze-dried-mango-chunks-6-cans,2026-08-05,
Nutrient Survival,US,nutrientsurvival.com,Freeze Dried Blueberries 6 Cans,,fruit,8165,shopify_shipping_weight,low,239.94,USD,29.39,40.26,yes,catalog_feed,https://nutrientsurvival.com/products/freeze-dried-blueberries-6-cans,2026-08-05,
Nutrient Survival,US,nutrientsurvival.com,Freeze Dried Banana Slices 6 Cans,,fruit,8165,shopify_shipping_weight,low,179.94,USD,22.04,30.19,yes,catalog_feed,https://nutrientsurvival.com/products/freeze-dried-banana-slices-6-cans,2026-08-05,
Nutrient Survival,US,nutrientsurvival.com,Freeze Dried Apple Slices 6 Cans,,fruit,8165,shopify_shipping_weight,low,179.94,USD,22.04,30.19,yes,catalog_feed,https://nutrientsurvival.com/products/freeze-dried-apple-slices-6-cans,2026-08-05,
Nutrient Survival,US,nutrientsurvival.com,Freeze Dried Mixed Vegetables #10 Can,,vegetable,1361,shopify_shipping_weight,low,29.99,USD,22.04,30.19,yes,catalog_feed,https://nutrientsurvival.com/products/freeze-dried-mixed-vegetables-10-can,2026-08-05,
Nutrient Survival,US,nutrientsurvival.com,Freeze Dried Blueberries #10 Can,,fruit,1361,shopify_shipping_weight,low,39.99,USD,29.38,40.25,yes,catalog_feed,https://nutrientsurvival.com/products/freeze-dried-blueberries-10-can,2026-08-05,
Nutrient Survival,US,nutrientsurvival.com,Freeze Dried Banana Slices #10 Can,,fruit,1361,shopify_shipping_weight,low,29.99,USD,22.04,30.19,yes,catalog_feed,https://nutrientsurvival.com/products/freeze-dried-banana-slices-10-can,2026-08-05,
Nutrient Survival,US,nutrientsurvival.com,Freeze Dried Mango Chunks #10 Can,,fruit,1361,shopify_shipping_weight,low,34.99,USD,25.71,35.22,yes,catalog_feed,https://nutrientsurvival.com/products/freeze-dried-mango-chunks-10-can,2026-08-05,
Nutrient Survival,US,nutrientsurvival.com,Freeze Dried Apple Slices #10 Can,,fruit,1361,shopify_shipping_weight,low,29.99,USD,22.04,30.19,yes,catalog_feed,https://nutrientsurvival.com/products/freeze-dried-apple-slices-10-can,2026-08-05,
Nutrient Survival,US,nutrientsurvival.com,Freeze Dried Strawberry Slices #10 Can,,fruit,1361,shopify_shipping_weight,low,29.99,USD,22.04,30.19,yes,catalog_feed,https://nutrientsurvival.com/products/freeze-dried-strawberry-slices-10-can,2026-08-05,
Peak Refuel,US,peakrefuel.com,Mendes 8-Pack,Bundle,meat,2268,shopify_shipping_weight,low,115.82,USD,51.07,69.96,no,catalog_feed,https://peakrefuel.com/products/mendes-8-pack,2026-08-05,
Peak Refuel,US,peakrefuel.com,OnX Elite Summit Pack,,meat,,none,none,113.16,USD,,,yes,catalog_feed,https://peakrefuel.com/products/onx-elite-summit-pack-1,2026-08-05,
Peak Refuel,US,peakrefuel.com,OnX Elite Trail Pack,,other,,none,none,43.47,USD,,,yes,catalog_feed,https://peakrefuel.com/products/onx-elite-summit-pack,2026-08-05,
Peak Refuel,US,peakrefuel.com,OnX Elite Backcountry Pack,,other,,none,none,190.35,USD,,,yes,catalog_feed,https://peakrefuel.com/products/onx-elite-backcountry-pack,2026-08-05,
Peak Refuel,US,peakrefuel.com,Bison Ranch Mashers,Single Pouch,meal,,none,none,15.99,USD,,,yes,catalog_feed,https://peakrefuel.com/products/bison-ranch-mashers,2026-08-05,
Peak Refuel,US,peakrefuel.com,Entree Essentials Bucket 2.0,Single Bucket,meal,2268,shopify_shipping_weight,low,169.99,USD,74.95,102.68,yes,catalog_feed,https://peakrefuel.com/products/entree-essentials-bucket-2-0,2026-08-05,
Peak Refuel,US,peakrefuel.com,Cabin Cache Pack,,meat,,none,none,2999.99,USD,,,yes,catalog_feed,https://peakrefuel.com/products/90-day-pack,2026-08-05,
Peak Refuel,US,peakrefuel.com,Reserve Pack,,meat,,none,none,1069.99,USD,,,yes,catalog_feed,https://peakrefuel.com/products/30-day-pack,2026-08-05,
Peak Refuel,US,peakrefuel.com,Backcountry Pack,,meat,,none,none,519.99,USD,,,yes,catalog_feed,https://peakrefuel.com/products/14-day-pack,2026-08-05,
Peak Refuel,US,peakrefuel.com,Anniversary Pack,,meat,,none,none,94.99,USD,,,yes,catalog_feed,https://peakrefuel.com/products/anniversary-pack,2026-08-05,
Peak Refuel,US,peakrefuel.com,MeatEater American Buffalo Goulash,,meat,,none,none,15.99,USD,,,yes,catalog_feed,https://peakrefuel.com/products/meateater-american-buffalo-goulash,2026-08-05,
Peak Refuel,US,peakrefuel.com,Strawberry Cheesecake Bites,Single,dairy,82,shopify_shipping_weight,low,7.99,USD,97.44,133.49,yes,catalog_feed,https://peakrefuel.com/products/strawberry-cheesecake-bites,2026-08-05,
Peak Refuel,US,peakrefuel.com,White Chicken Chili,Single Pouch,meat,,none,none,14.99,USD,,,yes,catalog_feed,https://peakrefuel.com/products/white-chicken-chili,2026-08-05,
Peak Refuel,US,peakrefuel.com,Strawberry Granola,Single Pouch,fruit,299,shopify_shipping_weight,low,7.99,USD,26.72,36.61,yes,catalog_feed,https://peakrefuel.com/products/strawberry-granola-meal,2026-08-05,
Peak Refuel,US,peakrefuel.com,Chicken Pesto Pasta,Single Pouch,meat,390,shopify_shipping_weight,low,14.99,USD,38.44,52.66,yes,catalog_feed,https://peakrefuel.com/products/chicken-pesto-pasta,2026-08-05,
Peak Refuel,US,peakrefuel.com,Homestyle Chicken & Rice,Single Pouch,meat,390,shopify_shipping_weight,low,13.99,USD,35.87,49.14,yes,catalog_feed,https://peakrefuel.com/products/homestyle-chicken-rice,2026-08-05,
Peak Refuel,US,peakrefuel.com,Mountain Berry Granola,Single Pouch,fruit,363,shopify_shipping_weight,low,8.99,USD,24.77,33.93,yes,catalog_feed,https://peakrefuel.com/products/mountain-berry-granola,2026-08-05,
Peak Refuel,US,peakrefuel.com,Three Bean Chili Mac,Single Pouch,meal,363,shopify_shipping_weight,low,13.99,USD,38.54,52.80,yes,catalog_feed,https://peakrefuel.com/products/three-bean-chili-mac,2026-08-05,
Peak Refuel,US,peakrefuel.com,Sweet Pork & Rice,Single Pouch,meat,390,shopify_shipping_weight,low,13.99,USD,35.87,49.14,yes,catalog_feed,https://peakrefuel.com/products/sweet-pork-rice-meal,2026-08-05,
Peak Refuel,US,peakrefuel.com,Chicken Alfredo,Single Pouch,meat,286,shopify_shipping_weight,low,13.99,USD,48.92,67.02,yes,catalog_feed,https://peakrefuel.com/products/chicken-alfredo,2026-08-05,
Peak Refuel,US,peakrefuel.com,Breakfast Skillet,Single Pouch,meal,109,shopify_shipping_weight,low,14.99,USD,137.52,188.41,no,catalog_feed,https://peakrefuel.com/products/breakfast-skillet-meal,2026-08-05,
Peak Refuel,US,peakrefuel.com,Chicken Coconut Curry,Single Pouch,meat,313,shopify_shipping_weight,low,14.99,USD,47.89,65.61,yes,catalog_feed,https://peakrefuel.com/products/chicken-coconut-curry,2026-08-05,
Peak Refuel,US,peakrefuel.com,Beef Stroganoff,Single Pouch,meat,299,shopify_shipping_weight,low,14.99,USD,50.13,68.68,yes,catalog_feed,https://peakrefuel.com/products/beef-stroganoff,2026-08-05,
Peak Refuel,US,peakrefuel.com,Beef Pasta Marinara,Single Pouch,meat,345,shopify_shipping_weight,low,14.99,USD,43.45,59.53,yes,catalog_feed,https://peakrefuel.com/products/beef-pasta-marinara-meal,2026-08-05,
Peak Refuel,US,peakrefuel.com,Biscuits & Sausage Gravy,Single Pouch,meat,313,shopify_shipping_weight,low,14.99,USD,47.89,65.61,yes,catalog_feed,https://peakrefuel.com/products/biscuits-sausage-gravy,2026-08-05,
Peak Refuel,US,peakrefuel.com,Chicken Teriyaki Rice,Single Pouch,meat,286,shopify_shipping_weight,low,13.99,USD,48.92,67.02,yes,catalog_feed,https://peakrefuel.com/products/chicken-teriyaki-rice-meal,2026-08-05,
Peak Refuel,US,peakrefuel.com,Creamy Peaches and Oats,,fruit,,none,none,12.99,USD,,,yes,catalog_feed,https://peakrefuel.com/products/peaches-and-cream,2026-08-05,
Peak Refuel,US,peakrefuel.com,Venison Country Casserole,,meat,,none,none,15.99,USD,,,yes,catalog_feed,https://peakrefuel.com/products/venison-country-casserole,2026-08-05,
Peak Refuel,US,peakrefuel.com,Backcountry Bison Bowl,,meal,,none,none,15.99,USD,,,yes,catalog_feed,https://peakrefuel.com/products/backcountry-bison-bowl,2026-08-05,
Peak Refuel,US,peakrefuel.com,Peach Cobbler,,fruit,363,shopify_shipping_weight,low,11.99,USD,33.03,45.25,yes,catalog_feed,https://peakrefuel.com/products/peach-cobbler,2026-08-05,
Peak Refuel,US,peakrefuel.com,Mountain Berry Cobbler,,fruit,386,shopify_shipping_weight,low,11.99,USD,31.06,42.56,yes,catalog_feed,https://peakrefuel.com/products/mountain-berry-cobbler,2026-08-05,
Peak Refuel,US,peakrefuel.com,Peanut Butter Chocolate Chip Cookie Bites,,candy,168,shopify_shipping_weight,low,7.99,USD,47.56,65.16,yes,catalog_feed,https://peakrefuel.com/products/peanut-butter-chocolate-chip-cookie-bites,2026-08-05,
Peak Refuel,US,peakrefuel.com,Chocolate Fudge Brownie Bites,,candy,154,shopify_shipping_weight,low,7.99,USD,51.88,71.08,yes,catalog_feed,https://peakrefuel.com/products/chocolate-fudge-brownie-bites,2026-08-05,
Radix Nutrition,NZ,radixnutrition.com,Strawberry Powder 180 g,,fruit,180,product_title,high,20.90,NZD,116.11,95.21,no,catalog_feed,https://radixnutrition.com/products/strawberry-powder-180-g,2026-08-05,
Radix Nutrition,NZ,radixnutrition.com,Strawberry Pieces 50 g,,fruit,50,product_title,high,6.90,NZD,138.00,113.16,no,catalog_feed,https://radixnutrition.com/products/strawberry-pieces-50-g,2026-08-05,
Radix Nutrition,NZ,radixnutrition.com,Complete Start Bundle - Whey Option,,dairy,,none,none,120.00,NZD,,,yes,catalog_feed,https://radixnutrition.com/products/feel-better-3-pack-whey,2026-08-05,
Radix Nutrition,NZ,radixnutrition.com,Nutribullet Flex Bundle - Plant,Black,beverage,,none,none,119.00,NZD,,,no,catalog_feed,https://radixnutrition.com/products/nutribullet-flex-bundle-plant,2026-08-05,
Radix Nutrition,NZ,radixnutrition.com,Nutribullet Flex Bundle - Plant,White,beverage,,none,none,119.00,NZD,,,yes,catalog_feed,https://radixnutrition.com/products/nutribullet-flex-bundle-plant,2026-08-05,
Radix Nutrition,NZ,radixnutrition.com,Nutribullet Flex Bundle - Plant,Sapphire Blue,beverage,,none,none,173.90,NZD,,,yes,catalog_feed,https://radixnutrition.com/products/nutribullet-flex-bundle-plant,2026-08-05,
Radix Nutrition,NZ,radixnutrition.com,Nutribullet Flex Bundle - Whey,White,dairy,,none,none,119.00,NZD,,,yes,catalog_feed,https://radixnutrition.com/products/nutribullet-flex-bundle,2026-08-05,
Radix Nutrition,NZ,radixnutrition.com,Nutribullet Flex Bundle - Whey,Sapphire Blue,dairy,,none,none,119.00,NZD,,,yes,catalog_feed,https://radixnutrition.com/products/nutribullet-flex-bundle,2026-08-05,
Radix Nutrition,NZ,radixnutrition.com,Nutribullet Flex Bundle - Whey,Black,dairy,,none,none,119.00,NZD,,,no,catalog_feed,https://radixnutrition.com/products/nutribullet-flex-bundle,2026-08-05,
Radix Nutrition,NZ,radixnutrition.com,Whey Protein Isolate 500 g,,dairy,500,product_title,high,59.00,NZD,118.00,96.76,yes,catalog_feed,https://radixnutrition.com/products/whey-protein-isolate,2026-08-05,
Radix Nutrition,NZ,radixnutrition.com,Banana Pieces 50 g,,fruit,50,product_title,high,6.90,NZD,138.00,113.16,no,catalog_feed,https://radixnutrition.com/products/banana-pieces,2026-08-05,
Radix Nutrition,NZ,radixnutrition.com,Brown Rice Crisps 200 g,,other,200,product_title,high,4.90,NZD,24.50,20.09,yes,catalog_feed,https://radixnutrition.com/products/brown-rice-crisps-180-g,2026-08-05,
Radix Nutrition,NZ,radixnutrition.com,Freeze-Dried Apple Sticks 50 g,,fruit,50,product_title,high,6.90,NZD,138.00,113.16,no,catalog_feed,https://radixnutrition.com/products/apple-sticks-1,2026-08-05,
Radix Nutrition,NZ,radixnutrition.com,Mango Powder 180 g,,fruit,180,product_title,high,13.90,NZD,77.22,63.32,yes,catalog_feed,https://radixnutrition.com/products/mango-powder-180-g,2026-08-05,
Radix Nutrition,NZ,radixnutrition.com,Raw Cacao Powder 250 g,,powder,250,product_title,high,14.90,NZD,59.60,48.87,no,catalog_feed,https://radixnutrition.com/products/raw-cacao-powder,2026-08-05,
Radix Nutrition,NZ,radixnutrition.com,Ultra Meals - Chicken Taste Test Pack,Duo Pack (Box of 2),meat,,none,none,25.00,NZD,,,yes,catalog_feed,https://radixnutrition.com/products/ultra-meals-chicken,2026-08-05,
Radix Nutrition,NZ,radixnutrition.com,Avocado Powder 180 g,,powder,180,product_title,high,11.90,NZD,66.11,54.21,yes,catalog_feed,https://radixnutrition.com/products/avocado-powder-180-g,2026-08-05,
Radix Nutrition,NZ,radixnutrition.com,Faba Bean Protein Powder 500 g,,vegetable,500,product_title,high,17.90,NZD,35.80,29.36,yes,catalog_feed,https://radixnutrition.com/products/faba-bean-powder,2026-08-05,
Radix Nutrition,NZ,radixnutrition.com,Blueberry Powder 180 g,,fruit,180,product_title,high,11.90,NZD,66.11,54.21,yes,catalog_feed,https://radixnutrition.com/products/blueberry-powder-10g,2026-08-05,
Radix Nutrition,NZ,radixnutrition.com,Apple Powder 180 g,,fruit,180,product_title,high,18.90,NZD,105.00,86.10,yes,catalog_feed,https://radixnutrition.com/products/apple-powder,2026-08-05,
Radix Nutrition,NZ,radixnutrition.com,Banana Powder 180 g,,fruit,180,product_title,high,11.90,NZD,66.11,54.21,yes,catalog_feed,https://radixnutrition.com/products/banana-powder-10g,2026-08-05,
Radix Nutrition,NZ,radixnutrition.com,Blueberry Pieces 50 g,,fruit,50,product_title,high,6.90,NZD,138.00,113.16,yes,catalog_feed,https://radixnutrition.com/products/blueberry-pieces,2026-08-05,
Radix Nutrition,NZ,radixnutrition.com,Mango Pieces 50 g,,fruit,50,product_title,high,6.90,NZD,138.00,113.16,yes,catalog_feed,https://radixnutrition.com/products/mango-pieces,2026-08-05,
Radix Nutrition,NZ,radixnutrition.com,Chia Seeds 500 g,,other,500,product_title,high,10.90,NZD,21.80,17.88,yes,catalog_feed,https://radixnutrition.com/products/chia-seeds,2026-08-05,
Radix Nutrition,NZ,radixnutrition.com,Pumpkin Seeds 500 g,,other,500,product_title,high,9.90,NZD,19.80,16.24,yes,catalog_feed,https://radixnutrition.com/products/pumpkin-seeds,2026-08-05,
Radix Nutrition,NZ,radixnutrition.com,Sunflower Seeds 500g,,other,500,product_title,high,6.90,NZD,13.80,11.32,yes,catalog_feed,https://radixnutrition.com/products/sunflower-seeds,2026-08-05,
Radix Nutrition,NZ,radixnutrition.com,Collagen Powder 300 g,,powder,300,product_title,high,23.90,NZD,79.67,65.33,yes,catalog_feed,https://radixnutrition.com/products/collagen,2026-08-05,
Radix Nutrition,NZ,radixnutrition.com,Beetroot Powder 180 g,,vegetable,180,product_title,high,12.90,NZD,71.67,58.77,yes,catalog_feed,https://radixnutrition.com/products/beetroot-powder,2026-08-05,
Radix Nutrition,NZ,radixnutrition.com,Spinach Powder 180 g,,vegetable,180,product_title,high,19.90,NZD,110.56,90.66,yes,catalog_feed,https://radixnutrition.com/products/spinach-powder,2026-08-05,
Radix Nutrition,NZ,radixnutrition.com,Carrot Powder 180 g,,vegetable,180,product_title,high,11.90,NZD,66.11,54.21,yes,catalog_feed,https://radixnutrition.com/products/carrot-powder,2026-08-05,
Radix Nutrition,NZ,radixnutrition.com,Pumpkin Powder 180 g,,powder,180,product_title,high,12.90,NZD,71.67,58.77,yes,catalog_feed,https://radixnutrition.com/products/pumpkin-powder,2026-08-05,
Radix Nutrition,NZ,radixnutrition.com,ViBERi Blackcurrant Powder 180gm Bulk Pack,,powder,,none,none,39.95,NZD,,,yes,catalog_feed,https://radixnutrition.com/products/viberi-blackcurrant-powder-180g-loose-powder,2026-08-05,
Radix Nutrition,NZ,radixnutrition.com,Vitality Starter Pack,Dairy Based,meal,,none,none,50.00,NZD,,,yes,catalog_feed,https://radixnutrition.com/products/vitality-starter-pack,2026-08-05,
Radix Nutrition,NZ,radixnutrition.com,Vitality Starter Pack,Plant Based,meal,,none,none,50.00,NZD,,,yes,catalog_feed,https://radixnutrition.com/products/vitality-starter-pack,2026-08-05,
Radix Nutrition,NZ,radixnutrition.com,Complete Start Bundle - Plant Option,,meal,,none,none,111.00,NZD,,,yes,catalog_feed,https://radixnutrition.com/products/feel-better-3-pack-plant,2026-08-05,
Radix Nutrition,NZ,radixnutrition.com,The Strong Start 28,Dairy Based,meal,901,shopify_shipping_weight,low,140.00,NZD,155.38,127.41,yes,catalog_feed,https://radixnutrition.com/products/the-strong-start-28,2026-08-05,
Radix Nutrition,NZ,radixnutrition.com,The Strong Start 28,Plant Based,meal,901,shopify_shipping_weight,low,140.00,NZD,155.38,127.41,yes,catalog_feed,https://radixnutrition.com/products/the-strong-start-28,2026-08-05,
Radix Nutrition,NZ,radixnutrition.com,Ultra Dairy Breakfast,Variety Pack,meal,800,shopify_shipping_weight,low,79.90,NZD,99.88,81.90,yes,catalog_feed,https://radixnutrition.com/products/ultra-dairy-breakfast,2026-08-05,
Radix Nutrition,NZ,radixnutrition.com,Ultra Dairy Breakfast,Apple Cinnamon,meal,1110,shopify_shipping_weight,low,79.90,NZD,71.98,59.03,yes,catalog_feed,https://radixnutrition.com/products/ultra-dairy-breakfast,2026-08-05,
Radix Nutrition,NZ,radixnutrition.com,Ultra Dairy Breakfast,Mixed Berry,meal,1140,shopify_shipping_weight,low,79.90,NZD,70.09,57.47,yes,catalog_feed,https://radixnutrition.com/products/ultra-dairy-breakfast,2026-08-05,
Radix Nutrition,NZ,radixnutrition.com,Ultra Dairy Breakfast,Banana & Vanilla,meal,1150,shopify_shipping_weight,low,79.90,NZD,69.48,56.97,yes,catalog_feed,https://radixnutrition.com/products/ultra-dairy-breakfast,2026-08-05,
Radix Nutrition,NZ,radixnutrition.com,Ultra Dairy Breakfast,Tropical Mango,meal,1130,shopify_shipping_weight,low,79.90,NZD,70.71,57.98,yes,catalog_feed,https://radixnutrition.com/products/ultra-dairy-breakfast,2026-08-05,
Radix Nutrition,NZ,radixnutrition.com,Ultra Dairy Breakfast,Strawberries & Cream,meal,1131,shopify_shipping_weight,low,79.90,NZD,70.65,57.93,yes,catalog_feed,https://radixnutrition.com/products/ultra-dairy-breakfast,2026-08-05,
Radix Nutrition,NZ,radixnutrition.com,Ultra Dairy Breakfast,Rich Chocolate,meal,1131,shopify_shipping_weight,low,79.90,NZD,70.65,57.93,yes,catalog_feed,https://radixnutrition.com/products/ultra-dairy-breakfast,2026-08-05,
Radix Nutrition,NZ,radixnutrition.com,Foundation Breakfast Pack,,meal,,none,none,59.90,NZD,,,yes,catalog_feed,https://radixnutrition.com/products/radix-foundation-breakfast-dairy,2026-08-05,
Radix Nutrition,NZ,radixnutrition.com,Original Dairy Breakfast,Variety Pack,meal,901,shopify_shipping_weight,low,59.90,NZD,66.48,54.51,yes,catalog_feed,https://radixnutrition.com/products/original-dairy-breakfasts,2026-08-05,
Radix Nutrition,NZ,radixnutrition.com,Original Dairy Breakfast,Apple & Cinnamon,meal,872,shopify_shipping_weight,low,59.90,NZD,68.69,56.33,yes,catalog_feed,https://radixnutrition.com/products/original-dairy-breakfasts,2026-08-05,
Radix Nutrition,NZ,radixnutrition.com,Original Dairy Breakfast,Mixed Berry,meal,930,shopify_shipping_weight,low,59.90,NZD,64.41,52.82,yes,catalog_feed,https://radixnutrition.com/products/original-dairy-breakfasts,2026-08-05,
Radix Nutrition,NZ,radixnutrition.com,Original Dairy Breakfast,Banana & Vanilla,meal,893,shopify_shipping_weight,low,59.90,NZD,67.08,55.00,yes,catalog_feed,https://radixnutrition.com/products/original-dairy-breakfasts,2026-08-05,
Radix Nutrition,NZ,radixnutrition.com,Original Dairy Breakfast,Tropical Mango,meal,900,shopify_shipping_weight,low,59.90,NZD,66.56,54.58,no,catalog_feed,https://radixnutrition.com/products/original-dairy-breakfasts,2026-08-05,
Radix Nutrition,NZ,radixnutrition.com,Original Dairy Breakfast,Rich Chocolate,meal,930,shopify_shipping_weight,low,59.90,NZD,64.41,52.82,yes,catalog_feed,https://radixnutrition.com/products/original-dairy-breakfasts,2026-08-05,
Radix Nutrition,NZ,radixnutrition.com,Original Dairy Breakfast,Strawberries & Cream,meal,892,shopify_shipping_weight,low,59.90,NZD,67.15,55.07,yes,catalog_feed,https://radixnutrition.com/products/original-dairy-breakfasts,2026-08-05,
Radix Nutrition,NZ,radixnutrition.com,Nutribullet Flex™ Portable Blender,Sapphire Blue,other,,none,none,69.00,NZD,,,yes,catalog_feed,https://radixnutrition.com/products/nutribullet-flex™-portable-blender,2026-08-05,
Radix Nutrition,NZ,radixnutrition.com,Nutribullet Flex™ Portable Blender,Black,other,,none,none,69.00,NZD,,,no,catalog_feed,https://radixnutrition.com/products/nutribullet-flex™-portable-blender,2026-08-05,
Radix Nutrition,NZ,radixnutrition.com,Nutribullet Flex™ Portable Blender,White,other,,none,none,69.00,NZD,,,yes,catalog_feed,https://radixnutrition.com/products/nutribullet-flex™-portable-blender,2026-08-05,
Radix Nutrition,NZ,radixnutrition.com,High Protein Smoothie,Variety Pack / 15 Single Serve,beverage,1000,shopify_shipping_weight,low,74.90,NZD,74.90,61.42,yes,catalog_feed,https://radixnutrition.com/products/high-protein-smoothie-whey-protein,2026-08-05,
Radix Nutrition,NZ,radixnutrition.com,High Protein Smoothie,Berry & Banana / 1kg Bulk Bag,beverage,1000,variant_title,high,89.90,NZD,89.90,73.72,yes,catalog_feed,https://radixnutrition.com/products/high-protein-smoothie-whey-protein,2026-08-05,
Radix Nutrition,NZ,radixnutrition.com,High Protein Smoothie,Berry & Banana / 15 Single Serve,beverage,630,shopify_shipping_weight,low,74.90,NZD,118.89,97.49,yes,catalog_feed,https://radixnutrition.com/products/high-protein-smoothie-whey-protein,2026-08-05,
Radix Nutrition,NZ,radixnutrition.com,High Protein Smoothie,Cacao & Banana / 1kg Bulk Bag,beverage,1000,variant_title,high,89.90,NZD,89.90,73.72,yes,catalog_feed,https://radixnutrition.com/products/high-protein-smoothie-whey-protein,2026-08-05,
Radix Nutrition,NZ,radixnutrition.com,High Protein Smoothie,Cacao & Banana / 15 Single Serve,beverage,630,shopify_shipping_weight,low,74.90,NZD,118.89,97.49,yes,catalog_feed,https://radixnutrition.com/products/high-protein-smoothie-whey-protein,2026-08-05,
Radix Nutrition,NZ,radixnutrition.com,High Protein Smoothie,Vanilla & Banana / 1kg Bulk Bag,beverage,1000,variant_title,high,89.90,NZD,89.90,73.72,yes,catalog_feed,https://radixnutrition.com/products/high-protein-smoothie-whey-protein,2026-08-05,
Radix Nutrition,NZ,radixnutrition.com,High Protein Smoothie,Vanilla & Banana / 15 Single Serve,beverage,625,shopify_shipping_weight,low,74.90,NZD,119.84,98.27,yes,catalog_feed,https://radixnutrition.com/products/high-protein-smoothie-whey-protein,2026-08-05,
Radix Nutrition,NZ,radixnutrition.com,High Protein Smoothie,Strawberry & Banana / 1kg Bulk Bag,beverage,1000,variant_title,high,89.90,NZD,89.90,73.72,no,catalog_feed,https://radixnutrition.com/products/high-protein-smoothie-whey-protein,2026-08-05,
Radix Nutrition,NZ,radixnutrition.com,High Protein Smoothie,Strawberry & Banana / 15 Single Serve,beverage,630,shopify_shipping_weight,low,74.90,NZD,118.89,97.49,yes,catalog_feed,https://radixnutrition.com/products/high-protein-smoothie-whey-protein,2026-08-05,
Radix Nutrition,NZ,radixnutrition.com,High Protein Smoothie,Mango & Banana / 1kg Bulk Bag,beverage,1000,variant_title,high,89.90,NZD,89.90,73.72,yes,catalog_feed,https://radixnutrition.com/products/high-protein-smoothie-whey-protein,2026-08-05,
Radix Nutrition,NZ,radixnutrition.com,High Protein Smoothie,Mango & Banana / 15 Single Serve,beverage,625,shopify_shipping_weight,low,74.90,NZD,119.84,98.27,yes,catalog_feed,https://radixnutrition.com/products/high-protein-smoothie-whey-protein,2026-08-05,
Radix Nutrition,NZ,radixnutrition.com,High Protein Smoothie,Blueberry & Banana / 1kg Bulk Bag,beverage,1000,variant_title,high,89.90,NZD,89.90,73.72,no,catalog_feed,https://radixnutrition.com/products/high-protein-smoothie-whey-protein,2026-08-05,
Radix Nutrition,NZ,radixnutrition.com,High Protein Smoothie,Blueberry & Banana / 15 Single Serve,beverage,630,shopify_shipping_weight,low,74.90,NZD,118.89,97.49,no,catalog_feed,https://radixnutrition.com/products/high-protein-smoothie-whey-protein,2026-08-05,
Radix Nutrition,NZ,radixnutrition.com,Plant Protein Smoothies,Cacao & Banana / 1kg Bulk Bag,beverage,1000,variant_title,high,74.90,NZD,74.90,61.42,yes,catalog_feed,https://radixnutrition.com/products/ultimate-recovery-smoothie-plant-protein,2026-08-05,
Radix Nutrition,NZ,radixnutrition.com,Plant Protein Smoothies,Cacao & Banana / 15 Single Serve,beverage,1120,shopify_shipping_weight,low,74.90,NZD,66.88,54.84,no,catalog_feed,https://radixnutrition.com/products/ultimate-recovery-smoothie-plant-protein,2026-08-05,
Radix Nutrition,NZ,radixnutrition.com,Plant Protein Smoothies,Berry & Banana / 1kg Bulk Bag,beverage,1000,variant_title,high,74.90,NZD,74.90,61.42,yes,catalog_feed,https://radixnutrition.com/products/ultimate-recovery-smoothie-plant-protein,2026-08-05,
Radix Nutrition,NZ,radixnutrition.com,Plant Protein Smoothies,Berry & Banana / 15 Single Serve,beverage,1150,shopify_shipping_weight,low,74.90,NZD,65.13,53.41,yes,catalog_feed,https://radixnutrition.com/products/ultimate-recovery-smoothie-plant-protein,2026-08-05,
Radix Nutrition,NZ,radixnutrition.com,Plant Protein Smoothies,Mango & Banana / 1kg Bulk Bag,beverage,1000,variant_title,high,74.90,NZD,74.90,61.42,yes,catalog_feed,https://radixnutrition.com/products/ultimate-recovery-smoothie-plant-protein,2026-08-05,
Radix Nutrition,NZ,radixnutrition.com,Plant Protein Smoothies,Mango & Banana / 15 Single Serve,beverage,1000,shopify_shipping_weight,low,74.90,NZD,74.90,61.42,yes,catalog_feed,https://radixnutrition.com/products/ultimate-recovery-smoothie-plant-protein,2026-08-05,
Radix Nutrition,NZ,radixnutrition.com,Plant Protein Smoothies,Variety Pack / 15 Single Serve,beverage,1000,shopify_shipping_weight,low,74.90,NZD,74.90,61.42,yes,catalog_feed,https://radixnutrition.com/products/ultimate-recovery-smoothie-plant-protein,2026-08-05,
Radix Nutrition,NZ,radixnutrition.com,Ultra Breakfast,Variety Pack,meal,800,shopify_shipping_weight,low,79.90,NZD,99.88,81.90,no,catalog_feed,https://radixnutrition.com/products/ultra-breakfast-range,2026-08-05,
Radix Nutrition,NZ,radixnutrition.com,Ultra Breakfast,Apple Cinnamon,meal,1110,shopify_shipping_weight,low,79.90,NZD,71.98,59.03,yes,catalog_feed,https://radixnutrition.com/products/ultra-breakfast-range,2026-08-05,
Radix Nutrition,NZ,radixnutrition.com,Ultra Breakfast,Mixed Berry,meal,1140,shopify_shipping_weight,low,79.90,NZD,70.09,57.47,yes,catalog_feed,https://radixnutrition.com/products/ultra-breakfast-range,2026-08-05,
Radix Nutrition,NZ,radixnutrition.com,Ultra Breakfast,Mango,meal,1130,shopify_shipping_weight,low,79.90,NZD,70.71,57.98,yes,catalog_feed,https://radixnutrition.com/products/ultra-breakfast-range,2026-08-05,
Radix Nutrition,NZ,radixnutrition.com,Ultra Breakfast,Strawberry,meal,1131,shopify_shipping_weight,low,79.90,NZD,70.65,57.93,no,catalog_feed,https://radixnutrition.com/products/ultra-breakfast-range,2026-08-05,
Radix Nutrition,NZ,radixnutrition.com,Ultra Breakfast,Chocolate,meal,1131,shopify_shipping_weight,low,79.90,NZD,70.65,57.93,yes,catalog_feed,https://radixnutrition.com/products/ultra-breakfast-range,2026-08-05,
Radix Nutrition,NZ,radixnutrition.com,Ultra Breakfast,Vanilla,meal,1119,shopify_shipping_weight,low,79.90,NZD,71.40,58.55,yes,catalog_feed,https://radixnutrition.com/products/ultra-breakfast-range,2026-08-05,
Radix Nutrition,NZ,radixnutrition.com,Ultra Breakfast,Coconut,meal,800,shopify_shipping_weight,low,79.90,NZD,99.88,81.90,no,catalog_feed,https://radixnutrition.com/products/ultra-breakfast-range,2026-08-05,
Radix Nutrition,NZ,radixnutrition.com,Plant Protein Breakfast,Variety Pack,meal,901,shopify_shipping_weight,low,59.90,NZD,66.48,54.51,yes,catalog_feed,https://radixnutrition.com/products/original-breakfast-range,2026-08-05,
Radix Nutrition,NZ,radixnutrition.com,Plant Protein Breakfast,Apple Cinnamon,meal,872,shopify_shipping_weight,low,59.90,NZD,68.69,56.33,yes,catalog_feed,https://radixnutrition.com/products/original-breakfast-range,2026-08-05,
Radix Nutrition,NZ,radixnutrition.com,Plant Protein Breakfast,Mixed Berry,meal,930,shopify_shipping_weight,low,59.90,NZD,64.41,52.82,yes,catalog_feed,https://radixnutrition.com/products/original-breakfast-range,2026-08-05,
Radix Nutrition,NZ,radixnutrition.com,Plant Protein Breakfast,Mango,meal,900,shopify_shipping_weight,low,59.90,NZD,66.56,54.58,yes,catalog_feed,https://radixnutrition.com/products/original-breakfast-range,2026-08-05,
Radix Nutrition,NZ,radixnutrition.com,Plant Protein Breakfast,Chocolate,meal,930,shopify_shipping_weight,low,59.90,NZD,64.41,52.82,yes,catalog_feed,https://radixnutrition.com/products/original-breakfast-range,2026-08-05,
Radix Nutrition,NZ,radixnutrition.com,Precision Whey Protein Complex 1.61,1Kg bag (31 Serves) / Vanilla,dairy,1000,variant_title,high,79.90,NZD,79.90,65.52,yes,catalog_feed,https://radixnutrition.com/products/precision-whey-protein,2026-08-05,
Radix Nutrition,NZ,radixnutrition.com,Precision Whey Protein Complex 1.61,1Kg bag (31 Serves) / Chocolate,dairy,1000,variant_title,high,79.90,NZD,79.90,65.52,yes,catalog_feed,https://radixnutrition.com/products/precision-whey-protein,2026-08-05,
Radix Nutrition,NZ,radixnutrition.com,Precision Whey Protein Complex 1.61,1Kg bag (31 Serves) / Strawberry,dairy,1000,variant_title,high,79.90,NZD,79.90,65.52,yes,catalog_feed,https://radixnutrition.com/products/precision-whey-protein,2026-08-05,
Radix Nutrition,NZ,radixnutrition.com,Precision Whey Protein Complex 1.61,1Kg bag (31 Serves) / Banana,dairy,1000,variant_title,high,79.90,NZD,79.90,65.52,yes,catalog_feed,https://radixnutrition.com/products/precision-whey-protein,2026-08-05,
Radix Nutrition,NZ,radixnutrition.com,Precision Whey Protein Complex 1.61,1Kg bag (31 Serves) / Mango,dairy,1000,variant_title,high,79.90,NZD,79.90,65.52,yes,catalog_feed,https://radixnutrition.com/products/precision-whey-protein,2026-08-05,
Radix Nutrition,NZ,radixnutrition.com,Precision Whey Protein Complex 1.61,1Kg bag (31 Serves) / Coconut,dairy,1000,variant_title,high,79.90,NZD,79.90,65.52,yes,catalog_feed,https://radixnutrition.com/products/precision-whey-protein,2026-08-05,
Radix Nutrition,NZ,radixnutrition.com,Precision Whey Protein Complex 1.61,15 Single Serves / Vanilla,dairy,,none,none,59.90,NZD,,,no,catalog_feed,https://radixnutrition.com/products/precision-whey-protein,2026-08-05,
Radix Nutrition,NZ,radixnutrition.com,Precision Whey Protein Complex 1.61,15 Single Serves / Chocolate,dairy,,none,none,59.90,NZD,,,yes,catalog_feed,https://radixnutrition.com/products/precision-whey-protein,2026-08-05,
Radix Nutrition,NZ,radixnutrition.com,Precision Whey Protein Complex 1.61,15 Single Serves / Strawberry,dairy,625,shopify_shipping_weight,low,59.90,NZD,95.84,78.59,yes,catalog_feed,https://radixnutrition.com/products/precision-whey-protein,2026-08-05,
Radix Nutrition,NZ,radixnutrition.com,Precision Whey Protein Complex 1.61,15 Single Serves / Banana,dairy,610,shopify_shipping_weight,low,59.90,NZD,98.20,80.52,yes,catalog_feed,https://radixnutrition.com/products/precision-whey-protein,2026-08-05,
Radix Nutrition,NZ,radixnutrition.com,Precision Whey Protein Complex 1.61,15 Single Serves / Mango,dairy,625,shopify_shipping_weight,low,59.90,NZD,95.84,78.59,yes,catalog_feed,https://radixnutrition.com/products/precision-whey-protein,2026-08-05,
Radix Nutrition,NZ,radixnutrition.com,Precision Whey Protein Complex 1.61,15 Single Serves / Blueberry,dairy,625,shopify_shipping_weight,low,59.90,NZD,95.84,78.59,yes,catalog_feed,https://radixnutrition.com/products/precision-whey-protein,2026-08-05,
Radix Nutrition,NZ,radixnutrition.com,Precision Whey Protein Complex 1.61,15 Single Serves / Coconut,dairy,1030,shopify_shipping_weight,low,59.90,NZD,58.16,47.69,yes,catalog_feed,https://radixnutrition.com/products/precision-whey-protein,2026-08-05,
Radix Nutrition,NZ,radixnutrition.com,Precision Whey Protein Complex 1.61,15 Single Serves / Variety Pack,dairy,1000,shopify_shipping_weight,low,59.90,NZD,59.90,49.12,yes,catalog_feed,https://radixnutrition.com/products/precision-whey-protein,2026-08-05,
Radix Nutrition,NZ,radixnutrition.com,Precision Whey Protein Complex 1.61,1Kg bag (31 Serves) / Blueberry,dairy,1000,variant_title,high,79.90,NZD,79.90,65.52,no,catalog_feed,https://radixnutrition.com/products/precision-whey-protein,2026-08-05,
Radix Nutrition,NZ,radixnutrition.com,Precision Plant Protein,1Kg Bag / Vanilla,beverage,1000,variant_title,high,74.90,NZD,74.90,61.42,yes,catalog_feed,https://radixnutrition.com/products/precision-plant-protein,2026-08-05,
Radix Nutrition,NZ,radixnutrition.com,Precision Plant Protein,1Kg Bag / Chocolate,beverage,1000,variant_title,high,74.90,NZD,74.90,61.42,yes,catalog_feed,https://radixnutrition.com/products/precision-plant-protein,2026-08-05,
Radix Nutrition,NZ,radixnutrition.com,Precision Plant Protein,1Kg Bag / Banana,beverage,1000,variant_title,high,74.90,NZD,74.90,61.42,yes,catalog_feed,https://radixnutrition.com/products/precision-plant-protein,2026-08-05,
Radix Nutrition,NZ,radixnutrition.com,Precision Plant Protein,1Kg Bag / Strawberry,beverage,1000,variant_title,high,74.90,NZD,74.90,61.42,no,catalog_feed,https://radixnutrition.com/products/precision-plant-protein,2026-08-05,
Radix Nutrition,NZ,radixnutrition.com,Precision Plant Protein,1Kg Bag / Mango,beverage,1000,variant_title,high,74.90,NZD,74.90,61.42,yes,catalog_feed,https://radixnutrition.com/products/precision-plant-protein,2026-08-05,
Radix Nutrition,NZ,radixnutrition.com,Precision Plant Protein,15 Single Serves / Vanilla,beverage,,none,none,54.90,NZD,,,yes,catalog_feed,https://radixnutrition.com/products/precision-plant-protein,2026-08-05,
Radix Nutrition,NZ,radixnutrition.com,Precision Plant Protein,15 Single Serves / Chocolate,beverage,,none,none,54.90,NZD,,,yes,catalog_feed,https://radixnutrition.com/products/precision-plant-protein,2026-08-05,
Radix Nutrition,NZ,radixnutrition.com,FODMAP Breakfasts,Variety Pack,meal,890,shopify_shipping_weight,low,64.90,NZD,72.92,59.80,yes,catalog_feed,https://radixnutrition.com/products/fodmap-breakfast,2026-08-05,
Radix Nutrition,NZ,radixnutrition.com,FODMAP Meals,Variety Pack,meal,877,shopify_shipping_weight,low,99.90,NZD,113.91,93.41,yes,catalog_feed,https://radixnutrition.com/products/fodmap,2026-08-05,
Radix Nutrition,NZ,radixnutrition.com,Original Meals,600 Kcal (Box of 6) / Variety Pack,meal,938,shopify_shipping_weight,low,99.90,NZD,106.50,87.33,yes,catalog_feed,https://radixnutrition.com/products/original-meal-range,2026-08-05,
Radix Nutrition,NZ,radixnutrition.com,Original Meals,600 Kcal (Box of 6) / Chipotle Lime Burrito Bowl,meal,886,shopify_shipping_weight,low,99.90,NZD,112.75,92.46,yes,catalog_feed,https://radixnutrition.com/products/original-meal-range,2026-08-05,
Radix Nutrition,NZ,radixnutrition.com,Original Meals,600 Kcal (Box of 6) / Pasta Bolognese,meal,910,shopify_shipping_weight,low,99.90,NZD,109.78,90.02,yes,catalog_feed,https://radixnutrition.com/products/original-meal-range,2026-08-05,
Radix Nutrition,NZ,radixnutrition.com,Original Meals,600 Kcal (Box of 6) / Mexican Chilli,meal,980,shopify_shipping_weight,low,99.90,NZD,101.94,83.59,yes,catalog_feed,https://radixnutrition.com/products/original-meal-range,2026-08-05,
Radix Nutrition,NZ,radixnutrition.com,Original Meals,600 Kcal (Box of 6) / Basil Pesto Pasta,meal,820,shopify_shipping_weight,low,99.90,NZD,121.83,99.90,yes,catalog_feed,https://radixnutrition.com/products/original-meal-range,2026-08-05,
Radix Nutrition,NZ,radixnutrition.com,Original Meals,600 Kcal (Box of 6) / Indian Curry,meal,900,shopify_shipping_weight,low,99.90,NZD,111.00,91.02,yes,catalog_feed,https://radixnutrition.com/products/original-meal-range,2026-08-05,
Radix Nutrition,NZ,radixnutrition.com,Original Meals,600 Kcal (Box of 6) / Thai Green Curry,meal,814,shopify_shipping_weight,low,99.90,NZD,122.73,100.64,yes,catalog_feed,https://radixnutrition.com/products/original-meal-range,2026-08-05,
Radix Nutrition,NZ,radixnutrition.com,Original Meals,600 Kcal (Box of 6) / Turkish Falafel,meal,892,shopify_shipping_weight,low,99.90,NZD,112.00,91.84,no,catalog_feed,https://radixnutrition.com/products/original-meal-range,2026-08-05,
Radix Nutrition,NZ,radixnutrition.com,Original Meals,600 Kcal (Box of 6) / Peri-Peri,meal,886,shopify_shipping_weight,low,99.90,NZD,112.75,92.46,yes,catalog_feed,https://radixnutrition.com/products/original-meal-range,2026-08-05,
Radix Nutrition,NZ,radixnutrition.com,Original Meals,600 Kcal (Box of 6) / Smokey Barbecue,meal,900,shopify_shipping_weight,low,99.90,NZD,111.00,91.02,no,catalog_feed,https://radixnutrition.com/products/original-meal-range,2026-08-05,
Radix Nutrition,NZ,radixnutrition.com,Original Meals,400 Kcal (Box of 8) / Variety Pack,meal,695,shopify_shipping_weight,low,89.40,NZD,128.63,105.48,yes,catalog_feed,https://radixnutrition.com/products/original-meal-range,2026-08-05,
Radix Nutrition,NZ,radixnutrition.com,Original Meals,400 Kcal (Box of 8) / Chipotle Lime Burrito Bowl,meal,840,shopify_shipping_weight,low,89.40,NZD,106.43,87.27,no,catalog_feed,https://radixnutrition.com/products/original-meal-range,2026-08-05,
Radix Nutrition,NZ,radixnutrition.com,Original Meals,400 Kcal (Box of 8) / Mexican Chilli,meal,903,shopify_shipping_weight,low,89.40,NZD,99.00,81.18,yes,catalog_feed,https://radixnutrition.com/products/original-meal-range,2026-08-05,
Radix Nutrition,NZ,radixnutrition.com,Original Meals,400 Kcal (Box of 8) / Basil Pesto Pasta,meal,769,shopify_shipping_weight,low,89.40,NZD,116.25,95.33,yes,catalog_feed,https://radixnutrition.com/products/original-meal-range,2026-08-05,
Radix Nutrition,NZ,radixnutrition.com,Original Meals,400 Kcal (Box of 8) / Indian Curry,meal,864,shopify_shipping_weight,low,89.40,NZD,103.47,84.85,yes,catalog_feed,https://radixnutrition.com/products/original-meal-range,2026-08-05,
Radix Nutrition,NZ,radixnutrition.com,Original Meals,400 Kcal (Box of 8) / Thai Green Curry,meal,792,shopify_shipping_weight,low,89.40,NZD,112.88,92.56,yes,catalog_feed,https://radixnutrition.com/products/original-meal-range,2026-08-05,
Radix Nutrition,NZ,radixnutrition.com,Original Meals,400 Kcal (Box of 8) / Turkish Falafel,meal,856,shopify_shipping_weight,low,89.40,NZD,104.44,85.64,no,catalog_feed,https://radixnutrition.com/products/original-meal-range,2026-08-05,
Radix Nutrition,NZ,radixnutrition.com,Original Meals,400 Kcal (Box of 8) / Peri-Peri,meal,848,shopify_shipping_weight,low,89.40,NZD,105.42,86.45,no,catalog_feed,https://radixnutrition.com/products/original-meal-range,2026-08-05,
Radix Nutrition,NZ,radixnutrition.com,Original Meals,400 Kcal (Box of 8) / Smokey Barbecue,meal,856,shopify_shipping_weight,low,89.40,NZD,104.44,85.64,no,catalog_feed,https://radixnutrition.com/products/original-meal-range,2026-08-05,
Radix Nutrition,NZ,radixnutrition.com,Ultra Meals,Variety Pack,meal,1090,shopify_shipping_weight,low,109.50,NZD,100.46,82.38,yes,catalog_feed,https://radixnutrition.com/products/ultra-meal-range,2026-08-05,
Radix Nutrition,NZ,radixnutrition.com,Ultra Meals,Chipotle Lime Burrito Bowl,meal,1090,shopify_shipping_weight,low,109.50,NZD,100.46,82.38,yes,catalog_feed,https://radixnutrition.com/products/ultra-meal-range,2026-08-05,
Radix Nutrition,NZ,radixnutrition.com,Ultra Meals,Pasta Bolognese,meal,1090,shopify_shipping_weight,low,109.50,NZD,100.46,82.38,yes,catalog_feed,https://radixnutrition.com/products/ultra-meal-range,2026-08-05,
Radix Nutrition,NZ,radixnutrition.com,Ultra Meals,Mexican Chilli,meal,1120,shopify_shipping_weight,low,109.50,NZD,97.77,80.17,yes,catalog_feed,https://radixnutrition.com/products/ultra-meal-range,2026-08-05,
Radix Nutrition,NZ,radixnutrition.com,Ultra Meals,Basil Pesto Pasta,meal,1060,shopify_shipping_weight,low,109.50,NZD,103.30,84.71,yes,catalog_feed,https://radixnutrition.com/products/ultra-meal-range,2026-08-05,
Radix Nutrition,NZ,radixnutrition.com,Ultra Meals,Indian Curry,meal,1100,shopify_shipping_weight,low,109.50,NZD,99.55,81.63,yes,catalog_feed,https://radixnutrition.com/products/ultra-meal-range,2026-08-05,
Radix Nutrition,NZ,radixnutrition.com,Ultra Meals,Thai Green Curry,meal,1030,shopify_shipping_weight,low,109.50,NZD,106.31,87.17,yes,catalog_feed,https://radixnutrition.com/products/ultra-meal-range,2026-08-05,
Radix Nutrition,NZ,radixnutrition.com,Ultra Meals,Turkish Falafel,meal,1090,shopify_shipping_weight,low,109.50,NZD,100.46,82.38,yes,catalog_feed,https://radixnutrition.com/products/ultra-meal-range,2026-08-05,
Radix Nutrition,NZ,radixnutrition.com,Ultra Meals,Peri-Peri,meal,1070,shopify_shipping_weight,low,109.50,NZD,102.34,83.92,yes,catalog_feed,https://radixnutrition.com/products/ultra-meal-range,2026-08-05,
Radix Nutrition,NZ,radixnutrition.com,Ultra Meals,Smokey Barbecue,meal,1100,shopify_shipping_weight,low,109.50,NZD,99.55,81.63,yes,catalog_feed,https://radixnutrition.com/products/ultra-meal-range,2026-08-05,
Radix Nutrition,NZ,radixnutrition.com,Ultra Meals,Indian Chicken Curry,meal,1090,shopify_shipping_weight,low,109.50,NZD,100.46,82.38,yes,catalog_feed,https://radixnutrition.com/products/ultra-meal-range,2026-08-05,
Radix Nutrition,NZ,radixnutrition.com,Ultra Meals,Thai Chicken Curry,meal,1090,shopify_shipping_weight,low,109.50,NZD,100.46,82.38,yes,catalog_feed,https://radixnutrition.com/products/ultra-meal-range,2026-08-05,
ReadyWise,US,readywise.com,Independence Survival Sampler,,other,,none,none,374.97,USD,,,yes,catalog_feed,https://readywise.com/products/independence-survival-sampler,2026-08-05,
ReadyWise,US,readywise.com,"Stars, Stripes & Summer Bundle",,other,,none,none,419.97,USD,,,yes,catalog_feed,https://readywise.com/products/stars-stripes-summer-bundle,2026-08-05,
ReadyWise,US,readywise.com,100 Serving Variety Pack,,other,4990,shopify_shipping_weight,low,124.99,USD,25.05,34.32,yes,catalog_feed,https://readywise.com/products/100-serving-variety-pack,2026-08-05,
ReadyWise,US,readywise.com,ReadyWise Simple Kitchen 8-pack Variety Freeze-Dried Fruit Pouches,,fruit,,none,none,49.95,USD,,,no,catalog_feed,https://readywise.com/products/readywise-simple-kitchen-8-pack-variety-freeze-dried-fruit-pouches,2026-08-05,
ReadyWise,US,readywise.com,Simple Kitchen Cosmic Invaders (Freeze-Dried Gummy Worms),Pouch,candy,,none,none,7.99,USD,,,yes,catalog_feed,https://readywise.com/products/cosmic-invaders-freeze-dried-gummy-worms,2026-08-05,
ReadyWise,US,readywise.com,Simple Kitchen Cosmic Invaders (Freeze-Dried Gummy Worms),6-Pack,candy,,none,none,47.97,USD,,,yes,catalog_feed,https://readywise.com/products/cosmic-invaders-freeze-dried-gummy-worms,2026-08-05,
ReadyWise,US,readywise.com,WFS 120 Serving Breakfast Only Grab and Go Bucket,,meal,,none,none,249.99,USD,,,yes,catalog_feed,https://readywise.com/products/wfs-120-serving-breakfast-only-grab-and-go-bucket,2026-08-05,
ReadyWise,US,readywise.com,WFS 120 Serving Entree Only Grab & Go Bucket,,meal,,none,none,319.99,USD,,,yes,catalog_feed,https://readywise.com/products/wfs-120-serving-entree-only-grab-go-bucket,2026-08-05,
ReadyWise,US,readywise.com,Freeze Dried Meat & Rice Survival Bucket,,meat,3629,shopify_shipping_weight,low,299.99,USD,82.66,113.25,yes,catalog_feed,https://readywise.com/products/meat-and-rice-survival-food-bucket,2026-08-05,
ReadyWise,US,readywise.com,Powdered Eggs - 144 Total Servings,,egg,,none,none,149.99,USD,,,yes,catalog_feed,https://readywise.com/products/ws01-003,2026-08-05,
ReadyWise,US,readywise.com,120 Serving Freeze Dried Vegetable Bucket,,vegetable,,none,none,174.99,USD,,,yes,catalog_feed,https://readywise.com/products/ws01-006,2026-08-05,
ReadyWise,US,readywise.com,"Buy an 84 Serving Bucket, Get One Free",,other,,none,none,209.99,USD,,,yes,catalog_feed,https://readywise.com/products/buy-an-84-serving-bucket-get-one-free,2026-08-05,
ReadyWise,US,readywise.com,Pro Meal Trailblazer Bucket,,meal,907,shopify_shipping_weight,low,115.00,USD,126.79,173.70,yes,catalog_feed,https://readywise.com/products/pro-meal-trailblazer-bucket,2026-08-05,
ReadyWise,US,readywise.com,"Corn, Onion, Butter Bundle",,dairy,,none,none,107.97,USD,,,yes,catalog_feed,https://readywise.com/products/corn-onion-butter-bundle,2026-08-05,
ReadyWise,US,readywise.com,Strawberry & Raspberry Bundle,,fruit,,none,none,84.98,USD,,,yes,catalog_feed,https://readywise.com/products/strawberry-raspberry-bundle,2026-08-05,
ReadyWise,US,readywise.com,Instant Nonfat Dry Milk - Freeze-Dried #10 Can - 50 Servings | ReadyWise,,dairy,907,shopify_shipping_weight,low,39.99,USD,44.09,60.40,yes,catalog_feed,https://readywise.com/products/instant-nonfat-dry-milk-50-serving-10-can,2026-08-05,
ReadyWise,US,readywise.com,Cosmic Berries – Freeze-Dried #10 Can – 91 Servings | ReadyWise,,fruit,1361,shopify_shipping_weight,low,30.00,USD,22.04,30.20,yes,catalog_feed,https://readywise.com/products/readywise-simple-kitchen-cosmic-berries,2026-08-05,
ReadyWise,US,readywise.com,"Apples, Cookies & Granola Snack - Freeze-Dried 6 Pack | ReadyWise",6 Pack,fruit,907,shopify_shipping_weight,low,28.99,USD,31.96,43.79,yes,catalog_feed,https://readywise.com/products/readywise-outdoor-apple-crisp,2026-08-05,
ReadyWise,US,readywise.com,"Apples, Cookies & Granola Snack - Freeze-Dried 6 Pack | ReadyWise",Pouch,fruit,907,shopify_shipping_weight,low,4.99,USD,,,yes,catalog_feed,https://readywise.com/products/readywise-outdoor-apple-crisp,2026-08-05,implausible_from_shipping_weight(6)
ReadyWise,US,readywise.com,52 Serving Prepper Pack - 3 Bucket Bundle,,other,,none,none,269.97,USD,,,yes,catalog_feed,https://readywise.com/products/52-serving-prepper-pack-3-bucket-bundle,2026-08-05,
ReadyWise,US,readywise.com,Cosmic Berries - Freeze-Dried Candy Bites | ReadyWise,6 Pack,candy,1361,shopify_shipping_weight,low,45.00,USD,33.06,45.30,yes,catalog_feed,https://readywise.com/products/readywise-cosmic-berries-6-pack,2026-08-05,
ReadyWise,US,readywise.com,Cosmic Berries - Freeze-Dried Candy Bites | ReadyWise,Pouch,candy,1361,shopify_shipping_weight,low,5.99,USD,,,yes,catalog_feed,https://readywise.com/products/readywise-cosmic-berries-6-pack,2026-08-05,implausible_from_shipping_weight(4)
ReadyWise,US,readywise.com,ReadyWise Freeze Dried Meat & Rice - 2 Bucket Bundle,,meat,9072,shopify_shipping_weight,low,599.98,USD,66.14,90.61,yes,catalog_feed,https://readywise.com/products/120-serving-meat-bundle,2026-08-05,
ReadyWise,US,readywise.com,ReadyWise Freeze Dried Meat & Rice Survival Bucket,,meat,4536,shopify_shipping_weight,low,299.99,USD,66.14,90.61,yes,catalog_feed,https://readywise.com/products/meat-and-rice-emergency-food-bucket,2026-08-05,
ReadyWise,US,readywise.com,Emergency Food Favorite - Freeze-Dried Strawberries (3 x 8 Serving Pouches),,fruit,,none,none,31.99,USD,,,yes,catalog_feed,https://readywise.com/products/24-servings-strawberries-box,2026-08-05,
ReadyWise,US,readywise.com,84 Serving Gluten Free Grab and Go Bucket,,other,5443,shopify_shipping_weight,low,139.99,USD,25.72,35.24,yes,catalog_feed,https://readywise.com/products/84-serving-gluten-free-grab-and-go-bucket-1,2026-08-05,
ReadyWise,US,readywise.com,1 Year Emergency Food Supply,,other,,none,none,3359.88,USD,,,yes,catalog_feed,https://readywise.com/products/1-year-emergency-food-supply,2026-08-05,
ReadyWise,US,readywise.com,6 Month Emergency Food Supply,,other,,none,none,1679.94,USD,,,yes,catalog_feed,https://readywise.com/products/6-month-emergency-food-supply,2026-08-05,
ReadyWise,US,readywise.com,3 Month Emergency Food Supply,,other,,none,none,839.98,USD,,,yes,catalog_feed,https://readywise.com/products/3-month-emergency-food-supply,2026-08-05,
ReadyWise,US,readywise.com,2 Week Emergency Food Supply,,other,2722,shopify_shipping_weight,low,149.99,USD,55.10,75.49,yes,catalog_feed,https://readywise.com/products/14-day-emergency-food-bucket,2026-08-05,
ReadyWise,US,readywise.com,1 Month Emergency Food Supply,,other,6804,shopify_shipping_weight,low,279.99,USD,41.15,56.38,yes,catalog_feed,https://readywise.com/products/emergency-1-month-supply-2-bucket-bundle,2026-08-05,
ReadyWise,US,readywise.com,90 Serving Organic Bucket,,other,5897,shopify_shipping_weight,low,259.99,USD,44.09,60.40,yes,catalog_feed,https://readywise.com/products/reformulation-90-serving-organic-bucket,2026-08-05,
ReadyWise,US,readywise.com,"Meat, Veggie, and Fruit Bundle",,meat,11340,shopify_shipping_weight,low,649.97,USD,57.32,78.52,yes,catalog_feed,https://readywise.com/products/meat-veggie-and-fruit-bundle,2026-08-05,
ReadyWise,US,readywise.com,52 Serving Prepper Pack Bucket,,other,3629,shopify_shipping_weight,low,89.99,USD,24.80,33.97,yes,catalog_feed,https://readywise.com/products/52-serving-prepper-pack-bucket-1,2026-08-05,
ReadyWise,US,readywise.com,60 Serving Entree Bucket,,meal,3629,shopify_shipping_weight,low,169.99,USD,46.84,64.17,yes,catalog_feed,https://readywise.com/products/60-serving-entree-bucket-1,2026-08-05,
ReadyWise,US,readywise.com,170 Serving Emergency Food Apocalypse Bucket,,other,6804,shopify_shipping_weight,low,299.99,USD,44.09,60.40,yes,catalog_feed,https://readywise.com/products/170-serving-emergency-food-preparedness-kit-2,2026-08-05,
ReadyWise,US,readywise.com,84 Serving Breakfast & Entree Grab & Go Bucket,,meal,7257,shopify_shipping_weight,low,209.99,USD,28.94,39.64,yes,catalog_feed,https://readywise.com/products/84-serving-breakfast-entree-grab-go-bucket,2026-08-05,
ReadyWise,US,readywise.com,Protein Bundle – Freeze‑Dried #10 Can – 76 Servings | ReadyWise,,meat,3629,shopify_shipping_weight,low,200.00,USD,55.11,75.50,yes,catalog_feed,https://readywise.com/products/protein-10-can-bundle,2026-08-05,
ReadyWise,US,readywise.com,Berry Bundle – Freeze‑Dried #10 Can – 86 Servings | ReadyWise,,fruit,1361,shopify_shipping_weight,low,159.99,USD,117.55,161.05,yes,catalog_feed,https://readywise.com/products/berry-bundle-10-cans,2026-08-05,
ReadyWise,US,readywise.com,Seasoned Beef Patty Crumbles – Freeze-Dried #10 Can – 22 Servings | ReadyWise,,meat,907,shopify_shipping_weight,low,99.99,USD,110.24,151.03,yes,catalog_feed,https://readywise.com/products/freeze-dried-seasoned-beef-patty-crumbles-22-serving-can,2026-08-05,
ReadyWise,US,readywise.com,Diced Chicken – Freeze‑Dried #10 Can – 16 Servings | ReadyWise,,meat,907,shopify_shipping_weight,low,119.99,USD,132.29,181.24,yes,catalog_feed,https://readywise.com/products/freeze-dried-diced-chicken-16-serving-can,2026-08-05,
ReadyWise,US,readywise.com,Peas – Freeze‑Dried #10 Can – 17 Servings | ReadyWise,,vegetable,1814,shopify_shipping_weight,low,33.99,USD,,,yes,catalog_feed,https://readywise.com/products/freeze-dried-peas-17-serving-can,2026-08-05,implausible_from_shipping_weight(19)
ReadyWise,US,readywise.com,Two Buckets of Emergency Freeze Dried Powdered Eggs,,egg,9072,shopify_shipping_weight,low,369.99,USD,40.78,55.87,yes,catalog_feed,https://readywise.com/products/two-buckets-of-emergency-freeze-dried-powdered-eggs,2026-08-05,
ReadyWise,US,readywise.com,Orange Drink Mix – Freeze-Dried #10 Can – 86 Servings | ReadyWise,,fruit,907,shopify_shipping_weight,low,10.00,USD,,,no,catalog_feed,https://readywise.com/products/orange-drink-mix-86-serving-can,2026-08-05,implausible_from_shipping_weight(11)
ReadyWise,US,readywise.com,Powdered Whole Eggs – Freeze-Dried #10 Can – 72 Servings | ReadyWise,,egg,907,shopify_shipping_weight,low,99.99,USD,110.24,151.03,yes,catalog_feed,https://readywise.com/products/powdered-eggs-72-serving-can,2026-08-05,
ReadyWise,US,readywise.com,Whole Blueberries – Freeze-Dried #10 Can – 28 Servings | ReadyWise,,fruit,907,shopify_shipping_weight,low,49.99,USD,55.12,75.51,yes,catalog_feed,https://readywise.com/products/freeze-dried-whole-blueberries-28-serving-can,2026-08-05,
ReadyWise,US,readywise.com,Corn – Freeze-Dried #10 Can – 23 Servings | ReadyWise,,vegetable,907,shopify_shipping_weight,low,36.99,USD,40.78,55.87,yes,catalog_feed,https://readywise.com/products/freeze-dried-corn-23-serving-can,2026-08-05,
ReadyWise,US,readywise.com,Raspberries – Freeze-Dried #10 Can – 22 Servings | ReadyWise,,fruit,454,shopify_shipping_weight,low,44.99,USD,99.10,135.76,yes,catalog_feed,https://readywise.com/products/freeze-dried-raspberries-22-serving-can,2026-08-05,
ReadyWise,US,readywise.com,Instant Coffee - Freeze-Dried 6 Pack | ReadyWise,Case of 6,beverage,1814,shopify_shipping_weight,low,50.00,USD,27.56,37.76,yes,catalog_feed,https://readywise.com/products/trail-magic-instant-coffee,2026-08-05,
ReadyWise,US,readywise.com,Instant Coffee - Freeze-Dried 6 Pack | ReadyWise,Single Pouch,beverage,499,shopify_shipping_weight,low,8.49,USD,,,yes,catalog_feed,https://readywise.com/products/trail-magic-instant-coffee,2026-08-05,implausible_from_shipping_weight(17)
ReadyWise,US,readywise.com,360 Servings Freeze-Dried Coffee,,beverage,,none,none,109.99,USD,,,yes,catalog_feed,https://readywise.com/products/360-servings-freeze-dried-coffee,2026-08-05,
ReadyWise,US,readywise.com,576 Servings Emergency Freeze Dried Powdered Eggs,,egg,18144,shopify_shipping_weight,low,799.96,USD,44.09,60.40,yes,catalog_feed,https://readywise.com/products/576-servings-emergency-freeze-dried-powdered-eggs,2026-08-05,
ReadyWise,US,readywise.com,Freeze-Dried Peaches - 6 Pack,,fruit,2268,shopify_shipping_weight,low,29.89,USD,,,yes,catalog_feed,https://readywise.com/products/freeze-dried-peaches-6-pack,2026-08-05,implausible_from_shipping_weight(13)
ReadyWise,US,readywise.com,120 Serving Freeze-Dried Vegetable Bucket,,vegetable,,none,none,169.99,USD,,,yes,catalog_feed,https://readywise.com/products/readywise-emergency-freeze-dried-vegetables-120-servings,2026-08-05,
ReadyWise,US,readywise.com,1440 Serving Freeze Dried Vegetable Bundle,,vegetable,,none,none,1929.99,USD,,,yes,catalog_feed,https://readywise.com/products/1440-servings-of-freeze-dried-vegetables-12-buckets,2026-08-05,
ReadyWise,US,readywise.com,720 Serving Freeze Dried Vegetable Bundle,,vegetable,,none,none,967.99,USD,,,yes,catalog_feed,https://readywise.com/products/720-servings-of-freeze-dried-vegetables-6-buckets,2026-08-05,
ReadyWise,US,readywise.com,480 Serving Freeze Dried Vegetable Bundle,,vegetable,27216,shopify_shipping_weight,low,644.99,USD,23.70,32.47,yes,catalog_feed,https://readywise.com/products/480-servings-of-freeze-dried-vegetables-4-buckets,2026-08-05,
ReadyWise,US,readywise.com,240 Serving Freeze Dried Vegetable Bundle,,vegetable,13608,shopify_shipping_weight,low,324.99,USD,23.88,32.72,yes,catalog_feed,https://readywise.com/products/240-servings-of-freeze-dried-vegetables-2-buckets,2026-08-05,
ReadyWise,US,readywise.com,120 Serving Freeze-Dried Fruit Bucket,,fruit,,none,none,179.99,USD,,,yes,catalog_feed,https://readywise.com/products/readywise-emergency-freeze-dried-fruit-120-servings,2026-08-05,
ReadyWise,US,readywise.com,1440 Serving Freeze Dried Fruit Bundle,,fruit,,none,none,2059.99,USD,,,yes,catalog_feed,https://readywise.com/products/1440-servings-of-freeze-dried-fruit-12-buckets,2026-08-05,
ReadyWise,US,readywise.com,720 Serving Freeze Dried Fruit Bundle,,fruit,,none,none,1049.99,USD,,,yes,catalog_feed,https://readywise.com/products/720-servings-of-freeze-dried-fruit-6-buckets,2026-08-05,
ReadyWise,US,readywise.com,480 Serving Freeze Dried Fruit Bundle,,fruit,18144,shopify_shipping_weight,low,699.99,USD,38.58,52.85,yes,catalog_feed,https://readywise.com/products/480-servings-of-freeze-dried-fruit-4-buckets,2026-08-05,
ReadyWise,US,readywise.com,240 Serving Freeze Dried Fruit Bundle,,fruit,13608,shopify_shipping_weight,low,354.99,USD,26.09,35.74,yes,catalog_feed,https://readywise.com/products/240-servings-of-freeze-dried-fruit-2-buckets,2026-08-05,
ReadyWise,US,readywise.com,Simple Kitchen Organic Freeze-Dried Pineapples - 6 Pack,,fruit,1814,shopify_shipping_weight,low,35.00,USD,,,yes,catalog_feed,https://readywise.com/products/simple-kitchen-organic-freeze-dried-pineapples-6-pack,2026-08-05,implausible_from_shipping_weight(19)
ReadyWise,US,readywise.com,Simple Kitchen Raspberries & Brownie Bites - 6 Pack,,fruit,1361,shopify_shipping_weight,low,17.00,USD,,,yes,catalog_feed,https://readywise.com/products/simple-kitchen-raspberries-brownie-bites-6-pack,2026-08-05,implausible_from_shipping_weight(12)
ReadyWise,US,readywise.com,ReadyWise Freeze-Dried Meat & Rice Bundle - 4 Bucket Set,,meat,27216,shopify_shipping_weight,low,1099.99,USD,40.42,55.37,yes,catalog_feed,https://readywise.com/products/240-serving-meat-bundle,2026-08-05,
ReadyWise,US,readywise.com,144 Servings Freeze Dried Powdered Eggs,,egg,4536,shopify_shipping_weight,low,199.99,USD,44.09,60.40,yes,catalog_feed,https://readywise.com/products/emergency-freeze-dried-powdered-eggs-144-servings,2026-08-05,
ReadyWise,US,readywise.com,Freeze-Dried Mangoes - 6 Pack,,fruit,2268,shopify_shipping_weight,low,29.89,USD,,,yes,catalog_feed,https://readywise.com/products/freeze-dried-mango-6-pack,2026-08-05,implausible_from_shipping_weight(13)
ReadyWise,US,readywise.com,Freeze-Dried Sweet Apples - 6 Pack,,fruit,2268,shopify_shipping_weight,low,29.89,USD,,,yes,catalog_feed,https://readywise.com/products/freeze-dried-sweet-apples-6-pack,2026-08-05,implausible_from_shipping_weight(13)
ReadyWise,US,readywise.com,Freeze-Dried Strawberries & Bananas - 6 Pack,,fruit,2268,shopify_shipping_weight,low,29.89,USD,,,yes,catalog_feed,https://readywise.com/products/copy-of-freeze-dried-peaches-6-pack,2026-08-05,implausible_from_shipping_weight(13)
ReadyWise,US,readywise.com,Freeze-Dried Bananas - 6 Pack,,fruit,2268,shopify_shipping_weight,low,29.89,USD,,,yes,catalog_feed,https://readywise.com/products/freeze-dried-bananas-6-pack,2026-08-05,implausible_from_shipping_weight(13)
ReadyWise,US,readywise.com,Freeze-Dried Strawberries - 6 Pack,,fruit,2268,shopify_shipping_weight,low,29.89,USD,,,yes,catalog_feed,https://readywise.com/products/freeze-dried-strawberries-6-pack,2026-08-05,implausible_from_shipping_weight(13)
Rocket Krunch,US,rocketkrunch.com,Freeze Dried Mangos,,fruit,60,shopify_shipping_weight,low,9.99,USD,166.50,228.11,yes,catalog_feed,https://rocketkrunch.com/products/freeze-dried-organic-mangos,2026-08-05,
Rocket Krunch,US,rocketkrunch.com,Freeze Dried Organic Pineapples,,fruit,113,shopify_shipping_weight,low,11.49,USD,101.68,139.30,no,catalog_feed,https://rocketkrunch.com/products/freeze-dried-pineapple,2026-08-05,
Rocket Krunch,US,rocketkrunch.com,Mint Chip Freeze Dried Ice Cream Sandwich Bites,,ice_cream,68,shopify_shipping_weight,low,7.50,USD,110.29,151.10,yes,catalog_feed,https://rocketkrunch.com/products/mint-chip-freeze-dried-ice-cream-sandwich,2026-08-05,
Rocket Krunch,US,rocketkrunch.com,Oreo Cookies & Cream Freeze Dried Ice Cream Sandwich Bites,,ice_cream,68,shopify_shipping_weight,low,7.50,USD,110.29,151.10,yes,catalog_feed,https://rocketkrunch.com/products/freeze-dried-oreo-cookies-and-cream,2026-08-05,
Rocket Krunch,US,rocketkrunch.com,Meteors Pack,,other,454,shopify_shipping_weight,low,22.40,USD,49.34,67.59,yes,catalog_feed,https://rocketkrunch.com/products/freezedried-skittles-pack,2026-08-05,
Rocket Krunch,US,rocketkrunch.com,Ice Cream Sandwich Freeze-Dried Bites,,ice_cream,68,shopify_shipping_weight,low,7.00,USD,102.94,141.03,yes,catalog_feed,https://rocketkrunch.com/products/ice-cream-sandwiches,2026-08-05,
Rocket Krunch,US,rocketkrunch.com,13.5 lb 2.5 Gallon Rainbow Meteors,,candy,6123,product_title,high,195.00,USD,31.85,43.63,yes,catalog_feed,https://rocketkrunch.com/products/freeze-dried-candy-rainbow-meteors-bucket,2026-08-05,
Rocket Krunch,US,rocketkrunch.com,Custom Party Pack (15 bags x 2 oz),,other,855,product_title_x15,medium,62.10,USD,72.63,99.51,yes,catalog_feed,https://rocketkrunch.com/products/freeze-dried-candy-custom-party-pack-and-logo,2026-08-05,
Rocket Krunch,US,rocketkrunch.com,Tillamook Cookies & Cream Mini Scoops Freeze-Dried Ice Cream,,ice_cream,68,shopify_shipping_weight,low,8.99,USD,132.21,181.12,yes,catalog_feed,https://rocketkrunch.com/products/freeze-dried-tillamook-cookies-and-ice-cream,2026-08-05,
Rocket Krunch,US,rocketkrunch.com,Sour Meteor Freeze-Dried Candy,4 oz,candy,113,variant_title,high,4.40,USD,38.94,53.35,yes,catalog_feed,https://rocketkrunch.com/products/sour-meteor-freeze-dried-candy,2026-08-05,
Rocket Krunch,US,rocketkrunch.com,Sour Meteor Freeze-Dried Candy,1 lb,candy,454,variant_title,high,15.40,USD,33.92,46.47,yes,catalog_feed,https://rocketkrunch.com/products/sour-meteor-freeze-dried-candy,2026-08-05,
Rocket Krunch,US,rocketkrunch.com,Sour Meteor Freeze-Dried Candy,3 lb,candy,1361,variant_title,high,45.60,USD,33.50,45.90,yes,catalog_feed,https://rocketkrunch.com/products/sour-meteor-freeze-dried-candy,2026-08-05,
Rocket Krunch,US,rocketkrunch.com,Variety Cheesecake Freeze-Dried Bites,,dairy,170,shopify_shipping_weight,low,13.00,USD,76.47,104.76,yes,catalog_feed,https://rocketkrunch.com/products/freeze-dried-cheesecake-bites,2026-08-05,
Rocket Krunch,US,rocketkrunch.com,Martian Mallows Freeze-Dried Marshmallows,,candy,142,shopify_shipping_weight,low,6.00,USD,42.25,57.89,no,catalog_feed,https://rocketkrunch.com/products/martian-mallows-freeze-dried-candy,2026-08-05,
Rocket Krunch,US,rocketkrunch.com,Rainbow Meteors Freeze-Dried Candy,4 oz,candy,113,variant_title,high,6.00,USD,53.10,72.74,yes,catalog_feed,https://rocketkrunch.com/products/rainbow-meteors-freeze-dried-candy,2026-08-05,
Rocket Krunch,US,rocketkrunch.com,Rainbow Meteors Freeze-Dried Candy,1 lb,candy,454,variant_title,high,18.00,USD,39.65,54.32,yes,catalog_feed,https://rocketkrunch.com/products/rainbow-meteors-freeze-dried-candy,2026-08-05,
Rocket Krunch,US,rocketkrunch.com,Rainbow Meteors Freeze-Dried Candy,3 lb,candy,1361,variant_title,high,54.00,USD,39.68,54.36,yes,catalog_feed,https://rocketkrunch.com/products/rainbow-meteors-freeze-dried-candy,2026-08-05,
Rocket Krunch,US,rocketkrunch.com,Rainbow Meteors Freeze-Dried Candy,Bargin Bucket 13.5 lb,candy,6123,variant_title,high,244.30,USD,39.90,54.66,yes,catalog_feed,https://rocketkrunch.com/products/rainbow-meteors-freeze-dried-candy,2026-08-05,
Rocket Krunch,US,rocketkrunch.com,50/50 Mix of Rainbow and Wild Berry Meteors Freeze Dried Candy,4 oz,candy,113,variant_title,high,6.00,USD,53.10,72.74,yes,catalog_feed,https://rocketkrunch.com/products/mix-berry-meterors-freeze-dried-candy,2026-08-05,
Rocket Krunch,US,rocketkrunch.com,50/50 Mix of Rainbow and Wild Berry Meteors Freeze Dried Candy,1 lb,candy,454,variant_title,high,24.30,USD,53.52,73.33,yes,catalog_feed,https://rocketkrunch.com/products/mix-berry-meterors-freeze-dried-candy,2026-08-05,
Shelf 2 Table,US,shelf2table.com,Freeze Dried Pulled Pork Cooked,,meat,79,shopify_shipping_weight,low,9.49,USD,120.13,164.57,yes,catalog_feed,https://shelf2table.com/products/freeze-dried-pulled-pork-cooked-long-term-food-storage,2026-08-05,
Shelf 2 Table,US,shelf2table.com,Freeze Dried Bacon & Cheese Egg Bites – 4 Pack | Just Add Water,,dairy,71,shopify_shipping_weight,low,12.99,USD,182.96,250.65,yes,catalog_feed,https://shelf2table.com/products/freeze-dried-cheese-bacon-egg-bites-4,2026-08-05,
Shelf 2 Table,US,shelf2table.com,Freeze Dried Deluxe Mashed Potatoes – Just Add Water | Shelf 2 Table,,vegetable,45,shopify_shipping_weight,low,5.99,USD,133.11,182.36,yes,catalog_feed,https://shelf2table.com/products/freeze-dried-deluxe-mashed-potatoes,2026-08-05,
Shelf 2 Table,US,shelf2table.com,Freeze Dried Beef Fajita Strips - Cooked,,meat,,none,none,19.49,USD,,,yes,catalog_feed,https://shelf2table.com/products/freeze-dried-beef-fajita-strips-cooked,2026-08-05,
Shelf 2 Table,US,shelf2table.com,Freeze Dried Lasagna & Meat Sauce,,meat,,none,none,14.49,USD,,,yes,catalog_feed,https://shelf2table.com/products/freeze-dried-lasagna-meat-sauce,2026-08-05,
Shelf 2 Table,US,shelf2table.com,Freeze Dried Butter Chicken (Murgh Makhani) with Basmati Rice,,dairy,86,shopify_shipping_weight,low,12.69,USD,147.56,202.15,yes,catalog_feed,https://shelf2table.com/products/freeze-dried-butter-chicken-with-basmati-rice,2026-08-05,
Shelf 2 Table,US,shelf2table.com,Roast Beef Freeze Dried Cooked,,meat,64,shopify_shipping_weight,low,18.99,USD,296.72,406.50,yes,catalog_feed,https://shelf2table.com/products/freeze-dried-roast-beef-cooked,2026-08-05,
Shelf 2 Table,US,shelf2table.com,Freeze Dried Beef Patties - (Raw-Uncooked),,meat,85,shopify_shipping_weight,low,11.49,USD,135.18,185.19,yes,catalog_feed,https://shelf2table.com/products/freeze-dried-burger-raw-patties,2026-08-05,
Shelf 2 Table,US,shelf2table.com,Freeze Dried Garlic Minced,,vegetable,86,shopify_shipping_weight,low,7.99,USD,92.91,127.28,yes,catalog_feed,https://shelf2table.com/products/freeze-dried-garlic-minced,2026-08-05,
Shelf 2 Table,US,shelf2table.com,Freeze Dried Chicken Fajita Breast Strips - Cooked,,meat,81,shopify_shipping_weight,low,13.49,USD,166.54,228.16,yes,catalog_feed,https://shelf2table.com/products/freeze-dried-chicken-fajita-breast-strips-fully-cooked,2026-08-05,
Shelf 2 Table,US,shelf2table.com,"Freeze Dried Ham - Cubed 1/2""",,meat,101,shopify_shipping_weight,low,12.49,USD,123.66,169.42,yes,catalog_feed,https://shelf2table.com/products/freeze-dried-ham-cubed-1-2,2026-08-05,
Shelf 2 Table,US,shelf2table.com,Freeze Dried Meatloaf Cooked Sliced Deluxe,,meat,86,shopify_shipping_weight,low,10.49,USD,121.98,167.11,yes,catalog_feed,https://shelf2table.com/products/freeze-dried-meatloaf-cooked-sliced,2026-08-05,
Shelf 2 Table,US,shelf2table.com,Freeze Dried Ham and Bean Soup,,meat,123,shopify_shipping_weight,low,12.99,USD,105.61,144.69,yes,catalog_feed,https://shelf2table.com/products/freeze-dried-ham-bean-soup,2026-08-05,
Shelf 2 Table,US,shelf2table.com,Freeze Dried Sloppy Joe - Beef and Barbecue Sauce,,meat,108,shopify_shipping_weight,low,12.99,USD,120.28,164.78,yes,catalog_feed,https://shelf2table.com/products/freeze-dried-sloppy-joe-beef-and-barbecue-sauce,2026-08-05,
Shelf 2 Table,US,shelf2table.com,Freeze Dried Asian Chicken Fried Rice & Vegetables,,meat,95,shopify_shipping_weight,low,11.99,USD,126.21,172.91,yes,catalog_feed,https://shelf2table.com/products/freeze-dried-asian-chicken-fried-rice-vegetables,2026-08-05,
Shelf 2 Table,US,shelf2table.com,"Freeze Dried Chicken Diced White .5"" Marinated - Cooked",,meat,86,shopify_shipping_weight,low,12.49,USD,145.23,198.97,yes,catalog_feed,https://shelf2table.com/products/freeze-dried-chicken-diced-white-5-marinated,2026-08-05,
Shelf 2 Table,US,shelf2table.com,Freeze Dried Deluxe Beef Stew,,meat,145,shopify_shipping_weight,low,13.49,USD,93.03,127.46,yes,catalog_feed,https://shelf2table.com/products/freeze-dried-deluxe-beef-stew,2026-08-05,
Shelf 2 Table,US,shelf2table.com,Freeze Dried Instant Coffee Packet - Single Cup Regular - Pack of 10,,beverage,45,shopify_shipping_weight,low,3.00,USD,66.67,91.33,yes,catalog_feed,https://shelf2table.com/products/freeze-dried-instant-coffee-packets,2026-08-05,
Shelf 2 Table,US,shelf2table.com,Freeze Dried Chuck Wagon Chili - Beef and Bean - Cooked,,meat,139,shopify_shipping_weight,low,13.49,USD,97.05,132.96,yes,catalog_feed,https://shelf2table.com/products/freeze-dried-chili-beef-and-bean,2026-08-05,
Shelf 2 Table,US,shelf2table.com,Freeze Dried Strawberries Sliced,,fruit,95,shopify_shipping_weight,low,5.49,USD,57.79,79.17,yes,catalog_feed,https://shelf2table.com/products/freeze-dried-strawberries,2026-08-05,
Shelf 2 Table,US,shelf2table.com,Freeze Dried Macaroni and Cheese Cooked,,dairy,78,shopify_shipping_weight,low,4.29,USD,55.00,75.35,yes,catalog_feed,https://shelf2table.com/products/freeze-dried-macaroni-and-cheese-cooked,2026-08-05,
Shelf 2 Table,US,shelf2table.com,Freeze Dried Beef Crumbles Cooked,,meat,95,shopify_shipping_weight,low,16.99,USD,178.84,245.01,yes,catalog_feed,https://shelf2table.com/products/freeze-dried-beef-crumble-cooked,2026-08-05,
Shelf 2 Table,US,shelf2table.com,"Freeze Dried Ham - Diced - 1/4""",,meat,101,shopify_shipping_weight,low,13.49,USD,133.56,182.98,yes,catalog_feed,https://shelf2table.com/products/freeze-dried-ham-diced,2026-08-05,
Shelf 2 Table,US,shelf2table.com,Freeze Dried Beef Taco Meat Cooked,2.5 oz.,meat,227,net_weight_declared,high,9.99,USD,44.01,60.29,yes,catalog_feed,https://shelf2table.com/products/freeze-dried-beef-taco-meat-pre-cooked,2026-08-05,
Shelf 2 Table,US,shelf2table.com,Freeze Dried Beef Taco Meat Cooked,5.0 oz.,meat,227,net_weight_declared,high,19.98,USD,88.02,120.58,yes,catalog_feed,https://shelf2table.com/products/freeze-dried-beef-taco-meat-pre-cooked,2026-08-05,
Shelf 2 Table,US,shelf2table.com,Freeze Dried Mozzarella Shredded Cheese,,dairy,142,shopify_shipping_weight,low,12.75,USD,89.79,123.01,yes,catalog_feed,https://shelf2table.com/products/freeze-dried-mozzarella-shredded-cheese,2026-08-05,
Shelf 2 Table,US,shelf2table.com,Freeze Dried Powdered Whole Eggs - Raw Scrambled,,egg,84,shopify_shipping_weight,low,3.99,USD,47.50,65.08,yes,catalog_feed,https://shelf2table.com/products/freeze-dried-powdered-whole-eggs,2026-08-05,
Shelf 2 Table,US,shelf2table.com,Freeze Dried Potato Shredded,,vegetable,65,shopify_shipping_weight,low,5.49,USD,84.46,115.71,yes,catalog_feed,https://shelf2table.com/products/freeze-dried-potato-shredded,2026-08-05,
Shelf 2 Table,US,shelf2table.com,Freeze Dried Corn,,vegetable,72,shopify_shipping_weight,low,4.99,USD,69.31,94.95,yes,catalog_feed,https://shelf2table.com/products/freeze-dried-corn,2026-08-05,
Shelf 2 Table,US,shelf2table.com,Freeze Dried Peas,,vegetable,64,shopify_shipping_weight,low,5.49,USD,85.78,117.52,yes,catalog_feed,https://shelf2table.com/products/freeze-dried-peas,2026-08-05,
Shelf 2 Table,US,shelf2table.com,Freeze Dried Mixed Berries,,fruit,50,shopify_shipping_weight,low,8.49,USD,169.80,232.63,yes,catalog_feed,https://shelf2table.com/products/mixed-berries,2026-08-05,
Shelf 2 Table,US,shelf2table.com,Freeze Dried Bananas Sliced,,fruit,67,shopify_shipping_weight,low,5.99,USD,89.40,122.48,yes,catalog_feed,https://shelf2table.com/products/bananas-sliced-freeze-dried,2026-08-05,
SweetyTreatyCo,US,sweetytreatyco.com,Bubs Swedish Candy Advent Calendar,,candy,28,shopify_shipping_weight,low,65.99,USD,,,yes,catalog_feed,https://sweetytreatyco.com/products/untitled-nov6_12-20,2026-08-05,implausible_from_shipping_weight(2357)
SweetyTreatyCo,US,sweetytreatyco.com,Freeze Dried Chamoy Chile Rings,,candy,57,shopify_shipping_weight,low,7.99,USD,140.18,192.04,yes,catalog_feed,https://sweetytreatyco.com/products/freeze-dried-chamoy-chile-rings,2026-08-05,
SweetyTreatyCo,US,sweetytreatyco.com,Freeze Dried Big Chunks,,candy,57,shopify_shipping_weight,low,7.99,USD,140.18,192.04,yes,catalog_feed,https://sweetytreatyco.com/products/freeze-dried-big-hunk,2026-08-05,
SweetyTreatyCo,US,sweetytreatyco.com,Freeze Dried Banana Taffy,,candy,57,shopify_shipping_weight,low,7.99,USD,140.18,192.04,yes,catalog_feed,https://sweetytreatyco.com/products/freeze-dried-banana-taffy,2026-08-05,
SweetyTreatyCo,US,sweetytreatyco.com,Freeze Dried Twixie Bar,,candy,57,shopify_shipping_weight,low,7.99,USD,140.18,192.04,yes,catalog_feed,https://sweetytreatyco.com/products/freeze-dried-twix-bar,2026-08-05,
SweetyTreatyCo,US,sweetytreatyco.com,Freeze Dried Watermelon Taffy,,candy,57,shopify_shipping_weight,low,7.99,USD,140.18,192.04,yes,catalog_feed,https://sweetytreatyco.com/products/freeze-dried-watermelon-taffy,2026-08-05,
SweetyTreatyCo,US,sweetytreatyco.com,Freeze Dried Milk Dudes,,dairy,57,shopify_shipping_weight,low,7.99,USD,140.18,192.04,yes,catalog_feed,https://sweetytreatyco.com/products/freeze-dried-milk-duds,2026-08-05,
SweetyTreatyCo,US,sweetytreatyco.com,Freeze Dried Snickery bite,,candy,57,shopify_shipping_weight,low,7.99,USD,140.18,192.04,yes,catalog_feed,https://sweetytreatyco.com/products/freeze-dried-snickers,2026-08-05,
SweetyTreatyCo,US,sweetytreatyco.com,Freeze Dried Charlestons bites,,candy,57,shopify_shipping_weight,low,7.99,USD,140.18,192.04,yes,catalog_feed,https://sweetytreatyco.com/products/freeze-dried-charleston-chews,2026-08-05,
SweetyTreatyCo,US,sweetytreatyco.com,Freeze Dried Caramel chocolate bites,,candy,57,shopify_shipping_weight,low,7.99,USD,140.18,192.04,yes,catalog_feed,https://sweetytreatyco.com/products/freeze-dried-caramel-chocolate-bites,2026-08-05,
SweetyTreatyCo,US,sweetytreatyco.com,Freeze Dried Air Bites,,candy,57,shopify_shipping_weight,low,7.99,USD,140.18,192.04,yes,catalog_feed,https://sweetytreatyco.com/products/freeze-dried-airheads,2026-08-05,
SweetyTreatyCo,US,sweetytreatyco.com,Swedish Candy Mix. Bubs,,candy,113,shopify_shipping_weight,low,12.99,USD,114.96,157.49,yes,catalog_feed,https://sweetytreatyco.com/products/swedish-candy-mix-bubs,2026-08-05,
SweetyTreatyCo,US,sweetytreatyco.com,Freeze-Dried Watermelon Gummies,,candy,,none,none,7.99,USD,,,yes,catalog_feed,https://sweetytreatyco.com/products/freeze-dried-watermelon-gummies-1,2026-08-05,
SweetyTreatyCo,US,sweetytreatyco.com,Freeze Dried Gummy Hamburgers,,candy,,none,none,7.99,USD,,,yes,catalog_feed,https://sweetytreatyco.com/products/freeze-dried-gummy-hamburgers,2026-08-05,
SweetyTreatyCo,US,sweetytreatyco.com,Freeze-Dried Peach Rings,,fruit,,none,none,7.99,USD,,,yes,catalog_feed,https://sweetytreatyco.com/products/freeze-dried-peach-rings-1,2026-08-05,
SweetyTreatyCo,US,sweetytreatyco.com,Freeze-Dried Sour Worms,,candy,,none,none,5.99,USD,,,yes,catalog_feed,https://sweetytreatyco.com/products/freeze-dried-sour-worms,2026-08-05,
SweetyTreatyCo,US,sweetytreatyco.com,Freeze-Dried Sour Crunchies,,candy,,none,none,7.99,USD,,,yes,catalog_feed,https://sweetytreatyco.com/products/freeze-dried-sour-crunchies,2026-08-05,
SweetyTreatyCo,US,sweetytreatyco.com,Freeze Dried Rainbow Chews,,other,,none,none,7.99,USD,,,yes,catalog_feed,https://sweetytreatyco.com/products/freeze-dried-rainbow-chews,2026-08-05,
SweetyTreatyCo,US,sweetytreatyco.com,Freeze Dried Crunchies,,other,,none,none,7.99,USD,,,yes,catalog_feed,https://sweetytreatyco.com/products/freeze-dried-crunchies,2026-08-05,
SweetyTreatyCo,US,sweetytreatyco.com,Freeze Dried Berry Crunchies,,fruit,,none,none,7.99,USD,,,yes,catalog_feed,https://sweetytreatyco.com/products/freeze-dried-berry-crunchies,2026-08-05,
SweetyTreatyCo,US,sweetytreatyco.com,Freeze Dried Fruity Puffs,,fruit,,none,none,7.99,USD,,,yes,catalog_feed,https://sweetytreatyco.com/products/freeze-dried-fruity-puffs,2026-08-05,
SweetyTreatyCo,US,sweetytreatyco.com,Freeze Dried Berry Crunchies,2.0 oz,fruit,57,variant_title,high,7.99,USD,140.18,192.04,yes,catalog_feed,https://sweetytreatyco.com/products/freeze-dried-berry-skittles,2026-08-05,
SweetyTreatyCo,US,sweetytreatyco.com,Freeze Dried Berry Crunchies,3.5 oz,fruit,99,variant_title,high,10.99,USD,111.01,152.08,yes,catalog_feed,https://sweetytreatyco.com/products/freeze-dried-berry-skittles,2026-08-05,
SweetyTreatyCo,US,sweetytreatyco.com,Freeze Dried Berry Crunchies,6.0 oz,fruit,170,variant_title,high,13.99,USD,82.29,112.74,yes,catalog_feed,https://sweetytreatyco.com/products/freeze-dried-berry-skittles,2026-08-05,
SweetyTreatyCo,US,sweetytreatyco.com,Sweet and sour gushers,2.0 oz,candy,57,variant_title,high,7.49,USD,131.40,180.02,yes,catalog_feed,https://sweetytreatyco.com/products/sweet-and-sour-gushers,2026-08-05,
SweetyTreatyCo,US,sweetytreatyco.com,Sweet and sour gushers,3.5 oz,candy,99,variant_title,high,10.99,USD,111.01,152.08,yes,catalog_feed,https://sweetytreatyco.com/products/sweet-and-sour-gushers,2026-08-05,
SweetyTreatyCo,US,sweetytreatyco.com,Sweet and sour gushers,6.0 oz,candy,170,variant_title,high,13.99,USD,82.29,112.74,yes,catalog_feed,https://sweetytreatyco.com/products/sweet-and-sour-gushers,2026-08-05,
SweetyTreatyCo,US,sweetytreatyco.com,Freeze Dried Caramel Apple Suckers,,candy,57,shopify_shipping_weight,low,7.99,USD,140.18,192.04,yes,catalog_feed,https://sweetytreatyco.com/products/freeze-dried-caramel-apple-suckers,2026-08-05,
SweetyTreatyCo,US,sweetytreatyco.com,Freeze Dried Large Mystery Sample Pack,,candy,737,shopify_shipping_weight,low,59.99,USD,81.40,111.51,yes,catalog_feed,https://sweetytreatyco.com/products/freeze-dried-large-mystery-sample-pack,2026-08-05,
SweetyTreatyCo,US,sweetytreatyco.com,Freeze Dried Jolly puffs,,candy,57,shopify_shipping_weight,low,7.99,USD,140.18,192.04,yes,catalog_feed,https://sweetytreatyco.com/products/freeze-dried-jolly-ranchers,2026-08-05,
SweetyTreatyCo,US,sweetytreatyco.com,Freeze Dried Variety Pack-7 Pack,,candy,544,shopify_shipping_weight,low,36.99,USD,68.00,93.15,yes,catalog_feed,https://sweetytreatyco.com/products/freeze-dried-large-sample-pack,2026-08-05,
SweetyTreatyCo,US,sweetytreatyco.com,Freeze Dried Gummy Sharks,,candy,85,shopify_shipping_weight,low,7.99,USD,94.00,128.78,yes,catalog_feed,https://sweetytreatyco.com/products/freeze-dried-gummy-sharks,2026-08-05,
SweetyTreatyCo,US,sweetytreatyco.com,Freeze Dried 5-Pack Mystery Pack,,candy,227,shopify_shipping_weight,low,24.99,USD,110.09,150.82,yes,catalog_feed,https://sweetytreatyco.com/products/freeze-dried-mystery-sample-pack,2026-08-05,
SweetyTreatyCo,US,sweetytreatyco.com,Freeze Dried Fruit Rollups,,fruit,57,shopify_shipping_weight,low,7.99,USD,140.18,192.04,no,catalog_feed,https://sweetytreatyco.com/products/freeze-dried-fruit-rollups,2026-08-05,
SweetyTreatyCo,US,sweetytreatyco.com,Freeze Dried Peach Rings,,fruit,57,shopify_shipping_weight,low,7.99,USD,140.18,192.04,yes,catalog_feed,https://sweetytreatyco.com/products/freeze-dried-peach-rings,2026-08-05,
SweetyTreatyCo,US,sweetytreatyco.com,Freeze Dried Sour Worms,,candy,57,shopify_shipping_weight,low,5.99,USD,105.09,143.97,yes,catalog_feed,https://sweetytreatyco.com/products/freeze-dried-sour-worm,2026-08-05,
SweetyTreatyCo,US,sweetytreatyco.com,Freeze Dried Stardust’s,,candy,57,shopify_shipping_weight,low,7.99,USD,140.18,192.04,yes,catalog_feed,https://sweetytreatyco.com/products/freeze-dried-starburst,2026-08-05,
SweetyTreatyCo,US,sweetytreatyco.com,Freeze Dried Sour Frittles,2.0 oz,candy,57,variant_title,high,7.99,USD,140.18,192.04,yes,catalog_feed,https://sweetytreatyco.com/products/freeze-dried-sour-skittles,2026-08-05,
SweetyTreatyCo,US,sweetytreatyco.com,Freeze Dried Sour Frittles,3.5 oz,candy,99,variant_title,high,10.99,USD,111.01,152.08,yes,catalog_feed,https://sweetytreatyco.com/products/freeze-dried-sour-skittles,2026-08-05,
SweetyTreatyCo,US,sweetytreatyco.com,Freeze Dried Sour Frittles,6.0 oz,candy,170,variant_title,high,13.99,USD,82.29,112.74,yes,catalog_feed,https://sweetytreatyco.com/products/freeze-dried-sour-skittles,2026-08-05,
SweetyTreatyCo,US,sweetytreatyco.com,Freeze Dried Cotton Candy Taffy,,candy,57,shopify_shipping_weight,low,7.99,USD,140.18,192.04,no,catalog_feed,https://sweetytreatyco.com/products/freeze-dried-cotton-candy-taffy,2026-08-05,
The Freeze Dried Candy Store,US,thefreezedriedcandystore.com,Cotton Candy Splooshies - 4oz - Liquid Filled Gummi Bites Cotton Candy Coated,,candy,113,product_title,high,22.00,USD,194.69,266.73,yes,catalog_feed,https://thefreezedriedcandystore.com/products/cotton-candy-splooshies-4oz-liquid-filled-gummi-bites-cotton-candy-coated,2026-08-05,
The Freeze Dried Candy Store,US,thefreezedriedcandystore.com,Sour Candy Sliders,,candy,,none,none,12.00,USD,,,yes,catalog_feed,https://thefreezedriedcandystore.com/products/sour-candy-sliders,2026-08-05,
The Freeze Dried Candy Store,US,thefreezedriedcandystore.com,Orange Creamsicle Space Bars,,fruit,,none,none,14.00,USD,,,yes,catalog_feed,https://thefreezedriedcandystore.com/products/orange-creamsicle-space-bars,2026-08-05,
The Freeze Dried Candy Store,US,thefreezedriedcandystore.com,Hip-Chip Space Sandwiches,,candy,,none,none,14.00,USD,,,yes,catalog_feed,https://thefreezedriedcandystore.com/products/hip-chip-space-sandwiches,2026-08-05,
The Freeze Dried Candy Store,US,thefreezedriedcandystore.com,Chocolatey Fluff - 6pk - Freeze Dried Candy,,candy,,none,none,58.00,USD,,,yes,catalog_feed,https://thefreezedriedcandystore.com/products/chocolatey-fluff-6pk-freeze-dried-candy,2026-08-05,
The Freeze Dried Candy Store,US,thefreezedriedcandystore.com,Sour Air Crunchers - 12Pk - Freeze Dried Candy,,candy,,none,none,115.00,USD,,,yes,catalog_feed,https://thefreezedriedcandystore.com/products/sour-air-crunchers-12pk-freeze-dried-candy,2026-08-05,
The Freeze Dried Candy Store,US,thefreezedriedcandystore.com,Sour Air Crunchers - 6Pk - Freeze Dried Candy,,candy,,none,none,58.00,USD,,,yes,catalog_feed,https://thefreezedriedcandystore.com/products/sour-air-crunchers-6pk-freeze-dried-candy,2026-08-05,
The Freeze Dried Candy Store,US,thefreezedriedcandystore.com,Frosted Cupcake Crunch Bites - 12pk - Freeze Dried Candy,,candy,,none,none,99.00,USD,,,yes,catalog_feed,https://thefreezedriedcandystore.com/products/frosted-cupcake-crunch-bites-12pk-freeze-dried-candy,2026-08-05,
The Freeze Dried Candy Store,US,thefreezedriedcandystore.com,Chocolate Chip Sandwich Bites - Crunchy Cream filled Cookie Bites - Freeze Dried,,candy,,none,none,12.00,USD,,,yes,catalog_feed,https://thefreezedriedcandystore.com/products/chocolate-chip-sandwich-bites-crunchy-cream-filled-cookie-bites-freeze-dried,2026-08-05,
The Freeze Dried Candy Store,US,thefreezedriedcandystore.com,Frosted Cupcake Crunch Bites - 6pk - Freeze Dried Candy,,candy,,none,none,50.00,USD,,,yes,catalog_feed,https://thefreezedriedcandystore.com/products/frosted-cupcake-crunch-bites-6pk-freeze-dried-candy,2026-08-05,
The Freeze Dried Candy Store,US,thefreezedriedcandystore.com,Sour Lemon Crunchies,,candy,,none,none,12.00,USD,,,yes,catalog_feed,https://thefreezedriedcandystore.com/products/sour-lemon-crunchies,2026-08-05,
The Freeze Dried Candy Store,US,thefreezedriedcandystore.com,Unicorn Cake Bites,,vegetable,,none,none,12.00,USD,,,yes,catalog_feed,https://thefreezedriedcandystore.com/products/unicorn-cake-bites,2026-08-05,
The Freeze Dried Candy Store,US,thefreezedriedcandystore.com,Cotton Candy Shell Shocks - Freeze Dried Cotton Candy - 4 Ounces,,candy,113,product_title,high,12.00,USD,106.19,145.49,yes,catalog_feed,https://thefreezedriedcandystore.com/products/cotton-candy-shell-shocks-freeze-dried-cotton-candy-4-ounces,2026-08-05,
The Freeze Dried Candy Store,US,thefreezedriedcandystore.com,Lemon Crunchies - 6Pk - Freeze Dried - Crunchy Lemon Candy - The Freeze Dried Candy Store -,,candy,,none,none,50.00,USD,,,yes,catalog_feed,https://thefreezedriedcandystore.com/products/lemon-crunchies-6pk-freeze-dried-crunchy-lemon-candy-the-freeze-dried-candy-store,2026-08-05,
The Freeze Dried Candy Store,US,thefreezedriedcandystore.com,Crunchy Fruity Rolls - 6pk - Freeze Dried - The Freeze Dried Candy Store - Fruity Rolled Candy,,candy,,none,none,50.00,USD,,,yes,catalog_feed,https://thefreezedriedcandystore.com/products/crunchy-fruity-rolls-6pk-freeze-dried-the-freeze-dried-candy-store-fruity-rolled-candy,2026-08-05,
The Freeze Dried Candy Store,US,thefreezedriedcandystore.com,Blue Raz Crunch Bites x12 Bags MEGA BUNDLE - Crunchy Melt In Your Mouth - The Freeze Dried Candy Store - Freeze Dried Candy,,candy,,none,none,99.00,USD,,,yes,catalog_feed,https://thefreezedriedcandystore.com/products/blue-raz-crunch-bites-x12-bags-mega-bundle-crunchy-melt-in-your-mouth-the-freeze-dried-candy-store-freeze-dried-candy,2026-08-05,
The Freeze Dried Candy Store,US,thefreezedriedcandystore.com,Blue Raz Crunch Bites x6 Bags MEGA BUNDLE - Crunchy Melt In Your Mouth - The Freeze Dried Candy Store - Freeze Dried Candy,,candy,,none,none,50.00,USD,,,yes,catalog_feed,https://thefreezedriedcandystore.com/products/blue-raz-crunch-bites-mega-bundle-crunchy-melt-in-your-mouth-the-freeze-dried-candy-store-freeze-dried-candy,2026-08-05,
The Freeze Dried Candy Store,US,thefreezedriedcandystore.com,"Crunchy Candy Best Seller Starter Pack - Fun Bundle x3 Bags Included! Crunchy Clusters, Crunch Bears, OG Shell Shock - The Freeze Dried Candy Store - Freeze Dried Candy",,candy,,none,none,28.00,USD,,,yes,catalog_feed,https://thefreezedriedcandystore.com/products/crunchy-candy-best-seller-starter-pack-fun-bundle-x3-bags-included-crunchy-clusters-crunch-bears-og-shell-shock-the-freeze-dried-candy-store-freeze-dried-candy,2026-08-05,
The Freeze Dried Candy Store,US,thefreezedriedcandystore.com,Buttered Crunch Bites,,dairy,,none,none,10.00,USD,,,yes,catalog_feed,https://thefreezedriedcandystore.com/products/buttered-crunch-bites,2026-08-05,
The Freeze Dried Candy Store,US,thefreezedriedcandystore.com,Rocket Pop Crunch Bites,,other,,none,none,10.00,USD,,,yes,catalog_feed,https://thefreezedriedcandystore.com/products/rocket-pop-crunch-bites,2026-08-05,
The Freeze Dried Candy Store,US,thefreezedriedcandystore.com,Strawberry Cheesecake Salt Water Taffy,,candy,48,shopify_shipping_weight,low,5.00,USD,104.17,142.71,yes,catalog_feed,https://thefreezedriedcandystore.com/products/strawberry-cheesecake-salt-water-taffy,2026-08-05,
The Freeze Dried Candy Store,US,thefreezedriedcandystore.com,Cotton Candy Crunch Bites - Crunchy Cotton Candy - 6 Pack - Freeze Dried - The Freeze Dried Candy Store,,candy,142,shopify_shipping_weight,low,50.00,USD,352.11,482.39,yes,catalog_feed,https://thefreezedriedcandystore.com/products/cotton-candy-crunch-bites-crunchy-cotton-candy-6-pack-freeze-dried-the-freeze-dried-candy-store,2026-08-05,
The Freeze Dried Candy Store,US,thefreezedriedcandystore.com,Lemon Crunchies,,fruit,122,shopify_shipping_weight,low,10.00,USD,81.97,112.30,yes,catalog_feed,https://thefreezedriedcandystore.com/products/lemon-crunchies-1,2026-08-05,
The Freeze Dried Candy Store,US,thefreezedriedcandystore.com,Sour Wild Berry Shell Shocks,2 oz,candy,57,variant_title,high,6.00,USD,105.26,144.21,yes,catalog_feed,https://thefreezedriedcandystore.com/products/sour-wild-berry-shell-shocks,2026-08-05,
The Freeze Dried Candy Store,US,thefreezedriedcandystore.com,Sour Wild Berry Shell Shocks,4 oz,candy,113,variant_title,high,10.00,USD,88.50,121.24,yes,catalog_feed,https://thefreezedriedcandystore.com/products/sour-wild-berry-shell-shocks,2026-08-05,
The Freeze Dried Candy Store,US,thefreezedriedcandystore.com,Lemon Bombs,,fruit,48,shopify_shipping_weight,low,6.00,USD,125.00,171.25,yes,catalog_feed,https://thefreezedriedcandystore.com/products/lemon-bombs-lemonheads®,2026-08-05,
The Freeze Dried Candy Store,US,thefreezedriedcandystore.com,Taffy Tongue Bites 2 oz,,candy,113,net_weight_declared,high,6.00,USD,53.10,72.74,yes,catalog_feed,https://thefreezedriedcandystore.com/products/taffy-tongue-bites-copy,2026-08-05,
The Freeze Dried Candy Store,US,thefreezedriedcandystore.com,No Cap! Healthy Soda Alternative,Grape Gummi Bear,other,,none,none,7.00,USD,,,yes,catalog_feed,https://thefreezedriedcandystore.com/products/no-cap-healthy-soda-alternative,2026-08-05,
The Freeze Dried Candy Store,US,thefreezedriedcandystore.com,Cosmic Rings,,candy,,none,none,10.00,USD,,,yes,catalog_feed,https://thefreezedriedcandystore.com/products/cosmic-rings,2026-08-05,
The Freeze Dried Candy Store,US,thefreezedriedcandystore.com,Christmas Tree Cakes,Vanilla,other,,none,none,4.00,USD,,,no,catalog_feed,https://thefreezedriedcandystore.com/products/christmas-tree-cakes,2026-08-05,
The Freeze Dried Candy Store,US,thefreezedriedcandystore.com,Christmas Tree Cakes,Chocolate,other,,none,none,4.00,USD,,,yes,catalog_feed,https://thefreezedriedcandystore.com/products/christmas-tree-cakes,2026-08-05,
The Freeze Dried Candy Store,US,thefreezedriedcandystore.com,Mash-Up Shell Shocks (2 OZ),,candy,57,product_title,high,7.00,USD,122.81,168.25,yes,catalog_feed,https://thefreezedriedcandystore.com/products/mash-up-shell-shocks-2-oz,2026-08-05,
The Freeze Dried Candy Store,US,thefreezedriedcandystore.com,Wild Berry Shell Shocks (2 OZ),,fruit,57,product_title,high,7.00,USD,122.81,168.25,yes,catalog_feed,https://thefreezedriedcandystore.com/products/wild-berry-shell-shocks-2-oz-2,2026-08-05,
The Freeze Dried Candy Store,US,thefreezedriedcandystore.com,Sour Shell Shocks (2 OZ),,candy,57,product_title,high,7.00,USD,122.81,168.25,yes,catalog_feed,https://thefreezedriedcandystore.com/products/sour-shell-shocks-2-oz,2026-08-05,
The Freeze Dried Candy Store,US,thefreezedriedcandystore.com,Mini Crunchers - 4oz,Original,candy,113,product_title,high,12.00,USD,106.19,145.49,yes,catalog_feed,https://thefreezedriedcandystore.com/products/mini-crunchers-4oz,2026-08-05,
The Freeze Dried Candy Store,US,thefreezedriedcandystore.com,Mini Crunchers - 4oz,FaveReds,candy,113,product_title,high,12.00,USD,106.19,145.49,yes,catalog_feed,https://thefreezedriedcandystore.com/products/mini-crunchers-4oz,2026-08-05,
The Freeze Dried Candy Store,US,thefreezedriedcandystore.com,Mini Crunchers - 4oz,All Pink,candy,113,product_title,high,12.00,USD,106.19,145.49,yes,catalog_feed,https://thefreezedriedcandystore.com/products/mini-crunchers-4oz,2026-08-05,
The Freeze Dried Candy Store,US,thefreezedriedcandystore.com,Mini Crunchers - 4oz,Sours,candy,113,product_title,high,12.00,USD,106.19,145.49,yes,catalog_feed,https://thefreezedriedcandystore.com/products/mini-crunchers-4oz,2026-08-05,
The Freeze Dried Candy Store,US,thefreezedriedcandystore.com,Frizzy Keychain,,other,,none,none,9.00,USD,,,yes,catalog_feed,https://thefreezedriedcandystore.com/products/frizzy-keychain,2026-08-05,
The Freeze Dried Candy Store,US,thefreezedriedcandystore.com,Shell Shocks 1LB,Original,candy,454,product_title,high,25.00,USD,55.07,75.44,yes,catalog_feed,https://thefreezedriedcandystore.com/products/shell-shocks-copy-1,2026-08-05,
The Freeze Dried Candy Store,US,thefreezedriedcandystore.com,Shell Shocks 1LB,Sour,candy,454,product_title,high,25.00,USD,55.07,75.44,yes,catalog_feed,https://thefreezedriedcandystore.com/products/shell-shocks-copy-1,2026-08-05,
The Freeze Dried Candy Store,US,thefreezedriedcandystore.com,Shell Shocks 1LB,Wild Berry,candy,454,product_title,high,25.00,USD,55.07,75.44,yes,catalog_feed,https://thefreezedriedcandystore.com/products/shell-shocks-copy-1,2026-08-05,
The Freeze Dried Candy Store,US,thefreezedriedcandystore.com,Shell Shocks 1LB,Sour Wild Berry,candy,454,product_title,high,25.00,USD,55.07,75.44,yes,catalog_feed,https://thefreezedriedcandystore.com/products/shell-shocks-copy-1,2026-08-05,
The Freeze Dried Candy Store,US,thefreezedriedcandystore.com,Shell Shocks 1LB,Mashup,candy,454,product_title,high,25.00,USD,55.07,75.44,yes,catalog_feed,https://thefreezedriedcandystore.com/products/shell-shocks-copy-1,2026-08-05,
The Freeze Dried Candy Store,US,thefreezedriedcandystore.com,Crunchy Bears,Assorted,candy,48,shopify_shipping_weight,low,10.00,USD,208.33,285.42,yes,catalog_feed,https://thefreezedriedcandystore.com/products/crunchy-bears,2026-08-05,
The Freeze Dried Candy Store,US,thefreezedriedcandystore.com,Crunchy Bears,Sour,candy,48,shopify_shipping_weight,low,10.00,USD,208.33,285.42,yes,catalog_feed,https://thefreezedriedcandystore.com/products/crunchy-bears,2026-08-05,
The Freeze Dried Candy Store,US,thefreezedriedcandystore.com,Candy Bars,Caramel Chocolate Crunch,candy,85,shopify_shipping_weight,low,10.00,USD,117.65,161.18,yes,catalog_feed,https://thefreezedriedcandystore.com/products/candy-bars,2026-08-05,
The Freeze Dried Candy Store,US,thefreezedriedcandystore.com,Candy Bars,Chocolatey Peanut Crunch,candy,85,shopify_shipping_weight,low,10.00,USD,117.65,161.18,yes,catalog_feed,https://thefreezedriedcandystore.com/products/candy-bars,2026-08-05,
The Freeze Dried Candy Store,US,thefreezedriedcandystore.com,Candy Bars,Creamy Caramel Crunch,candy,85,shopify_shipping_weight,low,10.00,USD,117.65,161.18,yes,catalog_feed,https://thefreezedriedcandystore.com/products/candy-bars,2026-08-05,
The Freeze Dried Candy Store,US,thefreezedriedcandystore.com,Dippin Dust,Crunchy Cluster,ice_cream,119,shopify_shipping_weight,low,10.00,USD,84.03,115.13,yes,catalog_feed,https://thefreezedriedcandystore.com/products/crunchy-cluster-dippin-dust-copy,2026-08-05,
The Freeze Dried Candy Store,US,thefreezedriedcandystore.com,Dippin Dust,Magical Sparkles,ice_cream,119,shopify_shipping_weight,low,10.00,USD,84.03,115.13,yes,catalog_feed,https://thefreezedriedcandystore.com/products/crunchy-cluster-dippin-dust-copy,2026-08-05,
The Freeze Dried Candy Store,US,thefreezedriedcandystore.com,Crunchy Clusters,Original,candy,57,shopify_shipping_weight,low,10.00,USD,175.44,240.35,yes,catalog_feed,https://thefreezedriedcandystore.com/products/crunchy-clusters,2026-08-05,
The Freeze Dried Candy Store,US,thefreezedriedcandystore.com,Crunchy Clusters,Very Berry,candy,57,shopify_shipping_weight,low,10.00,USD,175.44,240.35,yes,catalog_feed,https://thefreezedriedcandystore.com/products/crunchy-clusters,2026-08-05,
The Freeze Dried Candy Store,US,thefreezedriedcandystore.com,Shell Shocks,Original,candy,65,shopify_shipping_weight,low,10.00,USD,153.85,210.77,yes,catalog_feed,https://thefreezedriedcandystore.com/products/shell-shocks-copy,2026-08-05,
The Freeze Dried Candy Store,US,thefreezedriedcandystore.com,Shell Shocks,Sour,candy,65,shopify_shipping_weight,low,10.00,USD,153.85,210.77,yes,catalog_feed,https://thefreezedriedcandystore.com/products/shell-shocks-copy,2026-08-05,
The Freeze Dried Candy Store,US,thefreezedriedcandystore.com,Shell Shocks,Wild Berry,candy,65,shopify_shipping_weight,low,10.00,USD,153.85,210.77,yes,catalog_feed,https://thefreezedriedcandystore.com/products/shell-shocks-copy,2026-08-05,
The Freeze Dried Candy Store,US,thefreezedriedcandystore.com,Shell Shocks,Mashup,candy,65,shopify_shipping_weight,low,10.00,USD,153.85,210.77,yes,catalog_feed,https://thefreezedriedcandystore.com/products/shell-shocks-copy,2026-08-05,
The Freeze Dried Candy Store,US,thefreezedriedcandystore.com,Shell Shocks,Sour Wild Berry,candy,65,shopify_shipping_weight,low,10.00,USD,153.85,210.77,yes,catalog_feed,https://thefreezedriedcandystore.com/products/shell-shocks-copy,2026-08-05,
The Freeze Dried Candy Store,US,thefreezedriedcandystore.com,Shell Shocks,Sweet Chamoy,candy,65,shopify_shipping_weight,low,10.00,USD,153.85,210.77,yes,catalog_feed,https://thefreezedriedcandystore.com/products/shell-shocks-copy,2026-08-05,
The Freeze Dried Candy Store,US,thefreezedriedcandystore.com,Strawberry Shortcake Space Bars,,fruit,57,shopify_shipping_weight,low,14.00,USD,245.61,336.49,yes,catalog_feed,https://thefreezedriedcandystore.com/products/strawberry-shortcake-bars,2026-08-05,
The Freeze Dried Candy Store,US,thefreezedriedcandystore.com,Sour Air Crunchers,,candy,48,shopify_shipping_weight,low,10.00,USD,208.33,285.42,yes,catalog_feed,https://thefreezedriedcandystore.com/products/sour-air-crunchers,2026-08-05,
The Freeze Dried Candy Store,US,thefreezedriedcandystore.com,Magical Sparkle Dippin Dust,,ice_cream,34,shopify_shipping_weight,low,10.00,USD,294.12,402.94,yes,catalog_feed,https://thefreezedriedcandystore.com/products/magical-sparkle-dippin-dust,2026-08-05,
The Freeze Dried Candy Store,US,thefreezedriedcandystore.com,Crunchy Cluster Dippin Dust,,ice_cream,119,shopify_shipping_weight,low,10.00,USD,84.03,115.13,yes,catalog_feed,https://thefreezedriedcandystore.com/products/crunchy-cluster-dippin-dust,2026-08-05,
The Freeze Dried Candy Store,US,thefreezedriedcandystore.com,Cinnamon Blaze Bites,,other,125,shopify_shipping_weight,low,10.00,USD,80.00,109.60,yes,catalog_feed,https://thefreezedriedcandystore.com/products/cinnamon-blaze-bites,2026-08-05,
The Freeze Dried Candy Store,US,thefreezedriedcandystore.com,Chocolatey Caramel Crunch Bars,,candy,91,shopify_shipping_weight,low,10.00,USD,109.89,150.55,yes,catalog_feed,https://thefreezedriedcandystore.com/products/cnc-bars,2026-08-05,
The Freeze Dried Candy Store,US,thefreezedriedcandystore.com,Caramel Crunch Bars,,candy,62,shopify_shipping_weight,low,10.00,USD,161.29,220.97,yes,catalog_feed,https://thefreezedriedcandystore.com/products/caramel-crunch-bars-twix,2026-08-05,
The Freeze Dried Candy Store,US,thefreezedriedcandystore.com,Candy Bar Bundle - 6 bags,,candy,312,shopify_shipping_weight,low,58.00,USD,185.90,254.68,no,catalog_feed,https://thefreezedriedcandystore.com/products/candy-bar-bundle,2026-08-05,
The Freeze Dried Candy Store,US,thefreezedriedcandystore.com,Chocolatey Peanut Crunch Bars,,candy,85,shopify_shipping_weight,low,10.00,USD,117.65,161.18,yes,catalog_feed,https://thefreezedriedcandystore.com/products/chocolatey-peanut-crunch-bars-snickers®,2026-08-05,
The Freeze Dried Candy Store,US,thefreezedriedcandystore.com,Freeze Dried Chamoy Shell Shocks,,other,113,shopify_shipping_weight,low,10.00,USD,88.50,121.24,yes,catalog_feed,https://thefreezedriedcandystore.com/products/freeze-dried-chamoy-shell-shocks,2026-08-05,
The Freeze Dried Candy Store,US,thefreezedriedcandystore.com,50 Mystery Candy MEGA BOX Surprise!,,candy,,none,none,411.00,USD,,,yes,catalog_feed,https://thefreezedriedcandystore.com/products/50-mystery-candy-mega-box-surprise,2026-08-05,
The Freeze Dried Candy Store,US,thefreezedriedcandystore.com,Assorted Fruits Marshmallows,,candy,62,shopify_shipping_weight,low,10.00,USD,161.29,220.97,yes,catalog_feed,https://thefreezedriedcandystore.com/products/assorted-fruits-marshmallows,2026-08-05,
The Freeze Dried Candy Store,US,thefreezedriedcandystore.com,Crispy Crunchy Treats,,other,57,shopify_shipping_weight,low,10.00,USD,175.44,240.35,yes,catalog_feed,https://thefreezedriedcandystore.com/products/crispy-crunchy-treats,2026-08-05,
The Freeze Dried Candy Store,US,thefreezedriedcandystore.com,Ice Cream,Vanilla,ice_cream,71,shopify_shipping_weight,low,7.00,USD,98.59,135.07,yes,catalog_feed,https://thefreezedriedcandystore.com/products/ice-cream-sandwiches,2026-08-05,
The Freeze Dried Candy Store,US,thefreezedriedcandystore.com,Ice Cream,Neapolitan,ice_cream,71,shopify_shipping_weight,low,7.00,USD,98.59,135.07,yes,catalog_feed,https://thefreezedriedcandystore.com/products/ice-cream-sandwiches,2026-08-05,
The Freeze Dried Candy Store,US,thefreezedriedcandystore.com,Ice Cream,Strawberry Shortcake,ice_cream,,none,none,7.00,USD,,,yes,catalog_feed,https://thefreezedriedcandystore.com/products/ice-cream-sandwiches,2026-08-05,
The Freeze Dried Candy Store,US,thefreezedriedcandystore.com,Chocolatey Caramel Puffs,,candy,57,shopify_shipping_weight,low,10.00,USD,175.44,240.35,yes,catalog_feed,https://thefreezedriedcandystore.com/products/chocolate-caramel-duds-copy,2026-08-05,
The Freeze Dried Candy Store,US,thefreezedriedcandystore.com,Caramel Clouds,,candy,37,shopify_shipping_weight,low,10.00,USD,270.27,370.27,yes,catalog_feed,https://thefreezedriedcandystore.com/products/caramel-clouds-1,2026-08-05,
The Freeze Dried Candy Store,US,thefreezedriedcandystore.com,Chocolate Caramel Duds,,candy,43,shopify_shipping_weight,low,10.00,USD,232.56,318.60,yes,catalog_feed,https://thefreezedriedcandystore.com/products/chocolate-caramel-duds,2026-08-05,
The Freeze Dried Candy Store,US,thefreezedriedcandystore.com,Vanilla Ice Cream Sandwiches,,ice_cream,77,shopify_shipping_weight,low,14.00,USD,181.82,249.09,yes,catalog_feed,https://thefreezedriedcandystore.com/products/vanilla-ice-cream-sandwiches-1,2026-08-05,
The Freeze Dried Candy Store,US,thefreezedriedcandystore.com,Bulk Shell Shocks,Original / 8 LBS,other,3629,variant_title,high,214.00,USD,58.97,80.79,yes,catalog_feed,https://thefreezedriedcandystore.com/products/bulk-shell-shocks,2026-08-05,
The Freeze Dried Candy Store,US,thefreezedriedcandystore.com,Bulk Shell Shocks,Original / 40 LBS,other,18144,variant_title,high,1051.00,USD,57.93,79.36,yes,catalog_feed,https://thefreezedriedcandystore.com/products/bulk-shell-shocks,2026-08-05,
The Freeze Dried Candy Store,US,thefreezedriedcandystore.com,Bulk Shell Shocks,Sour / 8 LBS,other,3629,variant_title,high,214.00,USD,58.97,80.79,yes,catalog_feed,https://thefreezedriedcandystore.com/products/bulk-shell-shocks,2026-08-05,
The Freeze Dried Candy Store,US,thefreezedriedcandystore.com,Bulk Shell Shocks,Sour / 40 LBS,other,18144,variant_title,high,1051.00,USD,57.93,79.36,yes,catalog_feed,https://thefreezedriedcandystore.com/products/bulk-shell-shocks,2026-08-05,
The Freeze Dried Candy Store,US,thefreezedriedcandystore.com,Bulk Shell Shocks,Sour Wild Berry / 8 LBS,other,3629,variant_title,high,214.00,USD,58.97,80.79,yes,catalog_feed,https://thefreezedriedcandystore.com/products/bulk-shell-shocks,2026-08-05,
The Freeze Dried Candy Store,US,thefreezedriedcandystore.com,Bulk Shell Shocks,Sour Wild Berry / 40 LBS,other,18144,variant_title,high,1051.00,USD,57.93,79.36,yes,catalog_feed,https://thefreezedriedcandystore.com/products/bulk-shell-shocks,2026-08-05,
The Freeze Dried Candy Store,US,thefreezedriedcandystore.com,Bulk Shell Shocks,Wild Berry / 8 LBS,other,3629,variant_title,high,214.00,USD,58.97,80.79,yes,catalog_feed,https://thefreezedriedcandystore.com/products/bulk-shell-shocks,2026-08-05,
The Freeze Dried Candy Store,US,thefreezedriedcandystore.com,Bulk Shell Shocks,Wild Berry / 40 LBS,other,18144,variant_title,high,1051.00,USD,57.93,79.36,yes,catalog_feed,https://thefreezedriedcandystore.com/products/bulk-shell-shocks,2026-08-05,
The Freeze Dried Candy Store,US,thefreezedriedcandystore.com,Bulk Shell Shocks,Mash-Up / 8 LBS,other,3629,variant_title,high,214.00,USD,58.97,80.79,yes,catalog_feed,https://thefreezedriedcandystore.com/products/bulk-shell-shocks,2026-08-05,
The Freeze Dried Candy Store,US,thefreezedriedcandystore.com,Bulk Shell Shocks,Mash-Up / 40 LBS,other,18144,variant_title,high,1051.00,USD,57.93,79.36,yes,catalog_feed,https://thefreezedriedcandystore.com/products/bulk-shell-shocks,2026-08-05,
The Freeze Dried Candy Store,US,thefreezedriedcandystore.com,Bulk Mini Crunchers,Original / 11 LBS,other,4990,variant_title,high,345.00,USD,69.14,94.72,yes,catalog_feed,https://thefreezedriedcandystore.com/products/bulk-shell-shocks-copy,2026-08-05,
The Freeze Dried Candy Store,US,thefreezedriedcandystore.com,Bulk Mini Crunchers,Original / 55 LBS,other,24948,variant_title,high,1708.00,USD,68.46,93.79,yes,catalog_feed,https://thefreezedriedcandystore.com/products/bulk-shell-shocks-copy,2026-08-05,
The Freeze Dried Candy Store,US,thefreezedriedcandystore.com,Bulk Mini Crunchers,Sours / 11 LBS,other,4990,variant_title,high,345.00,USD,69.14,94.72,yes,catalog_feed,https://thefreezedriedcandystore.com/products/bulk-shell-shocks-copy,2026-08-05,
The Freeze Dried Candy Store,US,thefreezedriedcandystore.com,Bulk Mini Crunchers,Sours / 55 LBS,other,24948,variant_title,high,1708.00,USD,68.46,93.79,yes,catalog_feed,https://thefreezedriedcandystore.com/products/bulk-shell-shocks-copy,2026-08-05,
The Freeze Dried Candy Store,US,thefreezedriedcandystore.com,Bulk Mini Crunchers,FaveRed / 11 LBS,other,4990,variant_title,high,345.00,USD,69.14,94.72,yes,catalog_feed,https://thefreezedriedcandystore.com/products/bulk-shell-shocks-copy,2026-08-05,
The Freeze Dried Candy Store,US,thefreezedriedcandystore.com,Bulk Mini Crunchers,FaveRed / 55 LBS,other,24948,variant_title,high,1708.00,USD,68.46,93.79,yes,catalog_feed,https://thefreezedriedcandystore.com/products/bulk-shell-shocks-copy,2026-08-05,
The Freeze Dried Candy Store,US,thefreezedriedcandystore.com,Bulk Mini Crunchers,All Pink / 11 LBS,other,4990,variant_title,high,345.00,USD,69.14,94.72,yes,catalog_feed,https://thefreezedriedcandystore.com/products/bulk-shell-shocks-copy,2026-08-05,
The Freeze Dried Candy Store,US,thefreezedriedcandystore.com,Bulk Mini Crunchers,All Pink / 55 LBS,other,24948,variant_title,high,1708.00,USD,68.46,93.79,yes,catalog_feed,https://thefreezedriedcandystore.com/products/bulk-shell-shocks-copy,2026-08-05,
The Freeze Dried Candy Store,US,thefreezedriedcandystore.com,Bulk Candy Sliders,8 LBS,candy,3629,variant_title,high,247.00,USD,68.06,93.25,yes,catalog_feed,https://thefreezedriedcandystore.com/products/bulk-candy-sliders,2026-08-05,
The Freeze Dried Candy Store,US,thefreezedriedcandystore.com,Bulk Candy Sliders,40 LBS,candy,18144,variant_title,high,1215.00,USD,66.96,91.74,yes,catalog_feed,https://thefreezedriedcandystore.com/products/bulk-candy-sliders,2026-08-05,
The Freeze Dried Candy Store,US,thefreezedriedcandystore.com,Bulk Taffy Tongue Bites,9 LBS,candy,4082,variant_title,high,271.00,USD,66.39,90.95,yes,catalog_feed,https://thefreezedriedcandystore.com/products/bulk-airhead-bites,2026-08-05,
The Freeze Dried Candy Store,US,thefreezedriedcandystore.com,Bulk Taffy Tongue Bites,45 LBS,candy,20412,variant_title,high,1174.00,USD,57.52,78.80,yes,catalog_feed,https://thefreezedriedcandystore.com/products/bulk-airhead-bites,2026-08-05,
The Freeze Dried Candy Store,US,thefreezedriedcandystore.com,Bulk Salt Water Taffy,Blue Raspberry / 2 LBS,candy,907,variant_title,high,165.00,USD,181.92,249.23,yes,catalog_feed,https://thefreezedriedcandystore.com/products/bulk-salt-water-taffy,2026-08-05,
The Freeze Dried Candy Store,US,thefreezedriedcandystore.com,Bulk Salt Water Taffy,Blue Raspberry / 10 LBS,candy,4536,variant_title,high,805.00,USD,177.47,243.13,yes,catalog_feed,https://thefreezedriedcandystore.com/products/bulk-salt-water-taffy,2026-08-05,
The Freeze Dried Candy Store,US,thefreezedriedcandystore.com,Bulk Salt Water Taffy,Cotton Candy / 2 LBS,candy,907,variant_title,high,165.00,USD,181.92,249.23,yes,catalog_feed,https://thefreezedriedcandystore.com/products/bulk-salt-water-taffy,2026-08-05,
The Freeze Dried Candy Store,US,thefreezedriedcandystore.com,Bulk Salt Water Taffy,Cotton Candy / 10 LBS,candy,4536,variant_title,high,805.00,USD,177.47,243.13,yes,catalog_feed,https://thefreezedriedcandystore.com/products/bulk-salt-water-taffy,2026-08-05,
The Freeze Dried Candy Store,US,thefreezedriedcandystore.com,Bulk Salt Water Taffy,Orange Vanilla / 2 LBS,candy,907,variant_title,high,165.00,USD,181.92,249.23,yes,catalog_feed,https://thefreezedriedcandystore.com/products/bulk-salt-water-taffy,2026-08-05,
The Freeze Dried Candy Store,US,thefreezedriedcandystore.com,Bulk Salt Water Taffy,Orange Vanilla / 10 LBS,candy,4536,variant_title,high,805.00,USD,177.47,243.13,yes,catalog_feed,https://thefreezedriedcandystore.com/products/bulk-salt-water-taffy,2026-08-05,
The Freeze Dried Candy Store,US,thefreezedriedcandystore.com,Bulk Salt Water Taffy,Watermelon / 2 LBS,candy,907,variant_title,high,165.00,USD,181.92,249.23,yes,catalog_feed,https://thefreezedriedcandystore.com/products/bulk-salt-water-taffy,2026-08-05,
The Freeze Dried Candy Store,US,thefreezedriedcandystore.com,Bulk Salt Water Taffy,Watermelon / 10 LBS,candy,4536,variant_title,high,805.00,USD,177.47,243.13,yes,catalog_feed,https://thefreezedriedcandystore.com/products/bulk-salt-water-taffy,2026-08-05,
The Freeze Dried Candy Store,US,thefreezedriedcandystore.com,Bulk Salt Water Taffy,Red Velvet / 2 LBS,candy,907,variant_title,high,165.00,USD,181.92,249.23,yes,catalog_feed,https://thefreezedriedcandystore.com/products/bulk-salt-water-taffy,2026-08-05,
The Freeze Dried Candy Store,US,thefreezedriedcandystore.com,Bulk Salt Water Taffy,Red Velvet / 10 LBS,candy,4536,variant_title,high,805.00,USD,177.47,243.13,yes,catalog_feed,https://thefreezedriedcandystore.com/products/bulk-salt-water-taffy,2026-08-05,
The Freeze Dried Candy Store,US,thefreezedriedcandystore.com,Bulk Salt Water Taffy,Buttered Popcorn / 2 LBS,candy,907,variant_title,high,165.00,USD,181.92,249.23,yes,catalog_feed,https://thefreezedriedcandystore.com/products/bulk-salt-water-taffy,2026-08-05,
The Freeze Dried Candy Store,US,thefreezedriedcandystore.com,Bulk Salt Water Taffy,Buttered Popcorn / 10 LBS,candy,4536,variant_title,high,805.00,USD,177.47,243.13,yes,catalog_feed,https://thefreezedriedcandystore.com/products/bulk-salt-water-taffy,2026-08-05,
The Freeze Dried Candy Store,US,thefreezedriedcandystore.com,Bulk Salt Water Taffy,Peppermint / 2 LBS,candy,907,variant_title,high,165.00,USD,181.92,249.23,yes,catalog_feed,https://thefreezedriedcandystore.com/products/bulk-salt-water-taffy,2026-08-05,
The Freeze Dried Candy Store,US,thefreezedriedcandystore.com,Bulk Salt Water Taffy,Peppermint / 10 LBS,candy,4536,variant_title,high,805.00,USD,177.47,243.13,yes,catalog_feed,https://thefreezedriedcandystore.com/products/bulk-salt-water-taffy,2026-08-05,
The Freeze Dried Candy Store,US,thefreezedriedcandystore.com,Bulk Salt Water Taffy,Pina Colada / 2 LBS,candy,907,variant_title,high,165.00,USD,181.92,249.23,yes,catalog_feed,https://thefreezedriedcandystore.com/products/bulk-salt-water-taffy,2026-08-05,
The Freeze Dried Candy Store,US,thefreezedriedcandystore.com,Bulk Salt Water Taffy,Pina Colada / 10 LBS,candy,4536,variant_title,high,805.00,USD,177.47,243.13,yes,catalog_feed,https://thefreezedriedcandystore.com/products/bulk-salt-water-taffy,2026-08-05,
The Freeze Dried Candy Store,US,thefreezedriedcandystore.com,Bulk Salt Water Taffy,Salty Pickle / 2 LBS,candy,907,variant_title,high,165.00,USD,181.92,249.23,yes,catalog_feed,https://thefreezedriedcandystore.com/products/bulk-salt-water-taffy,2026-08-05,
The Freeze Dried Candy Store,US,thefreezedriedcandystore.com,Bulk Salt Water Taffy,Salty Pickle / 10 LBS,candy,4536,variant_title,high,805.00,USD,177.47,243.13,yes,catalog_feed,https://thefreezedriedcandystore.com/products/bulk-salt-water-taffy,2026-08-05,
The Freeze Dried Candy Store,US,thefreezedriedcandystore.com,Bulk Salt Water Taffy,Frosted Cupcake / 2 LBS,candy,907,variant_title,high,165.00,USD,181.92,249.23,yes,catalog_feed,https://thefreezedriedcandystore.com/products/bulk-salt-water-taffy,2026-08-05,
The Freeze Dried Candy Store,US,thefreezedriedcandystore.com,Bulk Salt Water Taffy,Frosted Cupcake / 10 LBS,candy,4536,variant_title,high,805.00,USD,177.47,243.13,yes,catalog_feed,https://thefreezedriedcandystore.com/products/bulk-salt-water-taffy,2026-08-05,
The Freeze Dried Candy Store,US,thefreezedriedcandystore.com,Bulk Salt Water Taffy,Chocolate / 2 LBS,candy,907,variant_title,high,165.00,USD,181.92,249.23,yes,catalog_feed,https://thefreezedriedcandystore.com/products/bulk-salt-water-taffy,2026-08-05,
The Freeze Dried Candy Store,US,thefreezedriedcandystore.com,Bulk Salt Water Taffy,Chocolate / 10 LBS,candy,4536,variant_title,high,805.00,USD,177.47,243.13,yes,catalog_feed,https://thefreezedriedcandystore.com/products/bulk-salt-water-taffy,2026-08-05,
The Freeze Dried Candy Store,US,thefreezedriedcandystore.com,Bulk Salt Water Taffy,Strawberry / 2 LBS,candy,907,variant_title,high,165.00,USD,181.92,249.23,yes,catalog_feed,https://thefreezedriedcandystore.com/products/bulk-salt-water-taffy,2026-08-05,
The Freeze Dried Candy Store,US,thefreezedriedcandystore.com,Bulk Salt Water Taffy,Strawberry / 10 LBS,candy,4536,variant_title,high,805.00,USD,177.47,243.13,yes,catalog_feed,https://thefreezedriedcandystore.com/products/bulk-salt-water-taffy,2026-08-05,
The Freeze Dried Candy Store,US,thefreezedriedcandystore.com,Bulk Salt Water Taffy,Strawberry Cheesecake / 2 LBS,candy,907,variant_title,high,165.00,USD,181.92,249.23,yes,catalog_feed,https://thefreezedriedcandystore.com/products/bulk-salt-water-taffy,2026-08-05,
The Freeze Dried Candy Store,US,thefreezedriedcandystore.com,Bulk Salt Water Taffy,Strawberry Cheesecake / 10 LBS,candy,4536,variant_title,high,805.00,USD,177.47,243.13,yes,catalog_feed,https://thefreezedriedcandystore.com/products/bulk-salt-water-taffy,2026-08-05,
The Freeze Dried Candy Store,US,thefreezedriedcandystore.com,Bulk Salt Water Taffy,Root Beer Float / 2 LBS,candy,907,variant_title,high,165.00,USD,181.92,249.23,yes,catalog_feed,https://thefreezedriedcandystore.com/products/bulk-salt-water-taffy,2026-08-05,
The Freeze Dried Candy Store,US,thefreezedriedcandystore.com,Bulk Salt Water Taffy,Root Beer Float / 10 LBS,candy,4536,variant_title,high,805.00,USD,177.47,243.13,yes,catalog_feed,https://thefreezedriedcandystore.com/products/bulk-salt-water-taffy,2026-08-05,
The Freeze Dried Candy Store,US,thefreezedriedcandystore.com,Bulk Salt Water Taffy,Cinnamon / 2 LBS,candy,907,variant_title,high,165.00,USD,181.92,249.23,yes,catalog_feed,https://thefreezedriedcandystore.com/products/bulk-salt-water-taffy,2026-08-05,
The Freeze Dried Candy Store,US,thefreezedriedcandystore.com,Bulk Salt Water Taffy,Cinnamon / 10 LBS,candy,4536,variant_title,high,805.00,USD,177.47,243.13,yes,catalog_feed,https://thefreezedriedcandystore.com/products/bulk-salt-water-taffy,2026-08-05,
The Freeze Dried Candy Store,US,thefreezedriedcandystore.com,Bulk Mini Marshmallows,Original / 3 LBS,candy,1361,variant_title,high,148.00,USD,108.74,148.98,yes,catalog_feed,https://thefreezedriedcandystore.com/products/bulk-mini-marshmallows,2026-08-05,
The Freeze Dried Candy Store,US,thefreezedriedcandystore.com,Bulk Mini Marshmallows,Original / 15 LBS,candy,6804,variant_title,high,723.00,USD,106.26,145.58,yes,catalog_feed,https://thefreezedriedcandystore.com/products/bulk-mini-marshmallows,2026-08-05,
The Freeze Dried Candy Store,US,thefreezedriedcandystore.com,Bulk Mini Marshmallows,Fruity / 3 LBS,candy,1361,variant_title,high,148.00,USD,108.74,148.98,yes,catalog_feed,https://thefreezedriedcandystore.com/products/bulk-mini-marshmallows,2026-08-05,
The Freeze Dried Candy Store,US,thefreezedriedcandystore.com,Bulk Mini Marshmallows,Fruity / 15 LBS,candy,6804,variant_title,high,723.00,USD,106.26,145.58,yes,catalog_feed,https://thefreezedriedcandystore.com/products/bulk-mini-marshmallows,2026-08-05,
The Freeze Dried Candy Store,US,thefreezedriedcandystore.com,Bulk Caramel Apple Pops,3 LBS,candy,1361,variant_title,high,214.00,USD,157.24,215.42,yes,catalog_feed,https://thefreezedriedcandystore.com/products/bulk-caramel-apple-pops,2026-08-05,
The Freeze Dried Candy Store,US,thefreezedriedcandystore.com,Bulk Caramel Apple Pops,15 LBS,candy,6804,variant_title,high,1051.00,USD,154.47,211.62,yes,catalog_feed,https://thefreezedriedcandystore.com/products/bulk-caramel-apple-pops,2026-08-05,
The Freeze Dried Candy Store,US,thefreezedriedcandystore.com,Bulk Sour Gummi Bears,1.5 LBS,candy,680,variant_title,high,148.00,USD,217.65,298.18,yes,catalog_feed,https://thefreezedriedcandystore.com/products/bulk-sour-gummi-bears,2026-08-05,
The Freeze Dried Candy Store,US,thefreezedriedcandystore.com,Bulk Sour Gummi Bears,7.5 LBS,candy,3402,variant_title,high,723.00,USD,212.52,291.16,yes,catalog_feed,https://thefreezedriedcandystore.com/products/bulk-sour-gummi-bears,2026-08-05,
The Freeze Dried Candy Store,US,thefreezedriedcandystore.com,Bulk Sour Gummi Sharks,1.5 LBS,candy,680,variant_title,high,148.00,USD,217.65,298.18,yes,catalog_feed,https://thefreezedriedcandystore.com/products/bulk-sour-gummi-sharks,2026-08-05,
The Freeze Dried Candy Store,US,thefreezedriedcandystore.com,Bulk Sour Gummi Sharks,7.5 LBS,candy,3402,variant_title,high,723.00,USD,212.52,291.16,yes,catalog_feed,https://thefreezedriedcandystore.com/products/bulk-sour-gummi-sharks,2026-08-05,
The Freeze Dried Candy Store,US,thefreezedriedcandystore.com,Bulk Watermelon Gummies,2.5 LBS,candy,1134,variant_title,high,198.00,USD,174.60,239.21,yes,catalog_feed,https://thefreezedriedcandystore.com/products/bulk-watermelon-gummies,2026-08-05,
The Freeze Dried Candy Store,US,thefreezedriedcandystore.com,Bulk Watermelon Gummies,12.5 LBS,candy,5670,variant_title,high,969.00,USD,170.90,234.13,yes,catalog_feed,https://thefreezedriedcandystore.com/products/bulk-watermelon-gummies,2026-08-05,
The Freeze Dried Candy Store,US,thefreezedriedcandystore.com,Bulk Taffy Tongues,3 LBS,candy,1361,variant_title,high,214.00,USD,157.24,215.42,yes,catalog_feed,https://thefreezedriedcandystore.com/products/bulk-taffy-tongues,2026-08-05,
The Freeze Dried Candy Store,US,thefreezedriedcandystore.com,Bulk Taffy Tongues,15 LBS,candy,6804,variant_title,high,1051.00,USD,154.47,211.62,yes,catalog_feed,https://thefreezedriedcandystore.com/products/bulk-taffy-tongues,2026-08-05,
The Freeze Dried Candy Store,US,thefreezedriedcandystore.com,Bulk Berry Clouds,3 LBS,fruit,1361,variant_title,high,206.00,USD,151.36,207.36,yes,catalog_feed,https://thefreezedriedcandystore.com/products/bulk-berry-clouds,2026-08-05,
The Freeze Dried Candy Store,US,thefreezedriedcandystore.com,Bulk Berry Clouds,15 LBS,fruit,6804,variant_title,high,1010.00,USD,148.44,203.37,yes,catalog_feed,https://thefreezedriedcandystore.com/products/bulk-berry-clouds,2026-08-05,
The Freeze Dried Candy Store,US,thefreezedriedcandystore.com,Bulk Worm Puffs,2 LBS,other,907,variant_title,high,165.00,USD,181.92,249.23,yes,catalog_feed,https://thefreezedriedcandystore.com/products/bulk-worm-puffs,2026-08-05,
The Freeze Dried Candy Store,US,thefreezedriedcandystore.com,Bulk Worm Puffs,10 LBS,other,4536,variant_title,high,805.00,USD,177.47,243.13,yes,catalog_feed,https://thefreezedriedcandystore.com/products/bulk-worm-puffs,2026-08-05,
The Freeze Dried Candy Store,US,thefreezedriedcandystore.com,Bulk Peach Rings,Original / 2 LBS,fruit,907,variant_title,high,165.00,USD,181.92,249.23,yes,catalog_feed,https://thefreezedriedcandystore.com/products/bulk-peach-rings,2026-08-05,
The Freeze Dried Candy Store,US,thefreezedriedcandystore.com,Bulk Peach Rings,Original / 10 LBS,fruit,4536,variant_title,high,805.00,USD,177.47,243.13,yes,catalog_feed,https://thefreezedriedcandystore.com/products/bulk-peach-rings,2026-08-05,
The Freeze Dried Candy Store,US,thefreezedriedcandystore.com,Bulk Peach Rings,Blue Raspberry / 2 LBS,fruit,907,variant_title,high,165.00,USD,181.92,249.23,yes,catalog_feed,https://thefreezedriedcandystore.com/products/bulk-peach-rings,2026-08-05,
The Freeze Dried Candy Store,US,thefreezedriedcandystore.com,Bulk Peach Rings,Blue Raspberry / 10 LBS,fruit,4536,variant_title,high,805.00,USD,177.47,243.13,yes,catalog_feed,https://thefreezedriedcandystore.com/products/bulk-peach-rings,2026-08-05,
The Freeze Dried Candy Store,US,thefreezedriedcandystore.com,Bulk Peach Rings,Green Apple / 2 LBS,fruit,907,variant_title,high,165.00,USD,181.92,249.23,yes,catalog_feed,https://thefreezedriedcandystore.com/products/bulk-peach-rings,2026-08-05,
The Freeze Dried Candy Store,US,thefreezedriedcandystore.com,Bulk Peach Rings,Green Apple / 10 LBS,fruit,4536,variant_title,high,805.00,USD,177.47,243.13,yes,catalog_feed,https://thefreezedriedcandystore.com/products/bulk-peach-rings,2026-08-05,
The Freeze Dried Candy Store,US,thefreezedriedcandystore.com,Bulk Peach Rings,Watermelon / 2 LBS,fruit,907,variant_title,high,165.00,USD,181.92,249.23,yes,catalog_feed,https://thefreezedriedcandystore.com/products/bulk-peach-rings,2026-08-05,
The Freeze Dried Candy Store,US,thefreezedriedcandystore.com,Bulk Peach Rings,Watermelon / 10 LBS,fruit,4536,variant_title,high,805.00,USD,177.47,243.13,yes,catalog_feed,https://thefreezedriedcandystore.com/products/bulk-peach-rings,2026-08-05,
The Freeze Dried Candy Store,US,thefreezedriedcandystore.com,Crunchy Fruity Rolls,,fruit,57,shopify_shipping_weight,low,10.00,USD,175.44,240.35,yes,catalog_feed,https://thefreezedriedcandystore.com/products/crunchy-fruity-rolls,2026-08-05,
The Freeze Dried Candy Store,US,thefreezedriedcandystore.com,1 LB Shell Shocks,1 LB / Original,candy,454,variant_title,high,25.00,USD,55.07,75.44,yes,catalog_feed,https://thefreezedriedcandystore.com/products/1-lb-shell-shocks,2026-08-05,
The Freeze Dried Candy Store,US,thefreezedriedcandystore.com,1 LB Shell Shocks,1 LB / Sour,candy,454,variant_title,high,25.00,USD,55.07,75.44,yes,catalog_feed,https://thefreezedriedcandystore.com/products/1-lb-shell-shocks,2026-08-05,
The Freeze Dried Candy Store,US,thefreezedriedcandystore.com,1 LB Shell Shocks,1 LB / Wild Berry,candy,454,variant_title,high,25.00,USD,55.07,75.44,yes,catalog_feed,https://thefreezedriedcandystore.com/products/1-lb-shell-shocks,2026-08-05,
The Freeze Dried Candy Store,US,thefreezedriedcandystore.com,1 LB Shell Shocks,8 LB / Original,candy,3629,variant_title,high,165.00,USD,45.47,62.29,yes,catalog_feed,https://thefreezedriedcandystore.com/products/1-lb-shell-shocks,2026-08-05,
The Freeze Dried Candy Store,US,thefreezedriedcandystore.com,1 LB Shell Shocks,8 LB / Sour,candy,3629,variant_title,high,165.00,USD,45.47,62.29,yes,catalog_feed,https://thefreezedriedcandystore.com/products/1-lb-shell-shocks,2026-08-05,
The Freeze Dried Candy Store,US,thefreezedriedcandystore.com,1 LB Shell Shocks,8 LB / Wild Berry,candy,3629,variant_title,high,165.00,USD,45.47,62.29,yes,catalog_feed,https://thefreezedriedcandystore.com/products/1-lb-shell-shocks,2026-08-05,
The Freeze Dried Candy Store,US,thefreezedriedcandystore.com,Novelty Bundle - 6 bags,,candy,312,shopify_shipping_weight,low,58.00,USD,185.90,254.68,yes,catalog_feed,https://thefreezedriedcandystore.com/products/freeze-dried-novelty-bundle,2026-08-05,
The Freeze Dried Candy Store,US,thefreezedriedcandystore.com,Crunchy Bundle - 6 bags,,candy,312,shopify_shipping_weight,low,58.00,USD,185.90,254.68,yes,catalog_feed,https://thefreezedriedcandystore.com/products/freeze-dried-crunchy-bundle,2026-08-05,
The Freeze Dried Candy Store,US,thefreezedriedcandystore.com,Sour Bundle - 6 bags,,candy,198,shopify_shipping_weight,low,58.00,USD,292.93,401.31,yes,catalog_feed,https://thefreezedriedcandystore.com/products/freeze-dried-sour-bundle,2026-08-05,
The Freeze Dried Candy Store,US,thefreezedriedcandystore.com,Mini Crunchers Bundle - 6 bags,,candy,340,shopify_shipping_weight,low,58.00,USD,170.59,233.71,yes,catalog_feed,https://thefreezedriedcandystore.com/products/freeze-dried-shell-shocks-bundle-copy,2026-08-05,
The Freeze Dried Candy Store,US,thefreezedriedcandystore.com,Mystery Freeze Dried Candy,,candy,85,shopify_shipping_weight,low,10.00,USD,117.65,161.18,yes,catalog_feed,https://thefreezedriedcandystore.com/products/mystery-freeze-dried-candy,2026-08-05,
The Freeze Dried Candy Store,US,thefreezedriedcandystore.com,Taffy Tongues,Fruity,candy,57,shopify_shipping_weight,low,10.00,USD,175.44,240.35,yes,catalog_feed,https://thefreezedriedcandystore.com/products/taffy-tounges,2026-08-05,
The Freeze Dried Candy Store,US,thefreezedriedcandystore.com,Taffy Tongues,Sour,candy,57,shopify_shipping_weight,low,10.00,USD,175.44,240.35,yes,catalog_feed,https://thefreezedriedcandystore.com/products/taffy-tounges,2026-08-05,
The Freeze Dried Candy Store,US,thefreezedriedcandystore.com,Sour Gummi Bears,,candy,48,shopify_shipping_weight,low,10.00,USD,208.33,285.42,yes,catalog_feed,https://thefreezedriedcandystore.com/products/sour-gummi-bears,2026-08-05,
The Freeze Dried Candy Store,US,thefreezedriedcandystore.com,Original Peach Rings,,fruit,48,shopify_shipping_weight,low,10.00,USD,208.33,285.42,yes,catalog_feed,https://thefreezedriedcandystore.com/products/original-peach-rings,2026-08-05,
The Freeze Dried Candy Store,US,thefreezedriedcandystore.com,Blue Raspberry Peach Rings,,fruit,48,shopify_shipping_weight,low,10.00,USD,208.33,285.42,yes,catalog_feed,https://thefreezedriedcandystore.com/products/blue-raspberry-peach-rings,2026-08-05,
The Freeze Dried Candy Store,US,thefreezedriedcandystore.com,Watermelon Peach Rings,,fruit,48,shopify_shipping_weight,low,10.00,USD,208.33,285.42,yes,catalog_feed,https://thefreezedriedcandystore.com/products/watermelon-peach-rings,2026-08-05,
The Freeze Dried Candy Store,US,thefreezedriedcandystore.com,Green Apple Peach Rings,,fruit,45,shopify_shipping_weight,low,10.00,USD,222.22,304.44,yes,catalog_feed,https://thefreezedriedcandystore.com/products/green-apple-peach-rings,2026-08-05,
The Freeze Dried Candy Store,US,thefreezedriedcandystore.com,Shell Shocks,Original,other,65,shopify_shipping_weight,low,10.00,USD,153.85,210.77,yes,catalog_feed,https://thefreezedriedcandystore.com/products/wild-berry-shell-shocks-2-oz-1,2026-08-05,
The Freeze Dried Candy Store,US,thefreezedriedcandystore.com,Shell Shocks,Sour,other,65,shopify_shipping_weight,low,10.00,USD,153.85,210.77,yes,catalog_feed,https://thefreezedriedcandystore.com/products/wild-berry-shell-shocks-2-oz-1,2026-08-05,
The Freeze Dried Candy Store,US,thefreezedriedcandystore.com,Shell Shocks,Wild Berry,other,65,shopify_shipping_weight,low,10.00,USD,153.85,210.77,yes,catalog_feed,https://thefreezedriedcandystore.com/products/wild-berry-shell-shocks-2-oz-1,2026-08-05,
The Freeze Dried Candy Store,US,thefreezedriedcandystore.com,Shell Shocks,Mashup,other,65,shopify_shipping_weight,low,10.00,USD,153.85,210.77,yes,catalog_feed,https://thefreezedriedcandystore.com/products/wild-berry-shell-shocks-2-oz-1,2026-08-05,
The Freeze Dried Candy Store,US,thefreezedriedcandystore.com,All Pink Mini Crunchers,All Pink / Personal,candy,91,shopify_shipping_weight,low,10.00,USD,109.89,150.55,yes,catalog_feed,https://thefreezedriedcandystore.com/products/all-pink-mini-crunchers,2026-08-05,
The Freeze Dried Candy Store,US,thefreezedriedcandystore.com,All Pink Mini Crunchers,All Pink / Share,candy,264,shopify_shipping_weight,low,12.00,USD,45.45,62.27,yes,catalog_feed,https://thefreezedriedcandystore.com/products/all-pink-mini-crunchers,2026-08-05,
The Freeze Dried Candy Store,US,thefreezedriedcandystore.com,FaveReds Mini Crunchers,Personal,candy,94,shopify_shipping_weight,low,10.00,USD,106.38,145.74,yes,catalog_feed,https://thefreezedriedcandystore.com/products/favereds-mini-crunchers,2026-08-05,
The Freeze Dried Candy Store,US,thefreezedriedcandystore.com,FaveReds Mini Crunchers,Share,candy,264,shopify_shipping_weight,low,12.00,USD,45.45,62.27,yes,catalog_feed,https://thefreezedriedcandystore.com/products/favereds-mini-crunchers,2026-08-05,
The Freeze Dried Candy Store,US,thefreezedriedcandystore.com,Original Mini Crunchers,Personal,candy,91,shopify_shipping_weight,low,10.00,USD,109.89,150.55,yes,catalog_feed,https://thefreezedriedcandystore.com/products/original-mini-crunchers,2026-08-05,
The Freeze Dried Candy Store,US,thefreezedriedcandystore.com,Original Mini Crunchers,Share,candy,264,shopify_shipping_weight,low,12.00,USD,45.45,62.27,yes,catalog_feed,https://thefreezedriedcandystore.com/products/original-mini-crunchers,2026-08-05,
The Freeze Dried Candy Store,US,thefreezedriedcandystore.com,Mini Crunchers Sours,Personal,candy,91,shopify_shipping_weight,low,10.00,USD,109.89,150.55,yes,catalog_feed,https://thefreezedriedcandystore.com/products/mini-crunchers-sours-1,2026-08-05,
The Freeze Dried Candy Store,US,thefreezedriedcandystore.com,Mini Crunchers Sours,Share,candy,264,shopify_shipping_weight,low,12.00,USD,45.45,62.27,yes,catalog_feed,https://thefreezedriedcandystore.com/products/mini-crunchers-sours-1,2026-08-05,
The Freeze Dried Candy Store,US,thefreezedriedcandystore.com,Original Shell Shocks,Personal (2oz),candy,57,variant_title,high,6.00,USD,105.26,144.21,yes,catalog_feed,https://thefreezedriedcandystore.com/products/original-shell-shocks-2,2026-08-05,
The Freeze Dried Candy Store,US,thefreezedriedcandystore.com,Original Shell Shocks,Share (4 oz),candy,113,variant_title,high,10.00,USD,88.50,121.24,yes,catalog_feed,https://thefreezedriedcandystore.com/products/original-shell-shocks-2,2026-08-05,
The Freeze Dried Candy Store,US,thefreezedriedcandystore.com,Original Shell Shocks,Party (6 oz),candy,170,variant_title,high,17.00,USD,100.00,137.00,yes,catalog_feed,https://thefreezedriedcandystore.com/products/original-shell-shocks-2,2026-08-05,
The Freeze Dried Candy Store,US,thefreezedriedcandystore.com,Mash Up Shell Shocks,Personal,candy,65,shopify_shipping_weight,low,6.00,USD,92.31,126.46,yes,catalog_feed,https://thefreezedriedcandystore.com/products/mash-up-shell-shocks-1,2026-08-05,
The Freeze Dried Candy Store,US,thefreezedriedcandystore.com,Mash Up Shell Shocks,Share,candy,122,shopify_shipping_weight,low,10.00,USD,81.97,112.30,yes,catalog_feed,https://thefreezedriedcandystore.com/products/mash-up-shell-shocks-1,2026-08-05,
The Freeze Dried Candy Store,US,thefreezedriedcandystore.com,Mash Up Shell Shocks,Party,candy,179,shopify_shipping_weight,low,17.00,USD,94.97,130.11,yes,catalog_feed,https://thefreezedriedcandystore.com/products/mash-up-shell-shocks-1,2026-08-05,
The Freeze Dried Candy Store,US,thefreezedriedcandystore.com,Wild Berry Shell Shocks,Personal,fruit,65,shopify_shipping_weight,low,6.00,USD,92.31,126.46,yes,catalog_feed,https://thefreezedriedcandystore.com/products/wild-berry-shell-shocks-2,2026-08-05,
The Freeze Dried Candy Store,US,thefreezedriedcandystore.com,Wild Berry Shell Shocks,Share,fruit,122,shopify_shipping_weight,low,10.00,USD,81.97,112.30,yes,catalog_feed,https://thefreezedriedcandystore.com/products/wild-berry-shell-shocks-2,2026-08-05,
The Freeze Dried Candy Store,US,thefreezedriedcandystore.com,Wild Berry Shell Shocks,Party,fruit,179,shopify_shipping_weight,low,17.00,USD,94.97,130.11,yes,catalog_feed,https://thefreezedriedcandystore.com/products/wild-berry-shell-shocks-2,2026-08-05,
The Freeze Dried Candy Store,US,thefreezedriedcandystore.com,Sour Shell Shocks,Personal,candy,65,shopify_shipping_weight,low,6.00,USD,92.31,126.46,yes,catalog_feed,https://thefreezedriedcandystore.com/products/sour-shell-shocks-3,2026-08-05,
The Freeze Dried Candy Store,US,thefreezedriedcandystore.com,Sour Shell Shocks,Share,candy,122,shopify_shipping_weight,low,10.00,USD,81.97,112.30,yes,catalog_feed,https://thefreezedriedcandystore.com/products/sour-shell-shocks-3,2026-08-05,
The Freeze Dried Candy Store,US,thefreezedriedcandystore.com,Sour Shell Shocks,Party,candy,179,shopify_shipping_weight,low,17.00,USD,94.97,130.11,yes,catalog_feed,https://thefreezedriedcandystore.com/products/sour-shell-shocks-3,2026-08-05,
The Freeze Dried Candy Store,US,thefreezedriedcandystore.com,Massive Gummy Bear,,candy,2155,shopify_shipping_weight,low,165.00,USD,76.57,104.90,yes,catalog_feed,https://thefreezedriedcandystore.com/products/massive-gummy-bear,2026-08-05,
The Freeze Dried Candy Store,US,thefreezedriedcandystore.com,PB&J Salt Water Taffy,,candy,43,shopify_shipping_weight,low,10.00,USD,232.56,318.60,yes,catalog_feed,https://thefreezedriedcandystore.com/products/pb-j-salt-water-taffy,2026-08-05,
The Freeze Dried Candy Store,US,thefreezedriedcandystore.com,Red Velvet Salt Water Taffy,,candy,48,shopify_shipping_weight,low,10.00,USD,208.33,285.42,yes,catalog_feed,https://thefreezedriedcandystore.com/products/red-velvet-salt-water-taffy,2026-08-05,
The Freeze Dried Candy Store,US,thefreezedriedcandystore.com,Buttered Popcorn Salt Water Taffy,,candy,48,shopify_shipping_weight,low,10.00,USD,208.33,285.42,yes,catalog_feed,https://thefreezedriedcandystore.com/products/buttered-popcorn-salt-water-taffy,2026-08-05,
The Freeze Dried Candy Store,US,thefreezedriedcandystore.com,Peaches and Cream Salt Water Taffy,,candy,48,shopify_shipping_weight,low,10.00,USD,208.33,285.42,yes,catalog_feed,https://thefreezedriedcandystore.com/products/peaches-and-cream-salt-water-taffy,2026-08-05,
The Freeze Dried Candy Store,US,thefreezedriedcandystore.com,Cherry Salt Water Taffy,,candy,48,shopify_shipping_weight,low,10.00,USD,208.33,285.42,yes,catalog_feed,https://thefreezedriedcandystore.com/products/cherry-salt-water-taffy,2026-08-05,
The Freeze Dried Candy Store,US,thefreezedriedcandystore.com,Shell-Shocks Bundles - 6 bags,2 OZ (15 bags),candy,855,variant_title_x15,medium,83.00,USD,97.08,132.99,yes,catalog_feed,https://thefreezedriedcandystore.com/products/freeze-dried-shell-shocks-bundle-1,2026-08-05,
The Freeze Dried Candy Store,US,thefreezedriedcandystore.com,Shell-Shocks Bundles - 6 bags,4 OZ (6 bags),candy,678,variant_title_x6,medium,58.00,USD,85.55,117.20,yes,catalog_feed,https://thefreezedriedcandystore.com/products/freeze-dried-shell-shocks-bundle-1,2026-08-05,
The Freeze Dried Candy Store,US,thefreezedriedcandystore.com,Shell-Shocks Bundles - 6 bags,6 OZ (6 bags),candy,1020,variant_title_x6,medium,91.00,USD,89.22,122.23,yes,catalog_feed,https://thefreezedriedcandystore.com/products/freeze-dried-shell-shocks-bundle-1,2026-08-05,
The Freeze Dried Candy Store,US,thefreezedriedcandystore.com,Minty Sliders,,candy,85,shopify_shipping_weight,low,5.00,USD,58.82,80.59,yes,catalog_feed,https://thefreezedriedcandystore.com/products/minty-sliders,2026-08-05,
The Freeze Dried Candy Store,US,thefreezedriedcandystore.com,The Frizzy Combo,Sprite / Strawberry,other,567,shopify_shipping_weight,low,25.00,USD,44.09,60.41,yes,catalog_feed,https://thefreezedriedcandystore.com/products/the-frizzy-combo,2026-08-05,
The Freeze Dried Candy Store,US,thefreezedriedcandystore.com,The Frizzy Combo,Sprite / Watermelon,other,567,shopify_shipping_weight,low,25.00,USD,44.09,60.41,yes,catalog_feed,https://thefreezedriedcandystore.com/products/the-frizzy-combo,2026-08-05,
The Freeze Dried Candy Store,US,thefreezedriedcandystore.com,The Frizzy Combo,Sprite / Blue Raz,other,567,shopify_shipping_weight,low,25.00,USD,44.09,60.41,yes,catalog_feed,https://thefreezedriedcandystore.com/products/the-frizzy-combo,2026-08-05,
The Freeze Dried Candy Store,US,thefreezedriedcandystore.com,The Frizzy Combo,Sprite / Cotton Candy,other,567,shopify_shipping_weight,low,25.00,USD,44.09,60.41,yes,catalog_feed,https://thefreezedriedcandystore.com/products/the-frizzy-combo,2026-08-05,
The Freeze Dried Candy Store,US,thefreezedriedcandystore.com,The Frizzy Combo,Sprite / Orange Cream,other,567,shopify_shipping_weight,low,25.00,USD,44.09,60.41,yes,catalog_feed,https://thefreezedriedcandystore.com/products/the-frizzy-combo,2026-08-05,
The Freeze Dried Candy Store,US,thefreezedriedcandystore.com,The Frizzy Combo,Sprite / Blueberry,other,567,shopify_shipping_weight,low,25.00,USD,44.09,60.41,yes,catalog_feed,https://thefreezedriedcandystore.com/products/the-frizzy-combo,2026-08-05,
The Freeze Dried Candy Store,US,thefreezedriedcandystore.com,The Frizzy Combo,Sprite / Frosted Cupcake,other,567,shopify_shipping_weight,low,25.00,USD,44.09,60.41,yes,catalog_feed,https://thefreezedriedcandystore.com/products/the-frizzy-combo,2026-08-05,
The Freeze Dried Candy Store,US,thefreezedriedcandystore.com,The Frizzy Combo,Sprite / Salt Pickle,other,567,shopify_shipping_weight,low,25.00,USD,44.09,60.41,yes,catalog_feed,https://thefreezedriedcandystore.com/products/the-frizzy-combo,2026-08-05,
The Freeze Dried Candy Store,US,thefreezedriedcandystore.com,The Frizzy Combo,Sprite / Peppermint,other,567,shopify_shipping_weight,low,25.00,USD,44.09,60.41,yes,catalog_feed,https://thefreezedriedcandystore.com/products/the-frizzy-combo,2026-08-05,
The Freeze Dried Candy Store,US,thefreezedriedcandystore.com,The Frizzy Combo,Sprite / S'Mores,other,567,shopify_shipping_weight,low,25.00,USD,44.09,60.41,yes,catalog_feed,https://thefreezedriedcandystore.com/products/the-frizzy-combo,2026-08-05,
The Freeze Dried Candy Store,US,thefreezedriedcandystore.com,The Frizzy Combo,Sprite / Chocolate Chip Cookie,other,567,shopify_shipping_weight,low,25.00,USD,44.09,60.41,yes,catalog_feed,https://thefreezedriedcandystore.com/products/the-frizzy-combo,2026-08-05,
The Freeze Dried Candy Store,US,thefreezedriedcandystore.com,The Frizzy Combo,Sprite / Cinnamon Roll,other,567,shopify_shipping_weight,low,25.00,USD,44.09,60.41,yes,catalog_feed,https://thefreezedriedcandystore.com/products/the-frizzy-combo,2026-08-05,
The Freeze Dried Candy Store,US,thefreezedriedcandystore.com,The Frizzy Combo,Sprite / Root Beer Float,other,567,shopify_shipping_weight,low,25.00,USD,44.09,60.41,yes,catalog_feed,https://thefreezedriedcandystore.com/products/the-frizzy-combo,2026-08-05,
The Freeze Dried Candy Store,US,thefreezedriedcandystore.com,The Frizzy Combo,Sprite / Pina Colada,other,567,shopify_shipping_weight,low,25.00,USD,44.09,60.41,yes,catalog_feed,https://thefreezedriedcandystore.com/products/the-frizzy-combo,2026-08-05,
The Freeze Dried Candy Store,US,thefreezedriedcandystore.com,The Frizzy Combo,Sprite / Cookies and Cream,other,567,shopify_shipping_weight,low,25.00,USD,44.09,60.41,yes,catalog_feed,https://thefreezedriedcandystore.com/products/the-frizzy-combo,2026-08-05,
The Freeze Dried Candy Store,US,thefreezedriedcandystore.com,The Frizzy Combo,Sprite / Strawberry Cheesecake,other,567,shopify_shipping_weight,low,25.00,USD,44.09,60.41,yes,catalog_feed,https://thefreezedriedcandystore.com/products/the-frizzy-combo,2026-08-05,
The Freeze Dried Candy Store,US,thefreezedriedcandystore.com,The Frizzy Combo,Lemonade / Strawberry,other,567,shopify_shipping_weight,low,25.00,USD,44.09,60.41,yes,catalog_feed,https://thefreezedriedcandystore.com/products/the-frizzy-combo,2026-08-05,
The Freeze Dried Candy Store,US,thefreezedriedcandystore.com,The Frizzy Combo,Lemonade / Watermelon,other,567,shopify_shipping_weight,low,25.00,USD,44.09,60.41,yes,catalog_feed,https://thefreezedriedcandystore.com/products/the-frizzy-combo,2026-08-05,
The Freeze Dried Candy Store,US,thefreezedriedcandystore.com,The Frizzy Combo,Lemonade / Blue Raz,other,567,shopify_shipping_weight,low,25.00,USD,44.09,60.41,yes,catalog_feed,https://thefreezedriedcandystore.com/products/the-frizzy-combo,2026-08-05,
The Freeze Dried Candy Store,US,thefreezedriedcandystore.com,The Frizzy Combo,Lemonade / Cotton Candy,other,567,shopify_shipping_weight,low,25.00,USD,44.09,60.41,yes,catalog_feed,https://thefreezedriedcandystore.com/products/the-frizzy-combo,2026-08-05,
The Freeze Dried Candy Store,US,thefreezedriedcandystore.com,The Frizzy Combo,Lemonade / Orange Cream,other,567,shopify_shipping_weight,low,25.00,USD,44.09,60.41,yes,catalog_feed,https://thefreezedriedcandystore.com/products/the-frizzy-combo,2026-08-05,
The Freeze Dried Candy Store,US,thefreezedriedcandystore.com,The Frizzy Combo,Lemonade / Blueberry,other,567,shopify_shipping_weight,low,25.00,USD,44.09,60.41,yes,catalog_feed,https://thefreezedriedcandystore.com/products/the-frizzy-combo,2026-08-05,
The Freeze Dried Candy Store,US,thefreezedriedcandystore.com,The Frizzy Combo,Lemonade / Frosted Cupcake,other,567,shopify_shipping_weight,low,25.00,USD,44.09,60.41,yes,catalog_feed,https://thefreezedriedcandystore.com/products/the-frizzy-combo,2026-08-05,
The Freeze Dried Candy Store,US,thefreezedriedcandystore.com,The Frizzy Combo,Lemonade / Salt Pickle,other,567,shopify_shipping_weight,low,25.00,USD,44.09,60.41,yes,catalog_feed,https://thefreezedriedcandystore.com/products/the-frizzy-combo,2026-08-05,
The Freeze Dried Candy Store,US,thefreezedriedcandystore.com,The Frizzy Combo,Lemonade / Peppermint,other,567,shopify_shipping_weight,low,25.00,USD,44.09,60.41,yes,catalog_feed,https://thefreezedriedcandystore.com/products/the-frizzy-combo,2026-08-05,
The Freeze Dried Candy Store,US,thefreezedriedcandystore.com,The Frizzy Combo,Lemonade / S'Mores,other,567,shopify_shipping_weight,low,25.00,USD,44.09,60.41,yes,catalog_feed,https://thefreezedriedcandystore.com/products/the-frizzy-combo,2026-08-05,
The Freeze Dried Candy Store,US,thefreezedriedcandystore.com,The Frizzy Combo,Lemonade / Chocolate Chip Cookie,other,567,shopify_shipping_weight,low,25.00,USD,44.09,60.41,yes,catalog_feed,https://thefreezedriedcandystore.com/products/the-frizzy-combo,2026-08-05,
The Freeze Dried Candy Store,US,thefreezedriedcandystore.com,The Frizzy Combo,Lemonade / Cinnamon Roll,other,567,shopify_shipping_weight,low,25.00,USD,44.09,60.41,yes,catalog_feed,https://thefreezedriedcandystore.com/products/the-frizzy-combo,2026-08-05,
The Freeze Dried Candy Store,US,thefreezedriedcandystore.com,The Frizzy Combo,Lemonade / Root Beer Float,other,567,shopify_shipping_weight,low,25.00,USD,44.09,60.41,yes,catalog_feed,https://thefreezedriedcandystore.com/products/the-frizzy-combo,2026-08-05,
The Freeze Dried Candy Store,US,thefreezedriedcandystore.com,The Frizzy Combo,Lemonade / Pina Colada,other,567,shopify_shipping_weight,low,25.00,USD,44.09,60.41,yes,catalog_feed,https://thefreezedriedcandystore.com/products/the-frizzy-combo,2026-08-05,
The Freeze Dried Candy Store,US,thefreezedriedcandystore.com,The Frizzy Combo,Lemonade / Cookies and Cream,other,567,shopify_shipping_weight,low,25.00,USD,44.09,60.41,yes,catalog_feed,https://thefreezedriedcandystore.com/products/the-frizzy-combo,2026-08-05,
The Freeze Dried Candy Store,US,thefreezedriedcandystore.com,The Frizzy Combo,Lemonade / Strawberry Cheesecake,other,567,shopify_shipping_weight,low,25.00,USD,44.09,60.41,yes,catalog_feed,https://thefreezedriedcandystore.com/products/the-frizzy-combo,2026-08-05,
The Freeze Dried Candy Store,US,thefreezedriedcandystore.com,Freeze Dried Gummi Bears,,candy,40,shopify_shipping_weight,low,10.00,USD,250.00,342.50,yes,catalog_feed,https://thefreezedriedcandystore.com/products/freeze-dried-gummi-bears,2026-08-05,
The Freeze Dried Candy Store,US,thefreezedriedcandystore.com,Freeze Dried Gummi Sharks,,candy,28,shopify_shipping_weight,low,10.00,USD,357.14,489.29,yes,catalog_feed,https://thefreezedriedcandystore.com/products/freeze-dried-gummi-sharks,2026-08-05,
The Freeze Dried Candy Store,US,thefreezedriedcandystore.com,Assorted Fruity Rolls,,fruit,51,shopify_shipping_weight,low,10.00,USD,196.08,268.63,yes,catalog_feed,https://thefreezedriedcandystore.com/products/assorted-fruity-rolls,2026-08-05,
The Freeze Dried Candy Store,US,thefreezedriedcandystore.com,Freeze Dried Gummy Bundle,,candy,96,shopify_shipping_weight,low,58.00,USD,,,yes,catalog_feed,https://thefreezedriedcandystore.com/products/crunchy-clusters-bundle,2026-08-05,implausible_from_shipping_weight(604)
The Freeze Dried Candy Store,US,thefreezedriedcandystore.com,Best Sellers Bundle - 6 bags,,other,340,shopify_shipping_weight,low,58.00,USD,170.59,233.71,yes,catalog_feed,https://thefreezedriedcandystore.com/products/best-sellers-bundle,2026-08-05,
The Freeze Dried Candy Store,US,thefreezedriedcandystore.com,Pina Colada Salt Water Taffy,,candy,45,shopify_shipping_weight,low,10.00,USD,222.22,304.44,yes,catalog_feed,https://thefreezedriedcandystore.com/products/pina-colada-salt-water-taffy,2026-08-05,
The Freeze Dried Candy Store,US,thefreezedriedcandystore.com,Large Cream Pie Sandwiches,,other,142,shopify_shipping_weight,low,10.00,USD,70.42,96.48,yes,catalog_feed,https://thefreezedriedcandystore.com/products/large-cream-pie-sandwiches,2026-08-05,
The Freeze Dried Candy Store,US,thefreezedriedcandystore.com,Cosmic Crunch,,candy,62,shopify_shipping_weight,low,10.00,USD,161.29,220.97,yes,catalog_feed,https://thefreezedriedcandystore.com/products/cosmic-crunch,2026-08-05,
The Freeze Dried Candy Store,US,thefreezedriedcandystore.com,Chocolate Rolls,,candy,62,shopify_shipping_weight,low,10.00,USD,161.29,220.97,yes,catalog_feed,https://thefreezedriedcandystore.com/products/chocolate-rolls,2026-08-05,
The Freeze Dried Candy Store,US,thefreezedriedcandystore.com,Root Beer Float Salt Water Taffy,,candy,45,shopify_shipping_weight,low,10.00,USD,222.22,304.44,yes,catalog_feed,https://thefreezedriedcandystore.com/products/root-beer-float-salt-water-taffy,2026-08-05,
The Freeze Dried Candy Store,US,thefreezedriedcandystore.com,EXTREME SOUR PUFFS!!!,,candy,23,shopify_shipping_weight,low,10.00,USD,434.78,595.65,yes,catalog_feed,https://thefreezedriedcandystore.com/products/extreme-sour-puffs,2026-08-05,
The Freeze Dried Candy Store,US,thefreezedriedcandystore.com,Strawberry Puffs,,fruit,48,shopify_shipping_weight,low,5.00,USD,104.17,142.71,yes,catalog_feed,https://thefreezedriedcandystore.com/products/strawberry-puffs,2026-08-05,
The Freeze Dried Candy Store,US,thefreezedriedcandystore.com,Pickle Salt Water Taffy,,candy,45,shopify_shipping_weight,low,10.00,USD,222.22,304.44,yes,catalog_feed,https://thefreezedriedcandystore.com/products/pickle-salt-water-taffy,2026-08-05,
The Freeze Dried Candy Store,US,thefreezedriedcandystore.com,Berry Clouds,,fruit,48,shopify_shipping_weight,low,5.00,USD,104.17,142.71,yes,catalog_feed,https://thefreezedriedcandystore.com/products/berry-clouds,2026-08-05,
The Freeze Dried Candy Store,US,thefreezedriedcandystore.com,Frosted Cupcake Salt Water Taffy,,candy,48,shopify_shipping_weight,low,5.00,USD,104.17,142.71,yes,catalog_feed,https://thefreezedriedcandystore.com/products/frosted-cupcake-salt-water-taffy,2026-08-05,
The Freeze Dried Candy Store,US,thefreezedriedcandystore.com,Peach Rings Bundle - 6 bags,,fruit,193,shopify_shipping_weight,low,58.00,USD,300.52,411.71,yes,catalog_feed,https://thefreezedriedcandystore.com/products/peach-rings-bundle,2026-08-05,
The Freeze Dried Candy Store,US,thefreezedriedcandystore.com,Salt Water Taffy Bundle - 6 bags,,candy,193,shopify_shipping_weight,low,58.00,USD,300.52,411.71,yes,catalog_feed,https://thefreezedriedcandystore.com/products/salt-water-taffy-bundle,2026-08-05,
The Freeze Dried Candy Store,US,thefreezedriedcandystore.com,Orange Vanilla Salt Water Taffy,,candy,48,shopify_shipping_weight,low,10.00,USD,208.33,285.42,yes,catalog_feed,https://thefreezedriedcandystore.com/products/orange-vanilla-salt-water-taffy,2026-08-05,
The Freeze Dried Candy Store,US,thefreezedriedcandystore.com,Sweet N' Tangy Bites,,candy,48,shopify_shipping_weight,low,10.00,USD,208.33,285.42,yes,catalog_feed,https://thefreezedriedcandystore.com/products/sweet-n-tangy-bites-sweet-tarts,2026-08-05,
The Freeze Dried Candy Store,US,thefreezedriedcandystore.com,Watermelon Salt Water Taffy,,candy,48,shopify_shipping_weight,low,10.00,USD,208.33,285.42,yes,catalog_feed,https://thefreezedriedcandystore.com/products/watermelon-salt-water-taffy,2026-08-05,
The Freeze Dried Candy Store,US,thefreezedriedcandystore.com,Original Marshmallows,,candy,57,shopify_shipping_weight,low,10.00,USD,175.44,240.35,yes,catalog_feed,https://thefreezedriedcandystore.com/products/original-marshmallows,2026-08-05,
The Freeze Dried Candy Store,US,thefreezedriedcandystore.com,Original Taffy Tongue Bites,2 oz,candy,57,variant_title,high,9.00,USD,157.89,216.32,yes,catalog_feed,https://thefreezedriedcandystore.com/products/original-taffy-tounges-bites,2026-08-05,
The Freeze Dried Candy Store,US,thefreezedriedcandystore.com,Original Taffy Tongue Bites,4 oz,candy,113,variant_title,high,10.00,USD,88.50,121.24,yes,catalog_feed,https://thefreezedriedcandystore.com/products/original-taffy-tounges-bites,2026-08-05,
The Freeze Dried Candy Store,US,thefreezedriedcandystore.com,Original Worm Puffs,,candy,34,shopify_shipping_weight,low,10.00,USD,294.12,402.94,yes,catalog_feed,https://thefreezedriedcandystore.com/products/original-worm-puffs,2026-08-05,
The Freeze Dried Candy Store,US,thefreezedriedcandystore.com,Taffy Tongue Bites,,candy,113,net_weight_declared,high,10.00,USD,88.50,121.24,yes,catalog_feed,https://thefreezedriedcandystore.com/products/taffy-tounges-bites,2026-08-05,
The Freeze Dried Candy Store,US,thefreezedriedcandystore.com,Salt Water Taffy,Blue Raspberry,candy,45,shopify_shipping_weight,low,10.00,USD,222.22,304.44,yes,catalog_feed,https://thefreezedriedcandystore.com/products/salt-water-taffy-selections,2026-08-05,
The Freeze Dried Candy Store,US,thefreezedriedcandystore.com,Salt Water Taffy,Watermelon,candy,45,shopify_shipping_weight,low,10.00,USD,222.22,304.44,yes,catalog_feed,https://thefreezedriedcandystore.com/products/salt-water-taffy-selections,2026-08-05,
The Freeze Dried Candy Store,US,thefreezedriedcandystore.com,Salt Water Taffy,Orange Cream,candy,45,shopify_shipping_weight,low,10.00,USD,222.22,304.44,yes,catalog_feed,https://thefreezedriedcandystore.com/products/salt-water-taffy-selections,2026-08-05,
The Freeze Dried Candy Store,US,thefreezedriedcandystore.com,Salt Water Taffy,Cotton Candy,candy,45,shopify_shipping_weight,low,10.00,USD,222.22,304.44,yes,catalog_feed,https://thefreezedriedcandystore.com/products/salt-water-taffy-selections,2026-08-05,
The Freeze Dried Candy Store,US,thefreezedriedcandystore.com,Salt Water Taffy,Frosted Cupcake,candy,45,shopify_shipping_weight,low,10.00,USD,222.22,304.44,yes,catalog_feed,https://thefreezedriedcandystore.com/products/salt-water-taffy-selections,2026-08-05,
The Freeze Dried Candy Store,US,thefreezedriedcandystore.com,Salt Water Taffy,Chocolate,candy,45,shopify_shipping_weight,low,10.00,USD,222.22,304.44,yes,catalog_feed,https://thefreezedriedcandystore.com/products/salt-water-taffy-selections,2026-08-05,
The Freeze Dried Candy Store,US,thefreezedriedcandystore.com,Salt Water Taffy,Root Beer Float,candy,45,shopify_shipping_weight,low,10.00,USD,222.22,304.44,yes,catalog_feed,https://thefreezedriedcandystore.com/products/salt-water-taffy-selections,2026-08-05,
The Freeze Dried Candy Store,US,thefreezedriedcandystore.com,Salt Water Taffy,Cinnamon,candy,45,shopify_shipping_weight,low,10.00,USD,222.22,304.44,yes,catalog_feed,https://thefreezedriedcandystore.com/products/salt-water-taffy-selections,2026-08-05,
The Freeze Dried Candy Store,US,thefreezedriedcandystore.com,Salt Water Taffy,PB&J,candy,45,shopify_shipping_weight,low,10.00,USD,222.22,304.44,yes,catalog_feed,https://thefreezedriedcandystore.com/products/salt-water-taffy-selections,2026-08-05,
The Freeze Dried Candy Store,US,thefreezedriedcandystore.com,Salt Water Taffy,Salty Pickle,candy,45,shopify_shipping_weight,low,10.00,USD,222.22,304.44,yes,catalog_feed,https://thefreezedriedcandystore.com/products/salt-water-taffy-selections,2026-08-05,
The Freeze Dried Candy Store,US,thefreezedriedcandystore.com,Salt Water Taffy,Buttered Popcorn,candy,45,shopify_shipping_weight,low,10.00,USD,222.22,304.44,yes,catalog_feed,https://thefreezedriedcandystore.com/products/salt-water-taffy-selections,2026-08-05,
The Freeze Dried Candy Store,US,thefreezedriedcandystore.com,Salt Water Taffy,Pina Colada,candy,45,shopify_shipping_weight,low,10.00,USD,222.22,304.44,yes,catalog_feed,https://thefreezedriedcandystore.com/products/salt-water-taffy-selections,2026-08-05,
The Freeze Dried Candy Store,US,thefreezedriedcandystore.com,Salt Water Taffy,Red Velvet,candy,45,shopify_shipping_weight,low,10.00,USD,222.22,304.44,yes,catalog_feed,https://thefreezedriedcandystore.com/products/salt-water-taffy-selections,2026-08-05,
The Freeze Dried Candy Store,US,thefreezedriedcandystore.com,Salt Water Taffy,Cherry,candy,45,shopify_shipping_weight,low,10.00,USD,222.22,304.44,yes,catalog_feed,https://thefreezedriedcandystore.com/products/salt-water-taffy-selections,2026-08-05,
The Freeze Dried Candy Store,US,thefreezedriedcandystore.com,Salt Water Taffy,Strawberry Cheesecake,candy,45,shopify_shipping_weight,low,10.00,USD,222.22,304.44,yes,catalog_feed,https://thefreezedriedcandystore.com/products/salt-water-taffy-selections,2026-08-05,
The Freeze Dried Candy Store,US,thefreezedriedcandystore.com,Salt Water Taffy,Strawberry,candy,45,shopify_shipping_weight,low,10.00,USD,222.22,304.44,yes,catalog_feed,https://thefreezedriedcandystore.com/products/salt-water-taffy-selections,2026-08-05,
The Freeze Dried Candy Store,US,thefreezedriedcandystore.com,Salt Water Taffy,Rocket Pop,candy,45,shopify_shipping_weight,low,10.00,USD,222.22,304.44,yes,catalog_feed,https://thefreezedriedcandystore.com/products/salt-water-taffy-selections,2026-08-05,
The Freeze Dried Candy Store,US,thefreezedriedcandystore.com,Salt Water Taffy,Buttered,candy,45,shopify_shipping_weight,low,10.00,USD,222.22,304.44,yes,catalog_feed,https://thefreezedriedcandystore.com/products/salt-water-taffy-selections,2026-08-05,
The Freeze Dried Candy Store,US,thefreezedriedcandystore.com,Salt Water Taffy,Peppermint,candy,45,shopify_shipping_weight,low,10.00,USD,222.22,304.44,yes,catalog_feed,https://thefreezedriedcandystore.com/products/salt-water-taffy-selections,2026-08-05,
The Freeze Dried Candy Store,US,thefreezedriedcandystore.com,Salt Water Taffy,Peaches and Cream,candy,45,shopify_shipping_weight,low,10.00,USD,222.22,304.44,yes,catalog_feed,https://thefreezedriedcandystore.com/products/salt-water-taffy-selections,2026-08-05,
The Freeze Dried Candy Store,US,thefreezedriedcandystore.com,Peach Rings,Peach,fruit,48,shopify_shipping_weight,low,10.00,USD,208.33,285.42,yes,catalog_feed,https://thefreezedriedcandystore.com/products/peach-rings,2026-08-05,
The Freeze Dried Candy Store,US,thefreezedriedcandystore.com,Peach Rings,Blue Raspberry,fruit,48,shopify_shipping_weight,low,10.00,USD,208.33,285.42,yes,catalog_feed,https://thefreezedriedcandystore.com/products/peach-rings,2026-08-05,
The Freeze Dried Candy Store,US,thefreezedriedcandystore.com,Peach Rings,Watermelon,fruit,48,shopify_shipping_weight,low,10.00,USD,208.33,285.42,yes,catalog_feed,https://thefreezedriedcandystore.com/products/peach-rings,2026-08-05,
The Freeze Dried Candy Store,US,thefreezedriedcandystore.com,Peach Rings,Green Apple,fruit,48,shopify_shipping_weight,low,10.00,USD,208.33,285.42,yes,catalog_feed,https://thefreezedriedcandystore.com/products/peach-rings,2026-08-05,
The Freeze Dried Candy Store,US,thefreezedriedcandystore.com,Peach Rings,Strawberry Banana,fruit,48,shopify_shipping_weight,low,10.00,USD,208.33,285.42,yes,catalog_feed,https://thefreezedriedcandystore.com/products/peach-rings,2026-08-05,
The Freeze Dried Candy Store,US,thefreezedriedcandystore.com,Candy Sliders,,candy,113,shopify_shipping_weight,low,10.00,USD,88.50,121.24,yes,catalog_feed,https://thefreezedriedcandystore.com/products/candy-sliders-1,2026-08-05,
The Freeze Dried Candy Store,US,thefreezedriedcandystore.com,Worm Puffs,,candy,34,shopify_shipping_weight,low,5.00,USD,147.06,201.47,yes,catalog_feed,https://thefreezedriedcandystore.com/products/worm-puffs,2026-08-05,
The Freeze Dried Candy Store,US,thefreezedriedcandystore.com,Chocolatey Fluff,,candy,65,shopify_shipping_weight,low,10.00,USD,153.85,210.77,yes,catalog_feed,https://thefreezedriedcandystore.com/products/chocolaty-fluff,2026-08-05,
The Freeze Dried Candy Store,US,thefreezedriedcandystore.com,Freeze Dried Watermelon Gummies,,candy,45,shopify_shipping_weight,low,10.00,USD,222.22,304.44,yes,catalog_feed,https://thefreezedriedcandystore.com/products/freeze-dried-watermelon-gummies,2026-08-05,
The Freeze Dried Candy Store,US,thefreezedriedcandystore.com,Freeze Dried Caramel Apple Pops,,candy,62,shopify_shipping_weight,low,10.00,USD,161.29,220.97,yes,catalog_feed,https://thefreezedriedcandystore.com/products/freeze-dried-caramel-apple-pops,2026-08-05,
The Freeze Dried Candy Store,US,thefreezedriedcandystore.com,Honey Taffy,,candy,48,shopify_shipping_weight,low,10.00,USD,208.33,285.42,yes,catalog_feed,https://thefreezedriedcandystore.com/products/honey-taffy,2026-08-05,
The Freeze Dried Candy Store,US,thefreezedriedcandystore.com,Marshmallows,Original,candy,23,shopify_shipping_weight,low,10.00,USD,434.78,595.65,yes,catalog_feed,https://thefreezedriedcandystore.com/products/marshmallows,2026-08-05,
The Freeze Dried Candy Store,US,thefreezedriedcandystore.com,Marshmallows,Fruity,candy,23,shopify_shipping_weight,low,10.00,USD,434.78,595.65,yes,catalog_feed,https://thefreezedriedcandystore.com/products/marshmallows,2026-08-05,
The Freeze Dried Candy Store,US,thefreezedriedcandystore.com,Caramel Chocolate Crunch,,candy,77,shopify_shipping_weight,low,10.00,USD,129.87,177.92,yes,catalog_feed,https://thefreezedriedcandystore.com/products/caramel-chocolate-crunch,2026-08-05,
The Freeze Dried Candy Store,US,thefreezedriedcandystore.com,Freeze Dried Super Puffs,,candy,34,shopify_shipping_weight,low,10.00,USD,294.12,402.94,yes,catalog_feed,https://thefreezedriedcandystore.com/products/freeze-dried-super-puffs,2026-08-05,
The Freeze Dried Candy Store,US,thefreezedriedcandystore.com,Mini Crunchers -3oz,Original,candy,85,product_title,high,10.00,USD,117.65,161.18,yes,catalog_feed,https://thefreezedriedcandystore.com/products/mini-crunchers,2026-08-05,
The Freeze Dried Candy Store,US,thefreezedriedcandystore.com,Mini Crunchers -3oz,FaveReds,candy,85,product_title,high,10.00,USD,117.65,161.18,yes,catalog_feed,https://thefreezedriedcandystore.com/products/mini-crunchers,2026-08-05,
The Freeze Dried Candy Store,US,thefreezedriedcandystore.com,Mini Crunchers -3oz,All Pink,candy,85,product_title,high,10.00,USD,117.65,161.18,yes,catalog_feed,https://thefreezedriedcandystore.com/products/mini-crunchers,2026-08-05,
The Freeze Dried Candy Store,US,thefreezedriedcandystore.com,Mini Crunchers -3oz,Sours,candy,85,product_title,high,10.00,USD,117.65,161.18,yes,catalog_feed,https://thefreezedriedcandystore.com/products/mini-crunchers,2026-08-05,
Valley Food Storage,US,valleyfoodstorage.com,Freeze Dried Blueberries,Single Bag,fruit,150,shopify_shipping_weight,low,18.00,USD,120.00,164.40,yes,catalog_feed,https://valleyfoodstorage.com/products/freeze-dried-blueberries,2026-08-05,
Valley Food Storage,US,valleyfoodstorage.com,Freeze Dried Blueberries,10 Bags + Bucket,fruit,150,shopify_shipping_weight,low,159.95,USD,,,yes,catalog_feed,https://valleyfoodstorage.com/products/freeze-dried-blueberries,2026-08-05,implausible_from_shipping_weight(1066)
Valley Food Storage,US,valleyfoodstorage.com,Freeze Dried Green Beans,Single Bag,vegetable,227,shopify_shipping_weight,low,12.95,USD,57.05,78.16,yes,catalog_feed,https://valleyfoodstorage.com/products/emergency-preparedness-freeze-dried-green-beans,2026-08-05,
Valley Food Storage,US,valleyfoodstorage.com,Freeze Dried Green Beans,10 Pack + Bucket,vegetable,2551,shopify_shipping_weight,low,129.95,USD,50.94,69.79,yes,catalog_feed,https://valleyfoodstorage.com/products/emergency-preparedness-freeze-dried-green-beans,2026-08-05,
Valley Food Storage,US,valleyfoodstorage.com,Fettuccine Alfredo,Single Pouch,meal,227,shopify_shipping_weight,low,20.95,USD,92.29,126.44,yes,catalog_feed,https://valleyfoodstorage.com/products/emergency-preparedness-fettuccine-alfredo,2026-08-05,
Valley Food Storage,US,valleyfoodstorage.com,Fettuccine Alfredo,10 Pack + Bucket,meal,4252,shopify_shipping_weight,low,202.95,USD,47.73,65.39,yes,catalog_feed,https://valleyfoodstorage.com/products/emergency-preparedness-fettuccine-alfredo,2026-08-05,
Valley Food Storage,US,valleyfoodstorage.com,Freeze Dried Bananas,,fruit,150,shopify_shipping_weight,low,18.00,USD,120.00,164.40,yes,catalog_feed,https://valleyfoodstorage.com/products/freeze-dried-bananas-copy,2026-08-05,
Valley Food Storage,US,valleyfoodstorage.com,Freeze Dried Sausage Crumbles (+$10),,meat,241,shopify_shipping_weight,low,28.00,USD,116.18,159.17,yes,catalog_feed,https://valleyfoodstorage.com/products/freeze-dried-sausage-crumbles-10,2026-08-05,
Valley Food Storage,US,valleyfoodstorage.com,Freeze Dried Apple Slices,,fruit,340,shopify_shipping_weight,low,18.00,USD,52.94,72.53,yes,catalog_feed,https://valleyfoodstorage.com/products/freeze-dried-apple-slices-10-pack-copy,2026-08-05,
Valley Food Storage,US,valleyfoodstorage.com,Freeze Dried Green Peas,,vegetable,249,shopify_shipping_weight,low,18.00,USD,72.29,99.04,yes,catalog_feed,https://valleyfoodstorage.com/products/freeze-dried-green-peas,2026-08-05,
Valley Food Storage,US,valleyfoodstorage.com,Freeze Dried Green Beans,Single Bag,vegetable,80,shopify_shipping_weight,low,16.99,USD,212.37,290.95,yes,catalog_feed,https://valleyfoodstorage.com/products/freeze-dried-green-beans,2026-08-05,
Valley Food Storage,US,valleyfoodstorage.com,Freeze Dried Green Beans,10 Pack + Bucket,vegetable,80,shopify_shipping_weight,low,149.95,USD,,,yes,catalog_feed,https://valleyfoodstorage.com/products/freeze-dried-green-beans,2026-08-05,implausible_from_shipping_weight(1874)
Valley Food Storage,US,valleyfoodstorage.com,Freeze Dried Sweet Corn,,vegetable,159,shopify_shipping_weight,low,18.00,USD,113.21,155.09,yes,catalog_feed,https://valleyfoodstorage.com/products/freeze-dried-sweet-corn,2026-08-05,
Valley Food Storage,US,valleyfoodstorage.com,Freeze Dried Strawberry Slices,,fruit,65,shopify_shipping_weight,low,18.00,USD,276.92,379.38,yes,catalog_feed,https://valleyfoodstorage.com/products/freeze-dried-strawberry-slices,2026-08-05,
Valley Food Storage,US,valleyfoodstorage.com,Freeze Dried Beef Crumbles (+$25),,meat,241,shopify_shipping_weight,low,43.00,USD,178.42,244.44,yes,catalog_feed,https://valleyfoodstorage.com/products/freeze-dried-beef-crumbles-25,2026-08-05,
Valley Food Storage,US,valleyfoodstorage.com,Freeze-Dried Chicken Dices (+$32),,meat,241,shopify_shipping_weight,low,50.00,USD,207.47,284.23,yes,catalog_feed,https://valleyfoodstorage.com/products/freeze-dried-chicken-dices-32,2026-08-05,
Valley Food Storage,US,valleyfoodstorage.com,Freeze Dried Beef Dices (+$38),,meat,241,shopify_shipping_weight,low,56.00,USD,232.37,318.34,yes,catalog_feed,https://valleyfoodstorage.com/products/freeze-dried-beef-dices-38,2026-08-05,
Valley Food Storage,US,valleyfoodstorage.com,Freeze Dried Potato Dices,Single Pouch,vegetable,181,shopify_shipping_weight,low,17.99,USD,99.39,136.17,yes,catalog_feed,https://valleyfoodstorage.com/products/freeze-dried-potato-dices,2026-08-05,
Valley Food Storage,US,valleyfoodstorage.com,Freeze Dried Potato Dices,10 Pack + Bucket,vegetable,181,shopify_shipping_weight,low,159.99,USD,,,yes,catalog_feed,https://valleyfoodstorage.com/products/freeze-dried-potato-dices,2026-08-05,implausible_from_shipping_weight(884)
Valley Food Storage,US,valleyfoodstorage.com,Italian Wild Risotto,,meal,354,shopify_shipping_weight,low,18.00,USD,50.85,69.66,yes,catalog_feed,https://valleyfoodstorage.com/products/italian-wild-risotto,2026-08-05,
Valley Food Storage,US,valleyfoodstorage.com,Honey Teriyaki,,other,301,shopify_shipping_weight,low,18.00,USD,59.80,81.93,yes,catalog_feed,https://valleyfoodstorage.com/products/honey-teriyaki,2026-08-05,
Valley Food Storage,US,valleyfoodstorage.com,Freeze Dried Shredded Cheddar Cheese,,dairy,269,shopify_shipping_weight,low,18.00,USD,66.91,91.67,yes,catalog_feed,https://valleyfoodstorage.com/products/freeze-dried-shredded-cheddar-cheese,2026-08-05,
Valley Food Storage,US,valleyfoodstorage.com,Powdered Whole Milk,,dairy,513,shopify_shipping_weight,low,18.00,USD,35.09,48.07,yes,catalog_feed,https://valleyfoodstorage.com/products/powdered-whole-milk,2026-08-05,
Valley Food Storage,US,valleyfoodstorage.com,Whole Powdered Eggs,Single Pouch,egg,227,shopify_shipping_weight,low,29.95,USD,131.94,180.76,yes,catalog_feed,https://valleyfoodstorage.com/products/powdered-eggs-whole-freeze-dried,2026-08-05,
Valley Food Storage,US,valleyfoodstorage.com,Whole Powdered Eggs,10 Pack + Bucket,egg,3402,shopify_shipping_weight,low,299.95,USD,88.17,120.79,yes,catalog_feed,https://valleyfoodstorage.com/products/powdered-eggs-whole-freeze-dried,2026-08-05,
Valley Food Storage,US,valleyfoodstorage.com,Premium Protein Bucket With Freeze-Dried Meat,,meat,3493,shopify_shipping_weight,low,269.95,USD,77.28,105.88,yes,catalog_feed,https://valleyfoodstorage.com/products/protein-bucket,2026-08-05,
Valley Food Storage,US,valleyfoodstorage.com,Premium Freeze-Dried Meat Bucket,Chicken/Beef/Sausage,meat,4173,shopify_shipping_weight,low,499.95,USD,119.81,164.13,yes,catalog_feed,https://valleyfoodstorage.com/products/freeze-dried-meat-bucket,2026-08-05,
Valley Food Storage,US,valleyfoodstorage.com,Premium Freeze-Dried Meat Bucket,Beef/Chicken,meat,4173,shopify_shipping_weight,low,534.95,USD,128.19,175.62,yes,catalog_feed,https://valleyfoodstorage.com/products/freeze-dried-meat-bucket,2026-08-05,
Valley Food Storage,US,valleyfoodstorage.com,Freeze-Dried Meat 6 Pack,,meat,3175,shopify_shipping_weight,low,249.95,USD,78.72,107.85,yes,catalog_feed,https://valleyfoodstorage.com/products/freeze-dried-meat-6-pack,2026-08-05,
Valley Food Storage,US,valleyfoodstorage.com,Freeze-Dried Meat 3 Pack,3 Pouch Pack,meat,3175,shopify_shipping_weight,low,129.95,USD,40.93,56.07,yes,catalog_feed,https://valleyfoodstorage.com/products/freeze-dried-meat-3-pack,2026-08-05,
Valley Food Storage,US,valleyfoodstorage.com,Freeze Dried Meat & Rice Bucket,,meat,,none,none,369.95,USD,,,yes,catalog_feed,https://valleyfoodstorage.com/products/meat-rice-bucket,2026-08-05,
Valley Food Storage,US,valleyfoodstorage.com,Essential Bundle,,other,18144,shopify_shipping_weight,low,758.57,USD,41.81,57.28,yes,catalog_feed,https://valleyfoodstorage.com/products/essential-bundle,2026-08-05,
Valley Food Storage,US,valleyfoodstorage.com,Freeze-Dried Chicken & Rice Bucket,,meat,2948,shopify_shipping_weight,low,299.95,USD,101.75,139.39,yes,catalog_feed,https://valleyfoodstorage.com/products/chicken-rice,2026-08-05,
Valley Food Storage,US,valleyfoodstorage.com,Irish Pub Cheddar Potato Soup,Single Pouch,dairy,227,shopify_shipping_weight,low,17.95,USD,79.07,108.33,yes,catalog_feed,https://valleyfoodstorage.com/products/emergency-preparedness-irish-pub-cheddar-potato-soup,2026-08-05,
Valley Food Storage,US,valleyfoodstorage.com,Irish Pub Cheddar Potato Soup,10 Pack + Bucket,dairy,4252,shopify_shipping_weight,low,174.95,USD,41.15,56.37,no,catalog_feed,https://valleyfoodstorage.com/products/emergency-preparedness-irish-pub-cheddar-potato-soup,2026-08-05,
Valley Food Storage,US,valleyfoodstorage.com,Bulk Freeze Dried Sweet Corn,10 Bags + Bucket,vegetable,2551,shopify_shipping_weight,low,129.95,USD,50.94,69.79,no,catalog_feed,https://valleyfoodstorage.com/products/bulk-freeze-dried-sweet-corn,2026-08-05,
Valley Food Storage,US,valleyfoodstorage.com,Powdered Whole Milk,Single Pouch,dairy,227,shopify_shipping_weight,low,17.95,USD,79.07,108.33,yes,catalog_feed,https://valleyfoodstorage.com/products/whole-powdered-milk,2026-08-05,
Valley Food Storage,US,valleyfoodstorage.com,Powdered Whole Milk,10 Pack + Bucket,dairy,4252,shopify_shipping_weight,low,179.95,USD,42.32,57.98,yes,catalog_feed,https://valleyfoodstorage.com/products/whole-powdered-milk,2026-08-05,
Valley Food Storage,US,valleyfoodstorage.com,Apple Cream of Wheat,Single Pouch,fruit,227,shopify_shipping_weight,low,19.95,USD,87.89,120.40,yes,catalog_feed,https://valleyfoodstorage.com/products/emergency-preparedness-apple-cream-of-wheat,2026-08-05,
Valley Food Storage,US,valleyfoodstorage.com,Apple Cream of Wheat,10 Pack + Bucket,fruit,4224,shopify_shipping_weight,low,199.95,USD,47.34,64.85,yes,catalog_feed,https://valleyfoodstorage.com/products/emergency-preparedness-apple-cream-of-wheat,2026-08-05,
Valley Food Storage,US,valleyfoodstorage.com,MultiGrain Dried Cereal,Single Pouch,meal,227,shopify_shipping_weight,low,17.95,USD,79.07,108.33,yes,catalog_feed,https://valleyfoodstorage.com/products/emergency-preparedness-multigrain-cereal,2026-08-05,
Valley Food Storage,US,valleyfoodstorage.com,MultiGrain Dried Cereal,10 Pack + Bucket,meal,4252,shopify_shipping_weight,low,179.95,USD,42.32,57.98,yes,catalog_feed,https://valleyfoodstorage.com/products/emergency-preparedness-multigrain-cereal,2026-08-05,
Valley Food Storage,US,valleyfoodstorage.com,Strawberry Oatmeal,Single Pouch,meal,227,shopify_shipping_weight,low,16.95,USD,74.67,102.30,yes,catalog_feed,https://valleyfoodstorage.com/products/emergency-preparedness-strawberry-oatmeal,2026-08-05,
Valley Food Storage,US,valleyfoodstorage.com,Strawberry Oatmeal,10 Pack + Bucket,meal,4252,shopify_shipping_weight,low,169.95,USD,39.97,54.76,yes,catalog_feed,https://valleyfoodstorage.com/products/emergency-preparedness-strawberry-oatmeal,2026-08-05,
Valley Food Storage,US,valleyfoodstorage.com,Apple Oatmeal,Single Pouch,meal,227,shopify_shipping_weight,low,15.95,USD,70.26,96.26,yes,catalog_feed,https://valleyfoodstorage.com/products/emergency-preparedness-apple-oatmeal,2026-08-05,
Valley Food Storage,US,valleyfoodstorage.com,Apple Oatmeal,10 Pack + Bucket,meal,3402,shopify_shipping_weight,low,159.95,USD,47.02,64.41,yes,catalog_feed,https://valleyfoodstorage.com/products/emergency-preparedness-apple-oatmeal,2026-08-05,
Valley Food Storage,US,valleyfoodstorage.com,Maple Brown Sugar Oatmeal,10 Pack + Bucket,meal,4252,shopify_shipping_weight,low,149.95,USD,35.27,48.31,yes,catalog_feed,https://valleyfoodstorage.com/products/maple-and-brown-sugar-oatmeal-25-year,2026-08-05,
Valley Food Storage,US,valleyfoodstorage.com,Maple Brown Sugar Oatmeal,Single Pouch,meal,113,shopify_shipping_weight,low,15.95,USD,141.15,193.38,yes,catalog_feed,https://valleyfoodstorage.com/products/maple-and-brown-sugar-oatmeal-25-year,2026-08-05,
Valley Food Storage,US,valleyfoodstorage.com,Sweet and Sour Asian Rice,Single Pouch,candy,227,shopify_shipping_weight,low,16.95,USD,74.67,102.30,yes,catalog_feed,https://valleyfoodstorage.com/products/emergency-preparedness-sweet-and-sour-asian-rice,2026-08-05,
Valley Food Storage,US,valleyfoodstorage.com,Sweet and Sour Asian Rice,10 Pack + Bucket,candy,4252,shopify_shipping_weight,low,169.95,USD,39.97,54.76,yes,catalog_feed,https://valleyfoodstorage.com/products/emergency-preparedness-sweet-and-sour-asian-rice,2026-08-05,
Valley Food Storage,US,valleyfoodstorage.com,White Bean and Lime Chili,Single Pouch,meal,227,shopify_shipping_weight,low,17.95,USD,79.07,108.33,yes,catalog_feed,https://valleyfoodstorage.com/products/emergency-preparedness-white-bean-and-lime-chili,2026-08-05,
Valley Food Storage,US,valleyfoodstorage.com,White Bean and Lime Chili,10 Pack + Bucket,meal,4252,shopify_shipping_weight,low,171.95,USD,40.44,55.40,yes,catalog_feed,https://valleyfoodstorage.com/products/emergency-preparedness-white-bean-and-lime-chili,2026-08-05,
Valley Food Storage,US,valleyfoodstorage.com,Italian Wild Risotto,Single Pouch,meal,227,shopify_shipping_weight,low,14.95,USD,65.86,90.23,yes,catalog_feed,https://valleyfoodstorage.com/products/emergency-preparedness-italian-wild-risotto,2026-08-05,
Valley Food Storage,US,valleyfoodstorage.com,Italian Wild Risotto,10 Pack + Bucket,meal,4252,shopify_shipping_weight,low,149.95,USD,35.27,48.31,yes,catalog_feed,https://valleyfoodstorage.com/products/emergency-preparedness-italian-wild-risotto,2026-08-05,
Valley Food Storage,US,valleyfoodstorage.com,Honey Teriyaki,Single Pouch,meal,227,shopify_shipping_weight,low,15.95,USD,70.26,96.26,yes,catalog_feed,https://valleyfoodstorage.com/products/emergency-preparedness-honey-teriyaki,2026-08-05,
Valley Food Storage,US,valleyfoodstorage.com,Honey Teriyaki,10 Pack + Bucket,meal,4252,shopify_shipping_weight,low,159.95,USD,37.62,51.54,yes,catalog_feed,https://valleyfoodstorage.com/products/emergency-preparedness-honey-teriyaki,2026-08-05,
Valley Food Storage,US,valleyfoodstorage.com,Pasta Primavera,Single Pouch,meal,227,shopify_shipping_weight,low,12.95,USD,57.05,78.16,yes,catalog_feed,https://valleyfoodstorage.com/products/emergency-preparedness-pasta-primavera,2026-08-05,
Valley Food Storage,US,valleyfoodstorage.com,Pasta Primavera,10 Pack + Bucket,meal,4252,shopify_shipping_weight,low,129.95,USD,30.56,41.87,yes,catalog_feed,https://valleyfoodstorage.com/products/emergency-preparedness-pasta-primavera,2026-08-05,
Valley Food Storage,US,valleyfoodstorage.com,Mango Habanero Chili,Singe Pouch,meal,4252,shopify_shipping_weight,low,16.95,USD,,,yes,catalog_feed,https://valleyfoodstorage.com/products/emergency-preparedness-mango-habanero-chili,2026-08-05,implausible_from_shipping_weight(4)
Valley Food Storage,US,valleyfoodstorage.com,Mango Habanero Chili,10 Pack + Bucket,meal,4252,shopify_shipping_weight,low,169.95,USD,39.97,54.76,yes,catalog_feed,https://valleyfoodstorage.com/products/emergency-preparedness-mango-habanero-chili,2026-08-05,
Valley Food Storage,US,valleyfoodstorage.com,Tomato Basil Soup,Single Pouch,meal,227,shopify_shipping_weight,low,17.99,USD,79.25,108.57,yes,catalog_feed,https://valleyfoodstorage.com/products/emergency-preparedness-tomato-basil-soup,2026-08-05,
Valley Food Storage,US,valleyfoodstorage.com,Tomato Basil Soup,10 Pack + Bucket,meal,3402,shopify_shipping_weight,low,139.95,USD,41.14,56.36,yes,catalog_feed,https://valleyfoodstorage.com/products/emergency-preparedness-tomato-basil-soup,2026-08-05,
Valley Food Storage,US,valleyfoodstorage.com,Mac and Cheese,Single Pouch,dairy,227,shopify_shipping_weight,low,29.95,USD,131.94,180.76,yes,catalog_feed,https://valleyfoodstorage.com/products/emergency-preparedness-mac-and-cheese,2026-08-05,
Valley Food Storage,US,valleyfoodstorage.com,Mac and Cheese,10 Pack + Bucket,dairy,4252,shopify_shipping_weight,low,299.95,USD,70.54,96.64,yes,catalog_feed,https://valleyfoodstorage.com/products/emergency-preparedness-mac-and-cheese,2026-08-05,
Valley Food Storage,US,valleyfoodstorage.com,Enchilada Beans and Rice,Single Pouch,vegetable,227,shopify_shipping_weight,low,19.95,USD,87.89,120.40,yes,catalog_feed,https://valleyfoodstorage.com/products/emergency-preparedness-enchilada-beans-and-rice,2026-08-05,
Valley Food Storage,US,valleyfoodstorage.com,Enchilada Beans and Rice,10 Pack + Bucket,vegetable,4252,shopify_shipping_weight,low,193.95,USD,45.61,62.49,yes,catalog_feed,https://valleyfoodstorage.com/products/emergency-preparedness-enchilada-beans-and-rice,2026-08-05,
Valley Food Storage,US,valleyfoodstorage.com,Strawberry Cream of Wheat,Single Pouch,fruit,227,shopify_shipping_weight,low,16.95,USD,74.67,102.30,yes,catalog_feed,https://valleyfoodstorage.com/products/emergency-preparedness-strawberry-cream-of-wheat,2026-08-05,
Valley Food Storage,US,valleyfoodstorage.com,Strawberry Cream of Wheat,10 Pack + Bucket,fruit,4252,shopify_shipping_weight,low,164.95,USD,38.79,53.15,yes,catalog_feed,https://valleyfoodstorage.com/products/emergency-preparedness-strawberry-cream-of-wheat,2026-08-05,
Valley Food Storage,US,valleyfoodstorage.com,Freeze Dried Apple Slices,Single Bag,fruit,340,shopify_shipping_weight,low,15.99,USD,47.03,64.43,yes,catalog_feed,https://valleyfoodstorage.com/products/emergency-preparedness-freeze-dried-apples,2026-08-05,
Valley Food Storage,US,valleyfoodstorage.com,Freeze Dried Apple Slices,10 Pack + Bucket,fruit,3402,shopify_shipping_weight,low,139.95,USD,41.14,56.36,yes,catalog_feed,https://valleyfoodstorage.com/products/emergency-preparedness-freeze-dried-apples,2026-08-05,
Valley Food Storage,US,valleyfoodstorage.com,Freeze Dried Green Peas,Single Bag,vegetable,255,shopify_shipping_weight,low,17.99,USD,70.55,96.65,yes,catalog_feed,https://valleyfoodstorage.com/products/emergency-preparedness-freeze-dried-peas,2026-08-05,
Valley Food Storage,US,valleyfoodstorage.com,Freeze Dried Green Peas,10 Pack + Bucket,vegetable,2551,shopify_shipping_weight,low,169.95,USD,66.62,91.27,yes,catalog_feed,https://valleyfoodstorage.com/products/emergency-preparedness-freeze-dried-peas,2026-08-05,
Valley Food Storage,US,valleyfoodstorage.com,Freeze-Dried Beef & Rice Bucket,,meat,2948,shopify_shipping_weight,low,374.95,USD,127.19,174.25,yes,catalog_feed,https://valleyfoodstorage.com/products/beef-rice,2026-08-05,
Valley Food Storage,US,valleyfoodstorage.com,Freeze Dried Shredded Cheddar Cheese,Single Pouch,dairy,227,shopify_shipping_weight,low,19.95,USD,87.89,120.40,yes,catalog_feed,https://valleyfoodstorage.com/products/emergency-preparedness-freeze-dried-shredded-cheddar-cheese,2026-08-05,
Valley Food Storage,US,valleyfoodstorage.com,Freeze Dried Shredded Cheddar Cheese,10 Pack + Bucket,dairy,4252,shopify_shipping_weight,low,199.95,USD,47.02,64.42,yes,catalog_feed,https://valleyfoodstorage.com/products/emergency-preparedness-freeze-dried-shredded-cheddar-cheese,2026-08-05,
Valley Food Storage,US,valleyfoodstorage.com,Freeze Dried Sweet Corn,Single Pouch,vegetable,2551,shopify_shipping_weight,low,17.99,USD,,,yes,catalog_feed,https://valleyfoodstorage.com/products/emergency-preparedness-freeze-dried-sweet-corn,2026-08-05,implausible_from_shipping_weight(7)
Valley Food Storage,US,valleyfoodstorage.com,Freeze Dried Sweet Corn,10 Pack + Bucket,vegetable,2551,shopify_shipping_weight,low,149.95,USD,58.78,80.53,yes,catalog_feed,https://valleyfoodstorage.com/products/emergency-preparedness-freeze-dried-sweet-corn,2026-08-05,
Valley Food Storage,US,valleyfoodstorage.com,Freeze Dried Sausage Crumbles,Single Bag,meat,397,shopify_shipping_weight,low,29.99,USD,75.54,103.49,yes,catalog_feed,https://valleyfoodstorage.com/products/freeze-dried-sausage-crumbles,2026-08-05,
Valley Food Storage,US,valleyfoodstorage.com,Freeze Dried Sausage Crumbles,10 Pack + Bucket,meat,4252,shopify_shipping_weight,low,299.95,USD,70.54,96.64,yes,catalog_feed,https://valleyfoodstorage.com/products/freeze-dried-sausage-crumbles,2026-08-05,
Valley Food Storage,US,valleyfoodstorage.com,Freeze Dried Strawberry Slices,Single Bag,fruit,255,shopify_shipping_weight,low,17.99,USD,70.55,96.65,yes,catalog_feed,https://valleyfoodstorage.com/products/emergency-preparedness-freeze-dried-strawberries,2026-08-05,
Valley Food Storage,US,valleyfoodstorage.com,Freeze Dried Strawberry Slices,10 Pack + Bucket,fruit,2551,shopify_shipping_weight,low,159.95,USD,62.70,85.90,yes,catalog_feed,https://valleyfoodstorage.com/products/emergency-preparedness-freeze-dried-strawberries,2026-08-05,
Valley Food Storage,US,valleyfoodstorage.com,Freeze Dried Potato Dices,,vegetable,181,shopify_shipping_weight,low,18.00,USD,99.45,136.24,yes,catalog_feed,https://valleyfoodstorage.com/products/emergency-preparedness-freeze-dried-potato-dices,2026-08-05,
Valley Food Storage,US,valleyfoodstorage.com,Freeze Dried Bananas,Single Bag,fruit,255,shopify_shipping_weight,low,16.99,USD,66.63,91.28,yes,catalog_feed,https://valleyfoodstorage.com/products/emergency-preparedness-freeze-dried-bananas,2026-08-05,
Valley Food Storage,US,valleyfoodstorage.com,Freeze Dried Bananas,10 Pack + Bucket,fruit,2551,shopify_shipping_weight,low,149.95,USD,58.78,80.53,yes,catalog_feed,https://valleyfoodstorage.com/products/emergency-preparedness-freeze-dried-bananas,2026-08-05,
Valley Food Storage,US,valleyfoodstorage.com,Freeze Dried Vegetables Bucket,,vegetable,4536,net_weight_declared,high,179.95,USD,39.67,54.35,yes,catalog_feed,https://valleyfoodstorage.com/products/freeze-dried-vegetable-bucket,2026-08-05,
Valley Food Storage,US,valleyfoodstorage.com,Freeze Dried Fruit & Vegetable Bucket,,fruit,3629,net_weight_declared,high,184.95,USD,50.96,69.82,yes,catalog_feed,https://valleyfoodstorage.com/products/freeze-dried-fruit-vegetable-bucket,2026-08-05,
Valley Food Storage,US,valleyfoodstorage.com,Entrée Bucket,,meal,5262,shopify_shipping_weight,low,199.95,USD,38.00,52.06,yes,catalog_feed,https://valleyfoodstorage.com/products/entree-bucket,2026-08-05,
Valley Food Storage,US,valleyfoodstorage.com,Freeze Dried Fruit Bucket,,fruit,2722,net_weight_declared,high,199.95,USD,73.46,100.64,yes,catalog_feed,https://valleyfoodstorage.com/products/freeze-dried-fruit-bucket,2026-08-05,
Yum Yum Candy Shop,US,yumyumcandyshop.com,Freeze Dried Candy Trio Pack,,candy,,none,none,26.00,USD,,,yes,catalog_feed,https://yumyumcandyshop.com/products/freeze-dried-candy-trio-pack,2026-08-05,
Yum Yum Candy Shop,US,yumyumcandyshop.com,Freeze Dried Jalapeño’s,,other,85,shopify_shipping_weight,low,22.00,USD,258.82,354.59,yes,catalog_feed,https://yumyumcandyshop.com/products/freeze-dried-jalapenos,2026-08-05,
Yum Yum Candy Shop,US,yumyumcandyshop.com,Freeze Dried Ranch Corn,,vegetable,142,shopify_shipping_weight,low,12.00,USD,84.51,115.77,yes,catalog_feed,https://yumyumcandyshop.com/products/freeze-dried-corn,2026-08-05,
Yum Yum Candy Shop,US,yumyumcandyshop.com,Freeze Dried Salt Water Taffy Mix,,candy,227,shopify_shipping_weight,low,18.00,USD,79.30,108.63,yes,catalog_feed,https://yumyumcandyshop.com/products/freeze-dried-salt-water-taffy,2026-08-05,
Yum Yum Candy Shop,US,yumyumcandyshop.com,Freeze Dried Cinnamon Hotties,6oz Bag,candy,170,variant_title,high,13.00,USD,76.47,104.76,yes,catalog_feed,https://yumyumcandyshop.com/products/freeze-dried-cinnamon-hotties,2026-08-05,
Yum Yum Candy Shop,US,yumyumcandyshop.com,Freeze Dried Cinnamon Hotties,1lb Bag,candy,454,variant_title,high,32.00,USD,70.48,96.56,yes,catalog_feed,https://yumyumcandyshop.com/products/freeze-dried-cinnamon-hotties,2026-08-05,
Yum Yum Candy Shop,US,yumyumcandyshop.com,Freeze Dried Itty Bitties,,other,198,shopify_shipping_weight,low,10.00,USD,50.51,69.19,yes,catalog_feed,https://yumyumcandyshop.com/products/freeze-dried-itty-bitties,2026-08-05,
Yum Yum Candy Shop,US,yumyumcandyshop.com,Freeze Dried Lemon Balls,Big Lemon Balls,fruit,510,shopify_shipping_weight,low,29.00,USD,56.86,77.90,yes,catalog_feed,https://yumyumcandyshop.com/products/freeze-dried-lemon-balls,2026-08-05,
Yum Yum Candy Shop,US,yumyumcandyshop.com,Freeze Dried Lemon Balls,Little Lemon Balls,fruit,198,shopify_shipping_weight,low,13.00,USD,65.66,89.95,yes,catalog_feed,https://yumyumcandyshop.com/products/freeze-dried-lemon-balls,2026-08-05,
Yum Yum Candy Shop,US,yumyumcandyshop.com,Freeze Dried Rainbow Krunchies,6 oz,candy,170,variant_title,high,10.00,USD,58.82,80.59,yes,catalog_feed,https://yumyumcandyshop.com/products/freeze-dried-rainbow-krunchies,2026-08-05,
Yum Yum Candy Shop,US,yumyumcandyshop.com,Freeze Dried Rainbow Krunchies,1 lb,candy,454,variant_title,high,22.00,USD,48.46,66.39,yes,catalog_feed,https://yumyumcandyshop.com/products/freeze-dried-rainbow-krunchies,2026-08-05,
Zyo,CA,zyo.ca,Freeze Dry Strawberry - pieces,1 Kg,fruit,1000,variant_title,high,99.00,CAD,99.00,99.00,yes,catalog_feed,https://zyo.ca/products/copie-de-freeze-dry-strawberry-sliced,2026-08-05,
Zyo,CA,zyo.ca,Freeze Dry Blueberry - pieces,1 Kg,fruit,1000,variant_title,high,99.00,CAD,99.00,99.00,no,catalog_feed,https://zyo.ca/products/copie-de-freeze-dry-blueberry-whole-1,2026-08-05,
Zyo,CA,zyo.ca,Freeze Dry Raspberry - pieces,1 Kg,fruit,1000,variant_title,high,125.00,CAD,125.00,125.00,yes,catalog_feed,https://zyo.ca/products/copie-de-freeze-dry-raspberry-whole-1,2026-08-05,
Zyo,CA,zyo.ca,Freeze Dry Raspberry powder,75g,fruit,75,variant_title,high,14.99,CAD,199.87,199.87,yes,catalog_feed,https://zyo.ca/products/copie-de-freeze-dry-raspberry-whole,2026-08-05,
Zyo,CA,zyo.ca,Freeze Dry Raspberry powder,1 Kg,fruit,1000,variant_title,high,119.00,CAD,119.00,119.00,yes,catalog_feed,https://zyo.ca/products/copie-de-freeze-dry-raspberry-whole,2026-08-05,
Zyo,CA,zyo.ca,Freeze Dry Strawberry Powder,75g,fruit,75,variant_title,high,12.99,CAD,173.20,173.20,no,catalog_feed,https://zyo.ca/products/freeze-dried-banana,2026-08-05,
Zyo,CA,zyo.ca,Freeze Dry Strawberry Powder,1kg,fruit,1000,variant_title,high,85.00,CAD,85.00,85.00,no,catalog_feed,https://zyo.ca/products/freeze-dried-banana,2026-08-05,
Zyo,CA,zyo.ca,Freeze Dry Peach Powder,75g,fruit,75,variant_title,high,12.99,CAD,173.20,173.20,no,catalog_feed,https://zyo.ca/products/freeze-dried-peach,2026-08-05,
Zyo,CA,zyo.ca,Freeze Dry Peach Powder,1Kg,fruit,1000,variant_title,high,79.00,CAD,79.00,79.00,no,catalog_feed,https://zyo.ca/products/freeze-dried-peach,2026-08-05,
Zyo,CA,zyo.ca,Freeze Dry Pineapple Powder,75g,fruit,75,variant_title,high,12.99,CAD,173.20,173.20,yes,catalog_feed,https://zyo.ca/products/freeze-dried-pineapple,2026-08-05,
Zyo,CA,zyo.ca,Freeze Dry Pineapple Powder,1Kg,fruit,1000,variant_title,high,67.00,CAD,67.00,67.00,yes,catalog_feed,https://zyo.ca/products/freeze-dried-pineapple,2026-08-05,
Zyo,CA,zyo.ca,Freeze Dry Mango Powder,75g,fruit,75,variant_title,high,12.99,CAD,173.20,173.20,yes,catalog_feed,https://zyo.ca/products/freeze-dried-mango,2026-08-05,
Zyo,CA,zyo.ca,Freeze Dry Mango Powder,1kg,fruit,1000,variant_title,high,69.00,CAD,69.00,69.00,yes,catalog_feed,https://zyo.ca/products/freeze-dried-mango,2026-08-05,
Zyo,CA,zyo.ca,Freeze Dry Raspberry - Whole,25g,fruit,25,variant_title,high,5.99,CAD,239.60,239.60,yes,catalog_feed,https://zyo.ca/products/freeze-dried-raspberry,2026-08-05,
Zyo,CA,zyo.ca,Freeze Dry Raspberry - Whole,1KG,fruit,1000,variant_title,high,125.00,CAD,125.00,125.00,yes,catalog_feed,https://zyo.ca/products/freeze-dried-raspberry,2026-08-05,
Zyo,CA,zyo.ca,Freeze Dry Blueberry - Whole,28g,fruit,28,variant_title,high,3.99,CAD,142.50,142.50,no,catalog_feed,https://zyo.ca/products/freeze-dried-blueberry,2026-08-05,
Zyo,CA,zyo.ca,Freeze Dry Blueberry - Whole,1 Kg,fruit,1000,variant_title,high,99.00,CAD,99.00,99.00,no,catalog_feed,https://zyo.ca/products/freeze-dried-blueberry,2026-08-05,
Zyo,CA,zyo.ca,Freeze Dry Strawberry - Sliced,20g,fruit,20,variant_title,high,4.99,CAD,249.50,249.50,yes,catalog_feed,https://zyo.ca/products/freeze-dried-strawberry,2026-08-05,
Zyo,CA,zyo.ca,Freeze Dry Strawberry - Sliced,1 KG,fruit,1000,variant_title,high,99.00,CAD,99.00,99.00,yes,catalog_feed,https://zyo.ca/products/freeze-dried-strawberry,2026-08-05,
Zyo,CA,zyo.ca,Pink Pitaya,75g,other,75,variant_title,high,12.99,CAD,173.20,173.20,no,catalog_feed,https://zyo.ca/products/pink-pitaya,2026-08-05,
Zyo,CA,zyo.ca,Pink Pitaya,1kg,other,1000,variant_title,high,85.00,CAD,85.00,85.00,no,catalog_feed,https://zyo.ca/products/pink-pitaya,2026-08-05,
Supreme Freeze Dry,CA,supremefreezedry.com,Freeze Dried Beets Powder,5 LBS,powder,2268,product_title,high,255.75,USD,112.76,154.49,yes,manual,https://supremefreezedry.com/shop/,2026-08-05,Bulk pack. Merchant is in Coquitlam BC but prices in USD.
Supreme Freeze Dry,CA,supremefreezedry.com,Freeze Dried Blackberries,4 LBS,fruit,1814,product_title,high,175.20,USD,96.58,132.32,yes,manual,https://supremefreezedry.com/shop/,2026-08-05,Bulk pack.
Supreme Freeze Dry,CA,supremefreezedry.com,Freeze Dried Blackberry Powder,5 LBS,powder,2268,product_title,high,219.00,USD,96.56,132.29,yes,manual,https://supremefreezedry.com/shop/,2026-08-05,Bulk pack.
Supreme Freeze Dry,CA,supremefreezedry.com,Freeze Dried Blueberries,8 LBS,fruit,3629,product_title,high,289.99,USD,79.91,109.48,yes,manual,https://supremefreezedry.com/shop/,2026-08-05,Bulk pack.
Supreme Freeze Dry,CA,supremefreezedry.com,Freeze Dried Blueberry Powder,5 LBS,powder,2268,product_title,high,174.99,USD,77.16,105.70,yes,manual,https://supremefreezedry.com/shop/,2026-08-05,Bulk pack.
Supreme Freeze Dry,CA,supremefreezedry.com,Freeze Dried Blueberry Yogurt Bites,,yogurt,,none,none,8.99,USD,,,yes,manual,https://supremefreezedry.com/shop/,2026-08-05,No net weight published on the shop listing.
Supreme Freeze Dry,CA,supremefreezedry.com,Freeze Dried Cranberries,8 LBS,fruit,3629,product_title,high,183.20,USD,50.48,69.16,yes,manual,https://supremefreezedry.com/shop/page/2/,2026-08-05,Bulk pack.
Supreme Freeze Dry,CA,supremefreezedry.com,Freeze Dried Cranberry Powder,5 LBS,powder,2268,product_title,high,114.50,USD,50.49,69.16,yes,manual,https://supremefreezedry.com/shop/page/2/,2026-08-05,Bulk pack.
Supreme Freeze Dry,CA,supremefreezedry.com,Freeze Dried Kale Powder,5 LBS,powder,2268,product_title,high,275.00,USD,121.25,166.12,yes,manual,https://supremefreezedry.com/shop/page/2/,2026-08-05,Bulk pack.
Supreme Freeze Dry,CA,supremefreezedry.com,Freeze Dried Pumpkin Powder,5 LBS,powder,2268,product_title,high,107.25,USD,47.29,64.79,yes,manual,https://supremefreezedry.com/shop/page/2/,2026-08-05,Bulk pack.
Supreme Freeze Dry,CA,supremefreezedry.com,Freeze Dried Raspberries,4 LBS,fruit,1814,product_title,high,211.20,USD,116.43,159.51,yes,manual,https://supremefreezedry.com/shop/page/2/,2026-08-05,Bulk pack.
Supreme Freeze Dry,CA,supremefreezedry.com,Freeze Dried Raspberry Powder,5 LBS,powder,2268,product_title,high,246.00,USD,108.47,148.60,yes,manual,https://supremefreezedry.com/shop/page/2/,2026-08-05,Bulk pack.
Supreme Freeze Dry,CA,supremefreezedry.com,Freeze Dried Spinach Powder,5 LBS,powder,2268,product_title,high,330.00,USD,145.50,199.34,yes,manual,https://supremefreezedry.com/shop/page/3/,2026-08-05,Bulk pack.
Supreme Freeze Dry,CA,supremefreezedry.com,Freeze Dried Strawberries,4 LBS,fruit,1814,product_title,high,191.60,USD,105.62,144.70,yes,manual,https://supremefreezedry.com/shop/page/3/,2026-08-05,Bulk pack.
Supreme Freeze Dry,CA,supremefreezedry.com,Freeze Dried Strawberry Dice,4 LBS,fruit,1814,product_title,high,191.60,USD,105.62,144.70,yes,manual,https://supremefreezedry.com/shop/page/3/,2026-08-05,Bulk pack.
Supreme Freeze Dry,CA,supremefreezedry.com,Freeze Dried Strawberry Powder,5 LBS,powder,2268,product_title,high,239.50,USD,105.60,144.67,yes,manual,https://supremefreezedry.com/shop/page/3/,2026-08-05,Bulk pack.
Supreme Freeze Dry,CA,supremefreezedry.com,Freeze Dried Strawberry Yogurt Bites,,yogurt,,none,none,8.99,USD,,,yes,manual,https://supremefreezedry.com/shop/page/3/,2026-08-05,No net weight published on the shop listing.
Supreme Freeze Dry,CA,supremefreezedry.com,Variety Mix 6-Pack Bundle,,other,,none,none,44.99,USD,,,yes,manual,https://supremefreezedry.com/shop/page/3/,2026-08-05,Bundle; contents weight not published.